CREATE DATABASE  IF NOT EXISTS `sinca` /*!40100 DEFAULT CHARACTER SET utf8 */;
USE `sinca`;
-- MySQL dump 10.13  Distrib 5.5.16, for Win32 (x86)
--
-- Host: 192.168.1.239    Database: sinca
-- ------------------------------------------------------
-- Server version	5.5.27

/*!40101 SET @OLD_CHARACTER_SET_CLIENT=@@CHARACTER_SET_CLIENT */;
/*!40101 SET @OLD_CHARACTER_SET_RESULTS=@@CHARACTER_SET_RESULTS */;
/*!40101 SET @OLD_COLLATION_CONNECTION=@@COLLATION_CONNECTION */;
/*!40101 SET NAMES utf8 */;
/*!40103 SET @OLD_TIME_ZONE=@@TIME_ZONE */;
/*!40103 SET TIME_ZONE='+00:00' */;
/*!40014 SET @OLD_UNIQUE_CHECKS=@@UNIQUE_CHECKS, UNIQUE_CHECKS=0 */;
/*!40014 SET @OLD_FOREIGN_KEY_CHECKS=@@FOREIGN_KEY_CHECKS, FOREIGN_KEY_CHECKS=0 */;
/*!40101 SET @OLD_SQL_MODE=@@SQL_MODE, SQL_MODE='NO_AUTO_VALUE_ON_ZERO' */;
/*!40111 SET @OLD_SQL_NOTES=@@SQL_NOTES, SQL_NOTES=0 */;

--
-- Table structure for table `accionlog`
--

DROP TABLE IF EXISTS `accionlog`;
/*!40101 SET @saved_cs_client     = @@character_set_client */;
/*!40101 SET character_set_client = utf8 */;
CREATE TABLE `accionlog` (
  `Id` int(11) NOT NULL AUTO_INCREMENT,
  `Nombre` varchar(45) NOT NULL,
  PRIMARY KEY (`Id`)
) ENGINE=InnoDB AUTO_INCREMENT=11 DEFAULT CHARSET=utf8;
/*!40101 SET character_set_client = @saved_cs_client */;

--
-- Dumping data for table `accionlog`
--

LOCK TABLES `accionlog` WRITE;
/*!40000 ALTER TABLE `accionlog` DISABLE KEYS */;
INSERT INTO `accionlog` VALUES (1,'Inicio de Sesion'),(2,'Declarar Apertura'),(3,'Declarar Llamadas'),(4,'Declarar Deposito'),(5,'Salida Almuerzo'),(6,'Regreso Almuerzo'),(7,'Cierre de Sesion'),(8,'Declarar Cierre'),(9,'Inicio Jornada'),(10,'Fin Jornada');
/*!40000 ALTER TABLE `accionlog` ENABLE KEYS */;
UNLOCK TABLES;

--
-- Table structure for table `balance`
--

DROP TABLE IF EXISTS `balance`;
/*!40101 SET @saved_cs_client     = @@character_set_client */;
/*!40101 SET character_set_client = utf8 */;
CREATE TABLE `balance` (
  `Id` int(11) NOT NULL AUTO_INCREMENT,
  `Fecha` date NOT NULL,
  `SaldoApMov` decimal(15,2) NOT NULL,
  `SaldoApClaro` decimal(15,2) NOT NULL,
  `SaldoCierreMov` decimal(15,2) DEFAULT NULL,
  `SaldoCierreClaro` decimal(15,2) DEFAULT NULL,
  `FijoLocal` decimal(15,2) DEFAULT NULL,
  `FijoProvincia` decimal(15,2) DEFAULT NULL,
  `FijoLima` decimal(15,2) DEFAULT NULL,
  `Rural` decimal(15,2) DEFAULT NULL,
  `Celular` decimal(15,2) DEFAULT NULL,
  `LDI` decimal(15,2) DEFAULT NULL,
  `RecargaCelularMov` decimal(15,2) DEFAULT NULL,
  `RecargaFonoYaMov` decimal(15,2) DEFAULT NULL,
  `RecargaCelularClaro` decimal(15,2) DEFAULT NULL,
  `RecargaFonoClaro` decimal(15,2) DEFAULT NULL,
  `OtrosServicios` decimal(15,2) DEFAULT NULL,
  `MontoDeposito` decimal(15,2) DEFAULT NULL,
  `NumRefDeposito` varchar(45) DEFAULT NULL,
  `MontoBanco` decimal(15,2) DEFAULT NULL,
  `ConciliacionBancaria` decimal(15,2) DEFAULT NULL,
  `DiferencialBancario` decimal(15,2) DEFAULT NULL,
  `FechaIngresoLlamadas` datetime DEFAULT NULL,
  `FechaIngresoDeposito` datetime DEFAULT NULL,
  `TraficoCapturaDollar` decimal(15,2) DEFAULT NULL,
  `RecargaVentasMov` decimal(15,2) DEFAULT NULL,
  `RecargaVentasClaro` decimal(15,2) DEFAULT NULL,
  `FechaDep` date DEFAULT NULL,
  `HoraDep` time DEFAULT NULL,
  `Depositante` varchar(45) DEFAULT NULL,
  `TiempoCierre` int(11) DEFAULT '0',
  `CABINA_Id` int(11) DEFAULT NULL,
  `PARIDAD_Id` int(11) DEFAULT NULL,
  `RECARGAS_Id` int(11) DEFAULT NULL,
  `Acumulado` decimal(15,2) DEFAULT NULL,
  `MinutosCaptura` decimal(15,2) DEFAULT NULL,
  `SobranteAcum` decimal(15,2) DEFAULT NULL,
  `CUENTA_Id` int(11) DEFAULT NULL,
  PRIMARY KEY (`Id`),
  KEY `fk_BALANCE_CABINA1_idx` (`CABINA_Id`),
  KEY `fk_BALANCE_PARIDAD1_idx` (`PARIDAD_Id`),
  KEY `fk_BALANCE_RECARGAS1_idx` (`RECARGAS_Id`),
  KEY `fk_BALANCE_CUENTA1_idx` (`CUENTA_Id`),
  CONSTRAINT `fk_BALANCE_CUENTA1` FOREIGN KEY (`CUENTA_Id`) REFERENCES `cuenta` (`Id`) ON DELETE NO ACTION ON UPDATE NO ACTION,
  CONSTRAINT `fk_BALANCE_CABINA1` FOREIGN KEY (`CABINA_Id`) REFERENCES `cabina` (`Id`) ON DELETE NO ACTION ON UPDATE NO ACTION,
  CONSTRAINT `fk_BALANCE_PARIDAD1` FOREIGN KEY (`PARIDAD_Id`) REFERENCES `paridad` (`Id`) ON DELETE NO ACTION ON UPDATE NO ACTION,
  CONSTRAINT `fk_BALANCE_RECARGAS1` FOREIGN KEY (`RECARGAS_Id`) REFERENCES `recargas` (`id`) ON DELETE NO ACTION ON UPDATE NO ACTION
) ENGINE=InnoDB AUTO_INCREMENT=1111 DEFAULT CHARSET=utf8;
/*!40101 SET character_set_client = @saved_cs_client */;

--
-- Dumping data for table `balance`
--

LOCK TABLES `balance` WRITE;
/*!40000 ALTER TABLE `balance` DISABLE KEYS */;
INSERT INTO `balance` VALUES (1,'2013-05-21',-1.00,-1.00,NULL,NULL,NULL,NULL,NULL,NULL,NULL,NULL,NULL,NULL,NULL,NULL,1.00,NULL,NULL,NULL,NULL,NULL,NULL,NULL,NULL,NULL,NULL,NULL,NULL,NULL,0,1,1,NULL,NULL,NULL,NULL,NULL),(114,'2013-03-08',123.20,155.80,444.00,555.00,1.00,1.00,1.00,1.00,1.00,1.00,1.00,1.00,1.00,1.00,1.00,100.00,'1111111111111111111',100.00,-86.00,-1783.50,'2013-03-10 14:58:34','2013-03-10 14:58:53',1.00,20.00,20.00,NULL,NULL,'jorge',NULL,4,1,NULL,NULL,NULL,NULL,NULL),(115,'2013-03-07',122.50,187.00,444.00,0.00,1.00,1.00,1.00,1.00,1.00,1.00,1.00,1.00,1.00,1.00,1.00,100.00,'122-4184888-11656-15010005',100.00,0.00,100.00,'2013-03-14 17:05:17','2013-03-14 16:19:56',1.00,20.00,20.00,'0000-00-00','08:00:00','3123213',30,4,1,NULL,NULL,NULL,NULL,NULL),(116,'2013-03-08',888.00,24.00,NULL,NULL,1000.00,6.40,0.00,0.00,0.00,0.00,245.00,0.00,272.00,0.00,0.00,NULL,'5615616dwe',NULL,-1461.00,-1423.40,'2013-03-10 15:01:08','2013-03-10 15:01:24',NULL,118.00,138.00,NULL,NULL,NULL,NULL,2,1,NULL,NULL,NULL,NULL,NULL),(117,'2013-03-09',123.20,187.00,NULL,NULL,1.00,1.00,1.00,1.00,1.00,1.00,1.00,1.00,1.00,1.00,1.00,100.00,NULL,100.00,-55.00,45.00,NULL,NULL,1.00,20.00,20.00,NULL,NULL,NULL,NULL,4,1,NULL,NULL,NULL,NULL,NULL),(118,'2013-03-12',123.00,2515.61,245.23,345.15,125.54,253.54,55.44,123.00,1225.41,123.50,245.32,0.00,287.48,0.00,57.41,NULL,'122-4184888-11656-15010005',NULL,NULL,NULL,'2013-03-12 10:58:33','2013-03-12 11:00:06',NULL,82.00,40.00,NULL,NULL,'Pablo',NULL,4,1,NULL,NULL,NULL,NULL,NULL),(119,'2013-03-13',123.00,2515.61,NULL,NULL,NULL,NULL,NULL,NULL,NULL,NULL,NULL,NULL,NULL,NULL,NULL,NULL,'122-4184888-11656-15010005',10.00,-90.00,10.00,NULL,'2013-03-19 11:02:12',NULL,165.00,118.00,'2013-03-13','13:00:00','Pablo',NULL,4,1,NULL,NULL,NULL,NULL,NULL),(123,'2013-03-14',123.00,545.00,NULL,NULL,NULL,NULL,NULL,NULL,NULL,NULL,NULL,NULL,NULL,NULL,NULL,NULL,NULL,NULL,NULL,NULL,NULL,NULL,NULL,58.00,25.00,NULL,NULL,'Pablo',NULL,4,1,NULL,NULL,NULL,NULL,NULL),(124,'2013-03-19',1212.00,54.00,NULL,NULL,111.00,111.00,222.00,222.00,1225.41,0.00,12.00,0.00,287.48,23.00,57.41,NULL,NULL,NULL,NULL,NULL,'2013-03-19 19:36:24',NULL,NULL,NULL,NULL,NULL,NULL,NULL,0,4,1,NULL,NULL,NULL,NULL,NULL),(125,'0000-00-00',123.00,545.00,NULL,NULL,NULL,NULL,NULL,NULL,NULL,NULL,NULL,NULL,NULL,NULL,NULL,NULL,NULL,NULL,NULL,NULL,NULL,NULL,NULL,NULL,NULL,NULL,NULL,NULL,0,4,1,NULL,NULL,NULL,NULL,NULL),(126,'0000-00-00',123.00,2515.61,NULL,NULL,NULL,NULL,NULL,NULL,NULL,NULL,NULL,NULL,NULL,NULL,NULL,NULL,NULL,NULL,NULL,NULL,NULL,NULL,NULL,NULL,NULL,NULL,NULL,NULL,0,4,1,NULL,NULL,NULL,NULL,NULL),(127,'0000-00-00',123.00,545.00,NULL,NULL,NULL,NULL,NULL,NULL,NULL,NULL,NULL,NULL,NULL,NULL,NULL,NULL,NULL,NULL,NULL,NULL,NULL,NULL,NULL,NULL,NULL,NULL,NULL,NULL,0,4,1,NULL,NULL,NULL,NULL,NULL),(128,'0000-00-00',123.00,545.00,NULL,NULL,NULL,NULL,NULL,NULL,NULL,NULL,NULL,NULL,NULL,NULL,NULL,NULL,NULL,NULL,NULL,NULL,NULL,NULL,NULL,NULL,NULL,NULL,NULL,NULL,0,4,1,NULL,NULL,NULL,NULL,NULL),(129,'1969-12-31',333.00,545.00,NULL,NULL,NULL,NULL,NULL,NULL,NULL,NULL,NULL,NULL,NULL,NULL,NULL,NULL,NULL,NULL,NULL,NULL,NULL,NULL,NULL,NULL,NULL,NULL,NULL,NULL,0,4,1,NULL,NULL,NULL,NULL,NULL),(130,'1969-12-31',333.00,545.00,NULL,NULL,NULL,NULL,NULL,NULL,NULL,NULL,NULL,NULL,NULL,NULL,NULL,NULL,NULL,NULL,NULL,NULL,NULL,NULL,NULL,NULL,NULL,NULL,NULL,NULL,0,4,1,NULL,NULL,NULL,NULL,NULL),(131,'1969-12-31',333.00,444.00,NULL,NULL,NULL,NULL,NULL,NULL,NULL,NULL,NULL,NULL,NULL,NULL,NULL,NULL,NULL,NULL,NULL,NULL,NULL,NULL,NULL,NULL,NULL,NULL,NULL,NULL,0,4,1,NULL,NULL,NULL,NULL,NULL),(132,'2012-02-05',123.00,2515.61,NULL,NULL,NULL,NULL,NULL,NULL,NULL,NULL,NULL,NULL,NULL,NULL,NULL,NULL,NULL,NULL,NULL,NULL,NULL,NULL,NULL,NULL,NULL,NULL,NULL,NULL,0,4,1,NULL,NULL,NULL,NULL,NULL),(133,'2012-02-05',123.00,545.00,NULL,NULL,NULL,NULL,NULL,NULL,NULL,NULL,NULL,NULL,NULL,NULL,NULL,NULL,NULL,NULL,NULL,NULL,NULL,NULL,NULL,NULL,NULL,NULL,NULL,NULL,0,4,1,NULL,NULL,NULL,NULL,NULL),(134,'2013-03-13',123.00,545.00,NULL,NULL,NULL,NULL,NULL,NULL,NULL,NULL,NULL,NULL,NULL,NULL,NULL,NULL,NULL,NULL,NULL,NULL,NULL,NULL,NULL,165.00,118.00,NULL,NULL,NULL,0,4,1,NULL,NULL,NULL,NULL,NULL),(135,'2013-03-16',123.00,545.00,NULL,NULL,NULL,NULL,NULL,NULL,NULL,NULL,NULL,NULL,NULL,NULL,NULL,NULL,NULL,NULL,NULL,NULL,NULL,NULL,NULL,NULL,NULL,NULL,NULL,NULL,0,4,1,NULL,NULL,NULL,NULL,NULL),(136,'2013-03-17',333.00,444.00,NULL,NULL,NULL,NULL,NULL,NULL,NULL,NULL,NULL,NULL,NULL,NULL,NULL,NULL,NULL,NULL,NULL,NULL,NULL,NULL,NULL,NULL,NULL,NULL,NULL,NULL,0,4,1,NULL,NULL,NULL,NULL,NULL),(149,'2013-03-26',12.50,15.50,NULL,NULL,NULL,NULL,NULL,NULL,NULL,NULL,NULL,NULL,NULL,NULL,NULL,NULL,'dcdwe',11.00,-89.00,11.00,NULL,'2013-03-27 11:49:35',NULL,NULL,NULL,'2013-03-27','09:00:00','raul',30,4,1,NULL,NULL,NULL,NULL,NULL),(150,'2013-03-25',2.50,5.30,NULL,NULL,0.00,0.00,0.00,0.00,0.00,0.00,0.00,0.00,0.00,0.00,0.00,NULL,'',11.00,-89.00,11.00,'2013-03-26 18:16:39','2013-03-26 18:14:26',NULL,NULL,NULL,'0000-00-00',NULL,'',NULL,4,1,NULL,NULL,NULL,NULL,NULL),(151,'2013-03-21',1.00,1.00,NULL,NULL,125.54,12.30,1332.22,22.04,45.60,121.30,546.40,545.50,55.60,48.30,5.55,NULL,NULL,NULL,NULL,NULL,'2013-03-26 13:36:28',NULL,NULL,NULL,NULL,NULL,NULL,NULL,0,4,1,NULL,NULL,NULL,NULL,NULL),(152,'2013-03-20',2.50,5.30,112.00,41.00,NULL,NULL,NULL,NULL,NULL,NULL,NULL,NULL,NULL,NULL,NULL,NULL,'122-4184888-11656-15010005',10.00,-90.00,10.00,NULL,'2013-03-26 13:28:36',NULL,NULL,NULL,'2013-03-23','15:00:00','monica',15,4,1,NULL,NULL,NULL,NULL,NULL),(154,'2013-03-20',100.50,0.00,123.00,0.00,12.33,33.44,3.55,44.55,44.44,22.44,33.55,3.55,0.00,0.00,12.44,NULL,'123456',11.00,-89.00,-199.29,'2013-03-26 17:05:16','2013-03-26 17:06:02',NULL,877.00,NULL,'2013-03-20','09:35:00','Rafael',30,17,1,NULL,NULL,NULL,NULL,NULL),(155,'2013-03-21',12.33,0.00,NULL,NULL,NULL,NULL,NULL,NULL,NULL,NULL,NULL,NULL,NULL,NULL,NULL,NULL,NULL,NULL,NULL,NULL,NULL,NULL,NULL,2740.00,NULL,NULL,NULL,NULL,0,17,1,NULL,NULL,NULL,NULL,NULL),(156,'2013-03-26',333.00,0.00,NULL,NULL,2321.00,1221.00,1212.00,2121.00,2112.00,1221.00,12.00,12.00,0.00,0.00,12.00,NULL,NULL,NULL,NULL,NULL,'2013-03-27 13:04:26',NULL,NULL,51.00,NULL,NULL,NULL,NULL,0,17,1,NULL,NULL,NULL,NULL,NULL),(157,'2013-03-27',12.54,515.00,NULL,NULL,NULL,NULL,NULL,NULL,NULL,NULL,NULL,NULL,NULL,NULL,NULL,NULL,NULL,NULL,NULL,NULL,NULL,NULL,NULL,NULL,NULL,NULL,NULL,NULL,0,4,1,NULL,NULL,NULL,NULL,NULL),(158,'2013-03-27',123.00,0.00,NULL,NULL,NULL,NULL,NULL,NULL,NULL,NULL,NULL,NULL,NULL,NULL,NULL,NULL,NULL,NULL,NULL,NULL,NULL,NULL,NULL,290.00,NULL,NULL,NULL,NULL,0,17,1,NULL,NULL,NULL,NULL,NULL),(159,'2013-03-22',12.00,0.00,NULL,NULL,NULL,NULL,NULL,NULL,NULL,NULL,NULL,NULL,NULL,NULL,NULL,NULL,NULL,NULL,NULL,NULL,NULL,NULL,NULL,1043.00,NULL,NULL,NULL,NULL,0,17,1,NULL,NULL,NULL,NULL,NULL),(160,'2013-04-01',222.00,4848.00,21.00,15.00,1.00,1.00,1.00,1.00,1.00,1.00,0.00,0.00,0.00,0.00,0.00,NULL,NULL,NULL,NULL,NULL,'2013-04-05 14:54:30',NULL,45.12,NULL,NULL,NULL,NULL,'mazzz88nuel',0,4,1,NULL,NULL,230.82,NULL,NULL),(161,'2013-04-02',12.22,23.45,NULL,NULL,1.00,1.00,1.00,1.00,1.00,1.00,NULL,NULL,NULL,NULL,NULL,NULL,NULL,NULL,NULL,NULL,NULL,NULL,59.64,NULL,NULL,NULL,NULL,'mazzz88nuel',0,4,1,NULL,NULL,237.08,NULL,NULL),(162,'2013-04-01',123.12,1.20,NULL,NULL,9.00,9.00,9.00,9.00,9.00,9.00,9.00,9.00,9.00,9.00,9.00,100.00,NULL,100.00,NULL,NULL,'2013-04-02 18:44:42',NULL,NULL,100.00,100.00,NULL,NULL,'pablo',0,2,1,NULL,NULL,NULL,NULL,NULL),(163,'2013-04-02',1111.00,111.00,NULL,NULL,1.00,1.00,1.00,1.00,1.00,1.00,1.00,1.00,1.00,1.00,1.00,100.00,NULL,100.00,NULL,NULL,NULL,NULL,1000.00,100.00,100.00,NULL,NULL,NULL,0,2,1,NULL,NULL,NULL,NULL,NULL),(164,'2013-04-03',123.52,0.00,NULL,NULL,NULL,NULL,NULL,NULL,NULL,NULL,NULL,NULL,NULL,NULL,NULL,NULL,NULL,NULL,NULL,NULL,NULL,NULL,35.82,NULL,NULL,NULL,NULL,NULL,0,17,1,NULL,NULL,267.03,NULL,NULL),(165,'0000-00-00',125.60,140.80,NULL,NULL,NULL,NULL,NULL,NULL,NULL,NULL,NULL,NULL,NULL,NULL,NULL,NULL,NULL,NULL,NULL,NULL,NULL,NULL,NULL,NULL,NULL,NULL,NULL,NULL,0,4,1,NULL,NULL,NULL,NULL,NULL),(166,'2013-04-04',222.00,4848.00,21.00,132.00,1.00,1.00,1.00,1.00,1.00,1.00,55.00,55.00,55.00,55.00,555.00,NULL,'45345443',100.00,0.00,-681.00,'2013-04-05 14:55:57','2013-04-05 15:01:58',47.39,NULL,NULL,'2013-04-05','10:00:00','mazzz88nuel',30,4,1,NULL,NULL,234.75,NULL,NULL),(167,'2013-04-05',222.00,4848.00,NULL,NULL,1.00,1.00,1.00,1.00,1.00,1.00,NULL,NULL,NULL,NULL,NULL,NULL,NULL,NULL,NULL,NULL,NULL,NULL,47.65,NULL,NULL,NULL,NULL,'mazzz88nuel',0,4,1,NULL,NULL,225.98,NULL,NULL),(168,'2013-04-07',200.00,300.00,50.00,150.00,1.00,1.00,1.00,1.00,1.00,1.00,50.00,100.00,100.00,50.00,120.00,NULL,'33664',11.00,-89.00,-415.00,'2013-04-08 14:08:53','2013-04-08 14:15:46',35.60,NULL,NULL,'2013-04-08','08:40:00','mazzz88nuel',NULL,4,1,NULL,NULL,176.87,NULL,NULL),(260,'2013-04-02',222.00,0.00,NULL,NULL,NULL,NULL,NULL,NULL,NULL,NULL,NULL,NULL,NULL,NULL,NULL,NULL,NULL,NULL,NULL,NULL,NULL,NULL,57.67,NULL,NULL,NULL,NULL,NULL,0,17,1,NULL,NULL,504.77,NULL,NULL),(261,'2013-04-08',222.00,0.00,21.00,0.00,NULL,NULL,NULL,NULL,NULL,NULL,NULL,NULL,NULL,NULL,NULL,NULL,NULL,NULL,NULL,NULL,NULL,NULL,119.13,NULL,NULL,NULL,NULL,NULL,0,17,1,NULL,NULL,1.00,NULL,NULL),(262,'2013-04-09',222.00,222.00,0.00,0.00,21.00,23.00,131.00,231.00,2312.00,121.00,21.00,121.00,12.00,21.00,212.00,NULL,'23423423423',100.00,0.00,-3126.00,'2013-04-10 17:57:02','2013-04-10 17:57:38',45.79,NULL,NULL,'2013-04-10','09:00:00','Eureka',NULL,4,1,NULL,NULL,194.32,NULL,NULL),(266,'2013-04-22',222.00,222.00,NULL,NULL,34234.00,23423.00,344.00,234.00,343.00,34.00,3434.00,25.50,3434.00,4343.00,54.00,NULL,'dcdwe',11.00,-89.00,-69891.50,'2013-04-23 19:12:21','2013-04-23 19:12:45',41.92,NULL,NULL,'2013-04-23','09:00:00','raul',30,4,1,NULL,NULL,189.80,NULL,NULL),(267,'2013-04-21',222.00,4848.00,NULL,NULL,123.00,55.00,55.00,55.00,55.00,55.00,55.00,5.00,55.00,5.00,55.00,NULL,NULL,NULL,NULL,NULL,'2013-04-22 19:37:19',NULL,14.00,NULL,NULL,NULL,NULL,NULL,0,4,1,NULL,NULL,64.87,NULL,NULL),(285,'2013-04-23',222.00,4848.00,NULL,NULL,NULL,NULL,NULL,NULL,NULL,NULL,NULL,NULL,NULL,NULL,NULL,NULL,'jmfgj121',100.00,0.00,100.00,NULL,'2013-04-25 13:08:27',42.65,NULL,NULL,'2013-04-24','08:00:00','Eureka',NULL,4,1,NULL,NULL,226.38,NULL,NULL),(286,'2013-04-18',123.00,123.00,NULL,NULL,NULL,NULL,NULL,NULL,NULL,NULL,NULL,NULL,NULL,NULL,NULL,NULL,'',11.00,-89.00,11.00,NULL,'2013-04-25 17:58:05',44.45,NULL,NULL,'0000-00-00','12:00:00','',NULL,4,1,NULL,NULL,179.77,NULL,NULL),(288,'2013-04-29',3.00,0.00,NULL,NULL,NULL,NULL,NULL,NULL,NULL,NULL,NULL,NULL,NULL,NULL,NULL,NULL,'2013-04-29',32.00,-68.00,32.00,NULL,NULL,134.98,NULL,NULL,NULL,NULL,NULL,0,17,1,NULL,NULL,1.00,NULL,NULL),(331,'2013-04-30',-1.00,-1.00,NULL,NULL,NULL,NULL,NULL,NULL,NULL,NULL,NULL,NULL,NULL,NULL,NULL,NULL,NULL,NULL,NULL,NULL,NULL,NULL,76.22,NULL,NULL,NULL,NULL,NULL,0,1,1,NULL,NULL,407.45,NULL,NULL),(332,'2013-04-30',-1.00,-1.00,NULL,NULL,NULL,NULL,NULL,NULL,NULL,NULL,NULL,NULL,NULL,NULL,NULL,NULL,NULL,NULL,NULL,NULL,NULL,NULL,NULL,NULL,NULL,NULL,NULL,NULL,0,2,1,NULL,NULL,NULL,NULL,NULL),(333,'2013-04-30',-1.00,-1.00,NULL,NULL,NULL,NULL,NULL,NULL,NULL,NULL,NULL,NULL,NULL,NULL,NULL,NULL,NULL,50.00,-50.00,50.00,NULL,NULL,43.27,NULL,NULL,NULL,NULL,NULL,0,4,1,NULL,NULL,227.95,NULL,NULL),(334,'2013-04-30',-1.00,-1.00,NULL,NULL,NULL,NULL,NULL,NULL,NULL,NULL,NULL,NULL,NULL,NULL,NULL,NULL,NULL,NULL,NULL,NULL,NULL,NULL,75.67,NULL,NULL,NULL,NULL,NULL,0,5,1,NULL,NULL,327.57,NULL,NULL),(335,'2013-04-30',-1.00,-1.00,NULL,NULL,NULL,NULL,NULL,NULL,NULL,NULL,NULL,NULL,NULL,NULL,NULL,NULL,NULL,NULL,NULL,NULL,NULL,NULL,68.96,NULL,NULL,NULL,NULL,NULL,0,6,1,NULL,NULL,343.65,NULL,NULL),(336,'2013-04-30',-1.00,-1.00,NULL,NULL,NULL,NULL,NULL,NULL,NULL,NULL,NULL,NULL,NULL,NULL,NULL,NULL,NULL,NULL,NULL,NULL,NULL,NULL,65.52,NULL,NULL,NULL,NULL,NULL,0,8,1,NULL,NULL,237.77,NULL,NULL),(337,'2013-04-30',-1.00,-1.00,NULL,NULL,NULL,NULL,NULL,NULL,NULL,NULL,NULL,NULL,NULL,NULL,NULL,NULL,NULL,NULL,NULL,NULL,NULL,NULL,172.54,NULL,NULL,NULL,NULL,NULL,0,9,1,NULL,NULL,782.82,NULL,NULL),(338,'2013-04-30',-1.00,-1.00,NULL,NULL,NULL,NULL,NULL,NULL,NULL,NULL,NULL,NULL,NULL,NULL,NULL,NULL,NULL,NULL,NULL,NULL,NULL,NULL,NULL,NULL,NULL,NULL,NULL,NULL,0,11,1,NULL,NULL,NULL,NULL,NULL),(339,'2013-04-30',-1.00,-1.00,NULL,NULL,NULL,NULL,NULL,NULL,NULL,NULL,NULL,NULL,NULL,NULL,NULL,NULL,NULL,NULL,NULL,NULL,NULL,NULL,70.88,NULL,NULL,NULL,NULL,NULL,0,12,1,NULL,NULL,366.18,NULL,NULL),(340,'2013-04-30',-1.00,-1.00,NULL,NULL,NULL,NULL,NULL,NULL,NULL,NULL,NULL,NULL,NULL,NULL,NULL,NULL,NULL,NULL,NULL,NULL,NULL,NULL,96.16,NULL,NULL,NULL,NULL,NULL,0,13,1,NULL,NULL,464.75,NULL,NULL),(341,'2013-04-30',-1.00,-1.00,NULL,NULL,NULL,NULL,NULL,NULL,NULL,NULL,NULL,NULL,NULL,NULL,NULL,NULL,NULL,NULL,NULL,NULL,NULL,NULL,76.71,NULL,NULL,NULL,NULL,NULL,0,14,1,NULL,NULL,362.95,NULL,NULL),(342,'2013-04-30',-1.00,-1.00,NULL,NULL,NULL,NULL,NULL,NULL,NULL,NULL,NULL,NULL,NULL,NULL,NULL,NULL,NULL,NULL,NULL,NULL,NULL,NULL,35.00,NULL,NULL,NULL,NULL,NULL,0,16,1,NULL,NULL,179.48,NULL,NULL),(343,'2013-04-30',-1.00,-1.00,NULL,NULL,NULL,NULL,NULL,NULL,NULL,NULL,NULL,NULL,NULL,NULL,NULL,NULL,NULL,NULL,NULL,NULL,NULL,NULL,127.40,NULL,NULL,NULL,NULL,NULL,0,17,1,NULL,NULL,941.97,NULL,NULL),(345,'2013-05-01',-1.00,-1.00,NULL,NULL,1.00,1.00,1.00,1.00,1.00,1.00,NULL,NULL,NULL,NULL,NULL,NULL,NULL,NULL,NULL,NULL,NULL,NULL,NULL,NULL,NULL,NULL,NULL,NULL,0,1,1,NULL,NULL,NULL,NULL,NULL),(346,'2013-05-01',-1.00,-1.00,NULL,NULL,1.00,1.00,1.00,1.00,1.00,1.00,NULL,NULL,NULL,NULL,NULL,NULL,NULL,NULL,NULL,NULL,NULL,NULL,NULL,NULL,NULL,NULL,NULL,NULL,0,2,1,NULL,NULL,NULL,NULL,NULL),(348,'2013-05-01',-1.00,-1.00,NULL,NULL,1.00,1.00,1.00,1.00,1.00,1.00,NULL,NULL,NULL,NULL,NULL,NULL,NULL,NULL,NULL,NULL,NULL,NULL,NULL,NULL,NULL,NULL,NULL,'Pablo MO',0,5,1,NULL,NULL,NULL,NULL,NULL),(349,'2013-05-01',-1.00,-1.00,NULL,NULL,1.00,1.00,1.00,1.00,1.00,1.00,NULL,NULL,NULL,NULL,NULL,NULL,NULL,NULL,NULL,NULL,NULL,NULL,NULL,NULL,NULL,NULL,NULL,NULL,0,6,1,NULL,NULL,NULL,NULL,NULL),(350,'2013-05-01',-1.00,-1.00,NULL,NULL,1.00,1.00,1.00,1.00,1.00,1.00,NULL,NULL,NULL,NULL,NULL,NULL,NULL,NULL,NULL,NULL,NULL,NULL,NULL,NULL,NULL,NULL,NULL,NULL,0,8,1,NULL,NULL,NULL,NULL,NULL),(351,'2013-05-01',-1.00,-1.00,NULL,NULL,1.00,1.00,1.00,1.00,1.00,1.00,NULL,NULL,NULL,NULL,NULL,NULL,NULL,NULL,NULL,NULL,NULL,NULL,NULL,NULL,NULL,NULL,NULL,NULL,0,9,1,NULL,NULL,NULL,NULL,NULL),(352,'2013-05-01',-1.00,-1.00,NULL,NULL,1.00,1.00,1.00,1.00,1.00,1.00,NULL,NULL,NULL,NULL,NULL,NULL,NULL,NULL,NULL,NULL,NULL,NULL,NULL,NULL,NULL,NULL,NULL,NULL,0,11,1,NULL,NULL,NULL,NULL,NULL),(353,'2013-05-01',-1.00,-1.00,NULL,NULL,1.00,1.00,1.00,1.00,1.00,1.00,NULL,NULL,NULL,NULL,NULL,NULL,NULL,NULL,NULL,NULL,NULL,NULL,NULL,NULL,NULL,NULL,NULL,NULL,0,12,1,NULL,NULL,NULL,NULL,NULL),(354,'2013-05-01',-1.00,-1.00,NULL,NULL,1.00,1.00,1.00,1.00,1.00,1.00,NULL,NULL,NULL,NULL,NULL,NULL,NULL,NULL,NULL,NULL,NULL,NULL,NULL,NULL,NULL,NULL,NULL,NULL,0,13,1,NULL,NULL,NULL,NULL,NULL),(355,'2013-05-01',-1.00,-1.00,NULL,NULL,1.00,1.00,1.00,1.00,1.00,1.00,NULL,NULL,NULL,NULL,NULL,NULL,NULL,NULL,NULL,NULL,NULL,NULL,NULL,NULL,NULL,NULL,NULL,NULL,0,14,1,NULL,NULL,NULL,NULL,NULL),(356,'2013-05-01',-1.00,-1.00,NULL,NULL,1.00,1.00,1.00,1.00,1.00,1.00,NULL,NULL,NULL,NULL,NULL,NULL,NULL,NULL,NULL,NULL,NULL,NULL,NULL,NULL,NULL,NULL,NULL,NULL,0,16,1,NULL,NULL,NULL,NULL,NULL),(357,'2013-05-01',-1.00,-1.00,NULL,NULL,1.00,1.00,1.00,1.00,1.00,1.00,NULL,NULL,NULL,NULL,NULL,NULL,NULL,NULL,NULL,NULL,NULL,NULL,NULL,NULL,NULL,NULL,NULL,NULL,0,17,1,NULL,NULL,NULL,NULL,NULL),(373,'0000-00-00',850.00,200.00,NULL,NULL,NULL,NULL,NULL,NULL,NULL,NULL,NULL,NULL,NULL,NULL,NULL,NULL,'--2013-05-02',NULL,NULL,NULL,NULL,NULL,NULL,NULL,NULL,NULL,NULL,NULL,0,4,1,NULL,NULL,NULL,NULL,NULL),(376,'2013-04-28',500.00,500.00,NULL,NULL,561.00,54.00,564.00,564.00,5646.00,5454.00,545.00,54141.00,454.00,55.00,4.00,NULL,'21123',11.00,-89.00,-68031.00,'2013-05-02 12:19:29','2013-05-02 12:37:10',7.07,NULL,NULL,'2013-05-02','08:00:00','pepe',45,4,1,NULL,NULL,39.78,NULL,NULL),(466,'2013-05-02',-1.00,-1.00,NULL,NULL,1.00,1.00,1.00,1.00,1.00,1.00,NULL,NULL,NULL,NULL,NULL,NULL,NULL,NULL,NULL,NULL,NULL,NULL,NULL,NULL,NULL,NULL,NULL,NULL,0,1,1,NULL,NULL,NULL,NULL,NULL),(467,'2013-05-02',-1.00,-1.00,NULL,NULL,1.00,1.00,1.00,1.00,1.00,1.00,NULL,NULL,NULL,NULL,NULL,NULL,NULL,NULL,NULL,NULL,NULL,NULL,NULL,NULL,NULL,NULL,NULL,NULL,0,2,1,NULL,NULL,NULL,NULL,NULL),(469,'2013-05-02',-1.00,-1.00,NULL,NULL,1.00,1.00,1.00,1.00,1.00,1.00,NULL,NULL,NULL,NULL,NULL,NULL,NULL,NULL,NULL,NULL,NULL,NULL,NULL,NULL,NULL,NULL,NULL,'Pablo',0,5,1,NULL,NULL,NULL,NULL,NULL),(470,'2013-05-02',-1.00,-1.00,NULL,NULL,1.00,1.00,1.00,1.00,1.00,1.00,NULL,NULL,NULL,NULL,NULL,NULL,NULL,100.00,0.00,94.00,NULL,NULL,NULL,NULL,NULL,NULL,NULL,NULL,0,6,1,NULL,NULL,NULL,NULL,NULL),(471,'2013-05-02',-1.00,-1.00,NULL,NULL,1.00,1.00,1.00,1.00,1.00,1.00,NULL,NULL,NULL,NULL,NULL,NULL,NULL,NULL,NULL,NULL,NULL,NULL,NULL,NULL,NULL,NULL,NULL,NULL,0,8,1,NULL,NULL,NULL,NULL,NULL),(472,'2013-05-02',-1.00,-1.00,NULL,NULL,1.00,1.00,1.00,1.00,1.00,1.00,NULL,NULL,NULL,NULL,NULL,NULL,NULL,NULL,NULL,NULL,NULL,NULL,NULL,NULL,NULL,NULL,NULL,NULL,0,9,1,NULL,NULL,NULL,NULL,NULL),(473,'2013-05-02',-1.00,-1.00,NULL,NULL,1.00,1.00,1.00,1.00,1.00,1.00,NULL,NULL,NULL,NULL,NULL,NULL,NULL,100.00,0.00,94.00,NULL,NULL,NULL,NULL,NULL,NULL,NULL,NULL,0,11,1,NULL,NULL,NULL,NULL,NULL),(474,'2013-05-02',-1.00,-1.00,NULL,NULL,1.00,1.00,1.00,1.00,1.00,1.00,NULL,NULL,NULL,NULL,NULL,NULL,NULL,NULL,NULL,NULL,NULL,NULL,NULL,NULL,NULL,NULL,NULL,NULL,0,12,1,NULL,NULL,NULL,NULL,NULL),(475,'2013-05-02',-1.00,-1.00,NULL,NULL,1.00,1.00,1.00,1.00,1.00,1.00,NULL,NULL,NULL,NULL,NULL,NULL,NULL,NULL,NULL,NULL,NULL,NULL,NULL,NULL,NULL,NULL,NULL,NULL,0,14,1,NULL,NULL,NULL,NULL,NULL),(476,'2013-05-02',-1.00,-1.00,NULL,NULL,1.00,1.00,1.00,1.00,1.00,1.00,NULL,NULL,NULL,NULL,NULL,NULL,NULL,100.00,0.00,94.00,NULL,NULL,NULL,NULL,NULL,NULL,NULL,NULL,0,16,1,NULL,NULL,NULL,NULL,NULL),(497,'2013-05-01',0.00,0.00,10.00,NULL,NULL,NULL,NULL,NULL,NULL,NULL,NULL,NULL,10.00,10.00,10.00,NULL,'jmfgj121',100.00,0.00,70.00,'2013-05-03 17:15:28','2013-05-03 17:08:04',NULL,NULL,NULL,'2013-05-02','08:00:00','manolo',0,4,1,NULL,NULL,NULL,NULL,NULL),(498,'2013-05-02',222.00,4848.00,1.00,1.00,20.00,20.00,20.00,20.00,20.00,20.00,2.00,2.00,100.00,100.00,15.00,NULL,NULL,NULL,100.00,NULL,NULL,NULL,NULL,NULL,NULL,NULL,NULL,'manolo',0,4,1,NULL,NULL,NULL,NULL,NULL),(545,'2013-05-03',-1.00,-1.00,NULL,NULL,NULL,NULL,NULL,NULL,NULL,NULL,NULL,NULL,NULL,NULL,NULL,NULL,NULL,NULL,NULL,NULL,NULL,NULL,NULL,NULL,NULL,NULL,NULL,NULL,0,1,1,NULL,NULL,NULL,NULL,NULL),(546,'2013-05-03',-1.00,-1.00,NULL,NULL,NULL,NULL,NULL,NULL,NULL,NULL,NULL,NULL,NULL,NULL,NULL,NULL,NULL,NULL,NULL,NULL,NULL,NULL,NULL,NULL,NULL,NULL,NULL,NULL,0,2,1,NULL,NULL,NULL,NULL,NULL),(547,'2013-05-03',-1.00,-1.00,NULL,NULL,NULL,NULL,NULL,NULL,NULL,NULL,NULL,NULL,NULL,NULL,NULL,NULL,NULL,NULL,NULL,NULL,NULL,NULL,NULL,NULL,NULL,NULL,NULL,NULL,0,4,1,NULL,NULL,NULL,NULL,NULL),(548,'2013-05-03',-1.00,-1.00,NULL,NULL,NULL,NULL,NULL,NULL,NULL,NULL,NULL,NULL,NULL,NULL,NULL,NULL,NULL,NULL,NULL,NULL,NULL,NULL,NULL,NULL,NULL,NULL,NULL,NULL,0,5,1,NULL,NULL,NULL,NULL,NULL),(549,'2013-05-03',-1.00,-1.00,NULL,NULL,NULL,NULL,NULL,NULL,NULL,NULL,NULL,NULL,NULL,NULL,NULL,NULL,NULL,NULL,NULL,NULL,NULL,NULL,NULL,NULL,NULL,NULL,NULL,NULL,0,6,1,NULL,NULL,NULL,NULL,NULL),(550,'2013-05-03',-1.00,-1.00,NULL,NULL,NULL,NULL,NULL,NULL,NULL,NULL,NULL,NULL,NULL,NULL,NULL,NULL,NULL,90.00,-10.00,90.00,NULL,NULL,NULL,NULL,NULL,NULL,NULL,NULL,0,8,1,NULL,NULL,NULL,NULL,NULL),(551,'2013-05-03',-1.00,-1.00,NULL,NULL,NULL,NULL,NULL,NULL,NULL,NULL,NULL,NULL,NULL,NULL,NULL,NULL,NULL,NULL,NULL,NULL,NULL,NULL,NULL,NULL,NULL,NULL,NULL,NULL,0,9,1,NULL,NULL,NULL,NULL,NULL),(552,'2013-05-03',-1.00,-1.00,NULL,NULL,NULL,NULL,NULL,NULL,NULL,NULL,NULL,NULL,NULL,NULL,NULL,NULL,NULL,NULL,NULL,NULL,NULL,NULL,NULL,NULL,NULL,NULL,NULL,NULL,0,11,1,NULL,NULL,NULL,NULL,NULL),(553,'2013-05-03',-1.00,-1.00,NULL,NULL,NULL,NULL,NULL,NULL,NULL,NULL,NULL,NULL,NULL,NULL,NULL,NULL,NULL,NULL,NULL,NULL,NULL,NULL,NULL,NULL,NULL,NULL,NULL,NULL,0,12,1,NULL,NULL,NULL,NULL,NULL),(554,'2013-05-03',-1.00,-1.00,NULL,NULL,NULL,NULL,NULL,NULL,NULL,NULL,NULL,NULL,NULL,NULL,NULL,NULL,NULL,NULL,NULL,NULL,NULL,NULL,NULL,NULL,NULL,NULL,NULL,NULL,0,13,1,NULL,NULL,NULL,NULL,NULL),(555,'2013-05-03',-1.00,-1.00,NULL,NULL,NULL,NULL,NULL,NULL,NULL,NULL,NULL,NULL,NULL,NULL,NULL,NULL,NULL,NULL,NULL,NULL,NULL,NULL,NULL,NULL,NULL,NULL,NULL,NULL,0,14,1,NULL,NULL,NULL,NULL,NULL),(556,'2013-05-03',-1.00,-1.00,NULL,NULL,NULL,NULL,NULL,NULL,NULL,NULL,NULL,NULL,NULL,NULL,NULL,NULL,NULL,100.00,0.00,100.00,NULL,NULL,NULL,NULL,NULL,NULL,NULL,NULL,0,15,1,NULL,NULL,NULL,NULL,NULL),(557,'2013-05-03',-1.00,-1.00,NULL,NULL,NULL,NULL,NULL,NULL,NULL,NULL,NULL,NULL,NULL,NULL,NULL,NULL,NULL,NULL,NULL,NULL,NULL,NULL,NULL,NULL,NULL,NULL,NULL,NULL,0,16,1,NULL,NULL,NULL,NULL,NULL),(558,'2013-05-03',-1.00,-1.00,NULL,NULL,NULL,NULL,NULL,NULL,NULL,NULL,NULL,NULL,NULL,NULL,NULL,NULL,NULL,NULL,NULL,NULL,NULL,NULL,NULL,NULL,NULL,NULL,NULL,NULL,0,17,1,NULL,NULL,NULL,NULL,NULL),(588,'2013-05-06',-1.00,-1.00,NULL,NULL,NULL,NULL,NULL,NULL,NULL,NULL,NULL,NULL,NULL,NULL,NULL,NULL,NULL,NULL,NULL,NULL,NULL,NULL,NULL,NULL,NULL,NULL,NULL,NULL,0,1,1,NULL,NULL,NULL,NULL,NULL),(589,'2013-05-06',-1.00,-1.00,NULL,NULL,NULL,NULL,NULL,NULL,NULL,NULL,NULL,NULL,NULL,NULL,NULL,NULL,NULL,NULL,NULL,NULL,NULL,NULL,NULL,NULL,NULL,NULL,NULL,NULL,0,2,1,NULL,NULL,NULL,NULL,NULL),(590,'2013-05-06',-1.00,-1.00,NULL,NULL,NULL,NULL,NULL,NULL,NULL,NULL,NULL,NULL,NULL,NULL,NULL,NULL,NULL,NULL,NULL,NULL,NULL,NULL,NULL,NULL,NULL,NULL,NULL,NULL,0,4,1,NULL,NULL,NULL,NULL,NULL),(591,'2013-05-06',-1.00,-1.00,NULL,NULL,NULL,NULL,NULL,NULL,NULL,NULL,NULL,NULL,NULL,NULL,NULL,NULL,NULL,NULL,NULL,NULL,NULL,NULL,NULL,NULL,NULL,NULL,NULL,NULL,0,5,1,NULL,NULL,NULL,NULL,NULL),(592,'2013-05-06',-1.00,-1.00,NULL,NULL,NULL,NULL,NULL,NULL,NULL,NULL,NULL,NULL,NULL,NULL,NULL,NULL,NULL,1.00,-99.00,1.00,NULL,NULL,NULL,NULL,NULL,NULL,NULL,NULL,0,6,1,NULL,NULL,NULL,NULL,NULL),(593,'2013-05-06',-1.00,-1.00,NULL,NULL,NULL,NULL,NULL,NULL,NULL,NULL,NULL,NULL,NULL,NULL,NULL,NULL,NULL,100.00,0.00,100.00,NULL,NULL,NULL,NULL,NULL,NULL,NULL,NULL,0,8,1,NULL,NULL,NULL,NULL,NULL),(594,'2013-05-06',-1.00,-1.00,NULL,NULL,NULL,NULL,NULL,NULL,NULL,NULL,NULL,NULL,NULL,NULL,NULL,NULL,NULL,NULL,NULL,NULL,NULL,NULL,NULL,NULL,NULL,NULL,NULL,NULL,0,9,1,NULL,NULL,NULL,NULL,NULL),(595,'2013-05-06',-1.00,-1.00,NULL,NULL,NULL,NULL,NULL,NULL,NULL,NULL,NULL,NULL,NULL,NULL,NULL,NULL,NULL,NULL,NULL,NULL,NULL,NULL,NULL,NULL,NULL,NULL,NULL,NULL,0,11,1,NULL,NULL,NULL,NULL,NULL),(596,'2013-05-06',-1.00,-1.00,NULL,NULL,NULL,NULL,NULL,NULL,NULL,NULL,NULL,NULL,NULL,NULL,NULL,NULL,NULL,NULL,NULL,NULL,NULL,NULL,NULL,NULL,NULL,NULL,NULL,NULL,0,12,1,NULL,NULL,NULL,NULL,NULL),(597,'2013-05-06',-1.00,-1.00,NULL,NULL,NULL,NULL,NULL,NULL,NULL,NULL,NULL,NULL,NULL,NULL,NULL,NULL,NULL,NULL,NULL,NULL,NULL,NULL,NULL,NULL,NULL,NULL,NULL,NULL,0,13,1,NULL,NULL,NULL,NULL,NULL),(598,'2013-05-06',-1.00,-1.00,NULL,NULL,NULL,NULL,NULL,NULL,NULL,NULL,NULL,NULL,NULL,NULL,NULL,NULL,NULL,NULL,NULL,NULL,NULL,NULL,NULL,NULL,NULL,NULL,NULL,NULL,0,14,1,NULL,NULL,NULL,NULL,NULL),(599,'2013-05-06',-1.00,-1.00,NULL,NULL,NULL,NULL,NULL,NULL,NULL,NULL,NULL,NULL,NULL,NULL,NULL,NULL,NULL,NULL,NULL,NULL,NULL,NULL,NULL,NULL,NULL,NULL,NULL,NULL,0,15,1,NULL,NULL,NULL,NULL,NULL),(600,'2013-05-06',-1.00,-1.00,NULL,NULL,NULL,NULL,NULL,NULL,NULL,NULL,NULL,NULL,NULL,NULL,NULL,NULL,NULL,NULL,NULL,NULL,NULL,NULL,NULL,NULL,NULL,NULL,NULL,NULL,0,16,1,NULL,NULL,NULL,NULL,NULL),(601,'2013-05-06',-1.00,-1.00,NULL,NULL,NULL,NULL,NULL,NULL,NULL,NULL,NULL,NULL,NULL,NULL,NULL,NULL,NULL,NULL,NULL,NULL,NULL,NULL,NULL,NULL,NULL,NULL,NULL,NULL,0,17,1,NULL,NULL,NULL,NULL,NULL),(603,'2013-03-10',100.00,120.00,NULL,NULL,NULL,NULL,NULL,NULL,NULL,NULL,NULL,NULL,NULL,NULL,NULL,NULL,NULL,NULL,NULL,NULL,NULL,NULL,NULL,131.00,122.90,NULL,NULL,NULL,0,8,1,NULL,NULL,NULL,NULL,NULL),(605,'2013-05-04',-1.00,-1.00,NULL,NULL,NULL,NULL,NULL,NULL,NULL,NULL,NULL,NULL,NULL,NULL,NULL,NULL,NULL,NULL,NULL,NULL,NULL,NULL,NULL,NULL,NULL,NULL,NULL,NULL,0,1,1,NULL,NULL,NULL,NULL,NULL),(606,'2013-05-04',-1.00,-1.00,NULL,NULL,NULL,NULL,NULL,NULL,NULL,NULL,NULL,NULL,NULL,NULL,NULL,NULL,NULL,NULL,NULL,NULL,NULL,NULL,NULL,NULL,NULL,NULL,NULL,NULL,0,2,1,NULL,NULL,NULL,NULL,NULL),(607,'2013-05-04',-1.00,-1.00,NULL,NULL,NULL,NULL,NULL,NULL,NULL,NULL,NULL,NULL,NULL,NULL,NULL,NULL,NULL,NULL,NULL,NULL,NULL,NULL,NULL,NULL,NULL,NULL,NULL,NULL,0,4,1,NULL,NULL,NULL,NULL,NULL),(608,'2013-05-04',-1.00,-1.00,NULL,NULL,NULL,NULL,NULL,NULL,NULL,NULL,NULL,NULL,NULL,NULL,NULL,NULL,NULL,NULL,NULL,NULL,NULL,NULL,NULL,NULL,NULL,NULL,NULL,NULL,0,5,1,NULL,NULL,NULL,NULL,NULL),(609,'2013-05-04',-1.00,-1.00,NULL,NULL,NULL,NULL,NULL,NULL,NULL,NULL,NULL,NULL,NULL,NULL,NULL,NULL,NULL,11.00,-89.00,11.00,NULL,NULL,NULL,NULL,NULL,NULL,NULL,NULL,0,6,1,NULL,NULL,NULL,NULL,NULL),(610,'2013-05-04',-1.00,-1.00,NULL,NULL,NULL,NULL,NULL,NULL,NULL,NULL,NULL,NULL,NULL,NULL,NULL,NULL,NULL,NULL,NULL,NULL,NULL,NULL,NULL,NULL,NULL,NULL,NULL,NULL,0,8,1,NULL,NULL,NULL,NULL,NULL),(611,'2013-05-04',-1.00,-1.00,NULL,NULL,NULL,NULL,NULL,NULL,NULL,NULL,NULL,NULL,NULL,NULL,NULL,NULL,NULL,NULL,NULL,NULL,NULL,NULL,NULL,NULL,NULL,NULL,NULL,NULL,0,9,1,NULL,NULL,NULL,NULL,NULL),(612,'2013-05-04',-1.00,-1.00,NULL,NULL,NULL,NULL,NULL,NULL,NULL,NULL,NULL,NULL,NULL,NULL,NULL,NULL,NULL,NULL,NULL,NULL,NULL,NULL,NULL,NULL,NULL,NULL,NULL,NULL,0,11,1,NULL,NULL,NULL,NULL,NULL),(613,'2013-05-04',-1.00,-1.00,NULL,NULL,NULL,NULL,NULL,NULL,NULL,NULL,NULL,NULL,NULL,NULL,NULL,NULL,NULL,NULL,NULL,NULL,NULL,NULL,NULL,NULL,NULL,NULL,NULL,NULL,0,12,1,NULL,NULL,NULL,NULL,NULL),(614,'2013-05-04',-1.00,-1.00,NULL,NULL,NULL,NULL,NULL,NULL,NULL,NULL,NULL,NULL,NULL,NULL,NULL,NULL,NULL,NULL,NULL,NULL,NULL,NULL,NULL,NULL,NULL,NULL,NULL,NULL,0,13,1,NULL,NULL,NULL,NULL,NULL),(615,'2013-05-04',-1.00,-1.00,NULL,NULL,NULL,NULL,NULL,NULL,NULL,NULL,NULL,NULL,NULL,NULL,NULL,NULL,NULL,10.00,-90.00,10.00,NULL,NULL,NULL,NULL,NULL,NULL,NULL,NULL,0,14,1,NULL,NULL,NULL,NULL,NULL),(616,'2013-05-04',-1.00,-1.00,NULL,NULL,NULL,NULL,NULL,NULL,NULL,NULL,NULL,NULL,NULL,NULL,NULL,NULL,NULL,NULL,NULL,NULL,NULL,NULL,NULL,NULL,NULL,NULL,NULL,NULL,0,15,1,NULL,NULL,NULL,NULL,NULL),(617,'2013-05-04',-1.00,-1.00,NULL,NULL,NULL,NULL,NULL,NULL,NULL,NULL,NULL,NULL,NULL,NULL,NULL,NULL,NULL,NULL,NULL,NULL,NULL,NULL,NULL,NULL,NULL,NULL,NULL,NULL,0,16,1,NULL,NULL,NULL,NULL,NULL),(618,'2013-05-04',-1.00,-1.00,NULL,NULL,NULL,NULL,NULL,NULL,NULL,NULL,NULL,NULL,NULL,NULL,NULL,NULL,NULL,NULL,NULL,NULL,NULL,NULL,NULL,NULL,NULL,NULL,NULL,NULL,0,17,1,NULL,NULL,NULL,NULL,NULL),(619,'2013-05-04',-1.00,-1.00,NULL,NULL,NULL,NULL,NULL,NULL,NULL,NULL,NULL,NULL,NULL,NULL,NULL,NULL,NULL,NULL,NULL,NULL,NULL,NULL,NULL,NULL,NULL,NULL,NULL,NULL,0,18,1,NULL,NULL,NULL,NULL,NULL),(620,'2013-05-05',-1.00,-1.00,NULL,NULL,NULL,NULL,NULL,NULL,NULL,NULL,NULL,NULL,NULL,NULL,NULL,NULL,NULL,NULL,NULL,NULL,NULL,NULL,NULL,NULL,NULL,NULL,NULL,NULL,0,1,1,NULL,NULL,NULL,NULL,NULL),(621,'2013-05-05',-1.00,-1.00,NULL,NULL,NULL,NULL,NULL,NULL,NULL,NULL,NULL,NULL,NULL,NULL,NULL,NULL,NULL,NULL,NULL,NULL,NULL,NULL,NULL,NULL,NULL,NULL,NULL,NULL,0,2,1,NULL,NULL,NULL,NULL,NULL),(622,'2013-05-05',-1.00,-1.00,NULL,NULL,NULL,NULL,NULL,NULL,NULL,NULL,NULL,NULL,NULL,NULL,NULL,NULL,NULL,50.00,-50.00,50.00,NULL,NULL,NULL,NULL,NULL,NULL,NULL,NULL,0,4,1,NULL,NULL,NULL,NULL,NULL),(623,'2013-05-05',-1.00,-1.00,NULL,NULL,NULL,NULL,NULL,NULL,NULL,NULL,NULL,NULL,NULL,NULL,NULL,NULL,NULL,NULL,NULL,NULL,NULL,NULL,NULL,NULL,NULL,NULL,NULL,NULL,0,5,1,NULL,NULL,NULL,NULL,NULL),(624,'2013-05-05',-1.00,-1.00,NULL,NULL,NULL,NULL,NULL,NULL,NULL,NULL,NULL,NULL,NULL,NULL,NULL,NULL,NULL,NULL,NULL,NULL,NULL,NULL,NULL,NULL,NULL,NULL,NULL,NULL,0,6,1,NULL,NULL,NULL,NULL,NULL),(625,'2013-05-05',-1.00,-1.00,NULL,NULL,NULL,NULL,NULL,NULL,NULL,NULL,NULL,NULL,NULL,NULL,NULL,NULL,NULL,NULL,NULL,NULL,NULL,NULL,NULL,NULL,NULL,NULL,NULL,NULL,0,8,1,NULL,NULL,NULL,NULL,NULL),(626,'2013-05-05',-1.00,-1.00,NULL,NULL,NULL,NULL,NULL,NULL,NULL,NULL,NULL,NULL,NULL,NULL,NULL,NULL,NULL,NULL,NULL,NULL,NULL,NULL,NULL,NULL,NULL,NULL,NULL,NULL,0,9,1,NULL,NULL,NULL,NULL,NULL),(627,'2013-05-05',-1.00,-1.00,NULL,NULL,NULL,NULL,NULL,NULL,NULL,NULL,NULL,NULL,NULL,NULL,NULL,NULL,NULL,NULL,NULL,NULL,NULL,NULL,NULL,NULL,NULL,NULL,NULL,NULL,0,11,1,NULL,NULL,NULL,NULL,NULL),(628,'2013-05-05',-1.00,-1.00,NULL,NULL,NULL,NULL,NULL,NULL,NULL,NULL,NULL,NULL,NULL,NULL,NULL,NULL,NULL,NULL,NULL,NULL,NULL,NULL,NULL,NULL,NULL,NULL,NULL,NULL,0,12,1,NULL,NULL,NULL,NULL,NULL),(629,'2013-05-05',-1.00,-1.00,NULL,NULL,NULL,NULL,NULL,NULL,NULL,NULL,NULL,NULL,NULL,NULL,NULL,NULL,NULL,NULL,NULL,NULL,NULL,NULL,NULL,NULL,NULL,NULL,NULL,NULL,0,13,1,NULL,NULL,NULL,NULL,NULL),(630,'2013-05-05',-1.00,-1.00,NULL,NULL,NULL,NULL,NULL,NULL,NULL,NULL,NULL,NULL,NULL,NULL,NULL,NULL,NULL,NULL,NULL,NULL,NULL,NULL,NULL,NULL,NULL,NULL,NULL,NULL,0,14,1,NULL,NULL,NULL,NULL,NULL),(631,'2013-05-05',-1.00,-1.00,NULL,NULL,NULL,NULL,NULL,NULL,NULL,NULL,NULL,NULL,NULL,NULL,NULL,NULL,NULL,NULL,NULL,NULL,NULL,NULL,NULL,NULL,NULL,NULL,NULL,NULL,0,15,1,NULL,NULL,NULL,NULL,NULL),(632,'2013-05-05',-1.00,-1.00,NULL,NULL,NULL,NULL,NULL,NULL,NULL,NULL,NULL,NULL,NULL,NULL,NULL,NULL,NULL,100.00,0.00,100.00,NULL,NULL,NULL,NULL,NULL,NULL,NULL,NULL,0,16,1,NULL,NULL,NULL,NULL,NULL),(633,'2013-05-05',-1.00,-1.00,NULL,NULL,NULL,NULL,NULL,NULL,NULL,NULL,NULL,NULL,NULL,NULL,NULL,NULL,NULL,NULL,NULL,NULL,NULL,NULL,NULL,NULL,NULL,NULL,NULL,NULL,0,17,1,NULL,NULL,NULL,NULL,NULL),(634,'2013-05-05',-1.00,-1.00,NULL,NULL,NULL,NULL,NULL,NULL,NULL,NULL,NULL,NULL,NULL,NULL,NULL,NULL,NULL,NULL,NULL,NULL,NULL,NULL,NULL,NULL,NULL,NULL,NULL,NULL,0,18,1,NULL,NULL,NULL,NULL,NULL),(639,'2013-05-06',-1.00,-1.00,NULL,NULL,NULL,NULL,NULL,NULL,NULL,NULL,NULL,NULL,NULL,NULL,NULL,NULL,NULL,NULL,NULL,NULL,NULL,NULL,NULL,NULL,NULL,NULL,NULL,NULL,0,6,1,NULL,NULL,NULL,NULL,NULL),(640,'2013-05-06',-1.00,-1.00,NULL,NULL,NULL,NULL,NULL,NULL,NULL,NULL,NULL,NULL,NULL,NULL,NULL,NULL,NULL,50.00,-50.00,50.00,NULL,NULL,NULL,NULL,NULL,NULL,NULL,NULL,0,8,1,NULL,NULL,NULL,NULL,NULL),(641,'2013-05-06',-1.00,-1.00,NULL,NULL,NULL,NULL,NULL,NULL,NULL,NULL,NULL,NULL,NULL,NULL,NULL,NULL,NULL,NULL,NULL,NULL,NULL,NULL,NULL,NULL,NULL,NULL,NULL,NULL,0,9,1,NULL,NULL,NULL,NULL,NULL),(642,'2013-05-06',-1.00,-1.00,NULL,NULL,NULL,NULL,NULL,NULL,NULL,NULL,NULL,NULL,NULL,NULL,NULL,NULL,NULL,20.00,-80.00,20.00,NULL,NULL,NULL,NULL,NULL,NULL,NULL,NULL,0,11,1,NULL,NULL,NULL,NULL,NULL),(643,'2013-05-06',-1.00,-1.00,NULL,NULL,NULL,NULL,NULL,NULL,NULL,NULL,NULL,NULL,NULL,NULL,NULL,NULL,NULL,NULL,NULL,NULL,NULL,NULL,NULL,NULL,NULL,NULL,NULL,NULL,0,12,1,NULL,NULL,NULL,NULL,NULL),(644,'2013-05-06',-1.00,-1.00,NULL,NULL,NULL,NULL,NULL,NULL,NULL,NULL,NULL,NULL,NULL,NULL,NULL,NULL,NULL,NULL,NULL,NULL,NULL,NULL,NULL,NULL,NULL,NULL,NULL,NULL,0,13,1,NULL,NULL,NULL,NULL,NULL),(645,'2013-05-06',-1.00,-1.00,NULL,NULL,NULL,NULL,NULL,NULL,NULL,NULL,NULL,NULL,NULL,NULL,NULL,NULL,NULL,100.00,0.00,100.00,NULL,NULL,NULL,NULL,NULL,NULL,NULL,NULL,0,14,1,NULL,NULL,NULL,NULL,NULL),(646,'2013-05-06',-1.00,-1.00,NULL,NULL,NULL,NULL,NULL,NULL,NULL,NULL,NULL,NULL,NULL,NULL,NULL,NULL,NULL,50.00,-50.00,50.00,NULL,NULL,NULL,NULL,NULL,NULL,NULL,NULL,0,15,1,NULL,NULL,NULL,NULL,NULL),(647,'2013-05-06',-1.00,-1.00,NULL,NULL,NULL,NULL,NULL,NULL,NULL,NULL,NULL,NULL,NULL,NULL,NULL,NULL,NULL,NULL,NULL,NULL,NULL,NULL,NULL,NULL,NULL,NULL,NULL,NULL,0,16,1,NULL,NULL,NULL,NULL,NULL),(648,'2013-05-06',-1.00,-1.00,NULL,NULL,NULL,NULL,NULL,NULL,NULL,NULL,NULL,NULL,NULL,NULL,NULL,NULL,NULL,NULL,NULL,NULL,NULL,NULL,NULL,NULL,NULL,NULL,NULL,NULL,0,17,1,NULL,NULL,NULL,NULL,NULL),(649,'2013-05-06',-1.00,-1.00,NULL,NULL,NULL,NULL,NULL,NULL,NULL,NULL,NULL,NULL,NULL,NULL,NULL,NULL,NULL,NULL,NULL,NULL,NULL,NULL,NULL,NULL,NULL,NULL,NULL,NULL,0,18,1,NULL,NULL,NULL,NULL,NULL),(650,'2013-05-07',-1.00,-1.00,NULL,NULL,NULL,NULL,NULL,NULL,NULL,NULL,NULL,NULL,NULL,NULL,NULL,NULL,NULL,NULL,NULL,NULL,NULL,NULL,NULL,NULL,NULL,NULL,NULL,NULL,0,1,1,NULL,NULL,NULL,NULL,NULL),(651,'2013-05-07',-1.00,-1.00,NULL,NULL,NULL,NULL,NULL,NULL,NULL,NULL,NULL,NULL,NULL,NULL,NULL,NULL,NULL,100.00,0.00,100.00,NULL,NULL,NULL,NULL,NULL,NULL,NULL,NULL,0,2,1,NULL,NULL,NULL,NULL,NULL),(652,'2013-05-07',-1.00,-1.00,NULL,NULL,NULL,NULL,NULL,NULL,NULL,NULL,NULL,NULL,NULL,NULL,NULL,NULL,NULL,NULL,NULL,NULL,NULL,NULL,NULL,NULL,NULL,NULL,NULL,NULL,0,4,1,NULL,NULL,NULL,NULL,NULL),(653,'2013-05-07',100.00,-1.00,NULL,NULL,NULL,NULL,NULL,NULL,NULL,NULL,NULL,NULL,NULL,NULL,NULL,NULL,NULL,NULL,NULL,NULL,NULL,NULL,NULL,NULL,NULL,NULL,NULL,NULL,0,5,1,NULL,NULL,NULL,NULL,NULL),(654,'2013-05-07',-1.00,-1.00,NULL,NULL,NULL,NULL,NULL,NULL,NULL,NULL,NULL,NULL,NULL,NULL,NULL,NULL,NULL,NULL,NULL,NULL,NULL,NULL,NULL,NULL,NULL,NULL,NULL,NULL,0,6,1,NULL,NULL,NULL,NULL,NULL),(655,'2013-05-07',-1.00,-1.00,NULL,NULL,NULL,NULL,NULL,NULL,NULL,NULL,NULL,NULL,NULL,NULL,NULL,NULL,NULL,NULL,NULL,NULL,NULL,NULL,NULL,NULL,NULL,NULL,NULL,NULL,0,8,1,NULL,NULL,NULL,NULL,NULL),(656,'2013-05-07',-1.00,-1.00,NULL,NULL,NULL,NULL,NULL,NULL,NULL,NULL,NULL,NULL,NULL,NULL,NULL,NULL,NULL,NULL,NULL,NULL,NULL,NULL,NULL,NULL,NULL,NULL,NULL,NULL,0,9,1,NULL,NULL,NULL,NULL,NULL),(657,'2013-05-07',-1.00,-1.00,NULL,NULL,NULL,NULL,NULL,NULL,NULL,NULL,NULL,NULL,NULL,NULL,NULL,NULL,NULL,NULL,NULL,NULL,NULL,NULL,NULL,NULL,NULL,NULL,NULL,NULL,0,11,1,NULL,NULL,NULL,NULL,NULL),(658,'2013-05-07',-1.00,-1.00,NULL,NULL,NULL,NULL,NULL,NULL,NULL,NULL,NULL,NULL,NULL,NULL,NULL,NULL,NULL,NULL,NULL,NULL,NULL,NULL,NULL,NULL,NULL,NULL,NULL,NULL,0,12,1,NULL,NULL,NULL,NULL,NULL),(659,'2013-05-07',-1.00,-1.00,NULL,NULL,NULL,NULL,NULL,NULL,NULL,NULL,NULL,NULL,NULL,NULL,NULL,NULL,NULL,NULL,NULL,NULL,NULL,NULL,NULL,NULL,NULL,NULL,NULL,NULL,0,13,1,NULL,NULL,NULL,NULL,NULL),(660,'2013-05-07',-1.00,-1.00,NULL,NULL,NULL,NULL,NULL,NULL,NULL,NULL,NULL,NULL,NULL,NULL,NULL,NULL,NULL,NULL,NULL,NULL,NULL,NULL,NULL,NULL,NULL,NULL,NULL,NULL,0,14,1,NULL,NULL,NULL,NULL,NULL),(661,'2013-05-07',-1.00,-1.00,NULL,NULL,NULL,NULL,NULL,NULL,NULL,NULL,NULL,NULL,NULL,NULL,NULL,NULL,NULL,NULL,NULL,NULL,NULL,NULL,NULL,NULL,NULL,NULL,NULL,NULL,0,15,1,NULL,NULL,NULL,NULL,NULL),(662,'2013-05-07',-1.00,-1.00,NULL,NULL,NULL,NULL,NULL,NULL,NULL,NULL,NULL,NULL,NULL,NULL,NULL,NULL,NULL,NULL,NULL,NULL,NULL,NULL,NULL,NULL,NULL,NULL,NULL,NULL,0,16,1,NULL,NULL,NULL,NULL,NULL),(663,'2013-05-07',-1.00,-1.00,NULL,NULL,NULL,NULL,NULL,NULL,NULL,NULL,NULL,NULL,NULL,NULL,NULL,NULL,NULL,100.00,0.00,100.00,NULL,NULL,NULL,NULL,NULL,NULL,NULL,NULL,0,17,1,NULL,NULL,NULL,NULL,NULL),(664,'2013-05-07',-1.00,-1.00,NULL,NULL,NULL,NULL,NULL,NULL,NULL,NULL,NULL,NULL,NULL,NULL,NULL,NULL,NULL,NULL,NULL,NULL,NULL,NULL,NULL,NULL,NULL,NULL,NULL,NULL,0,18,1,NULL,NULL,NULL,NULL,NULL),(665,'2013-05-08',-1.00,-1.00,NULL,NULL,NULL,NULL,NULL,NULL,NULL,NULL,NULL,NULL,NULL,NULL,NULL,NULL,NULL,NULL,NULL,NULL,NULL,NULL,NULL,NULL,NULL,NULL,NULL,NULL,0,1,1,NULL,NULL,NULL,NULL,NULL),(666,'2013-05-08',-1.00,-1.00,NULL,NULL,NULL,NULL,NULL,NULL,NULL,NULL,NULL,NULL,NULL,NULL,NULL,NULL,NULL,100.00,0.00,100.00,NULL,NULL,NULL,NULL,NULL,NULL,NULL,NULL,0,2,1,NULL,NULL,NULL,NULL,NULL),(667,'2013-05-08',-1.00,-1.00,NULL,NULL,NULL,NULL,NULL,NULL,NULL,NULL,NULL,NULL,NULL,NULL,NULL,NULL,NULL,NULL,NULL,NULL,NULL,NULL,NULL,NULL,NULL,NULL,NULL,NULL,0,4,1,NULL,NULL,NULL,NULL,NULL),(668,'2013-05-08',-1.00,-1.00,NULL,NULL,NULL,NULL,NULL,NULL,NULL,NULL,NULL,NULL,NULL,NULL,NULL,NULL,NULL,NULL,NULL,NULL,NULL,NULL,NULL,NULL,NULL,NULL,NULL,NULL,0,5,1,NULL,NULL,NULL,NULL,NULL),(669,'2013-05-08',-1.00,-1.00,NULL,NULL,NULL,NULL,NULL,NULL,NULL,NULL,NULL,NULL,NULL,NULL,NULL,NULL,NULL,NULL,NULL,NULL,NULL,NULL,NULL,NULL,NULL,NULL,NULL,NULL,0,6,1,NULL,NULL,NULL,NULL,NULL),(670,'2013-05-08',-1.00,-1.00,NULL,NULL,NULL,NULL,NULL,NULL,NULL,NULL,NULL,NULL,NULL,NULL,NULL,NULL,NULL,NULL,NULL,NULL,NULL,NULL,NULL,NULL,NULL,NULL,NULL,NULL,0,8,1,NULL,NULL,NULL,NULL,NULL),(671,'2013-05-08',-1.00,-1.00,NULL,NULL,NULL,NULL,NULL,NULL,NULL,NULL,NULL,NULL,NULL,NULL,NULL,NULL,NULL,NULL,NULL,NULL,NULL,NULL,NULL,NULL,NULL,NULL,NULL,NULL,0,9,1,NULL,NULL,NULL,NULL,NULL),(672,'2013-05-08',-1.00,-1.00,NULL,NULL,NULL,NULL,NULL,NULL,NULL,NULL,NULL,NULL,NULL,NULL,NULL,NULL,NULL,NULL,NULL,NULL,NULL,NULL,NULL,NULL,NULL,NULL,NULL,NULL,0,11,1,NULL,NULL,NULL,NULL,NULL),(673,'2013-05-08',-1.00,-1.00,NULL,NULL,NULL,NULL,NULL,NULL,NULL,NULL,NULL,NULL,NULL,NULL,NULL,NULL,NULL,100.00,0.00,100.00,NULL,NULL,NULL,NULL,NULL,NULL,NULL,NULL,0,12,1,NULL,NULL,NULL,NULL,NULL),(674,'2013-05-08',-1.00,-1.00,NULL,NULL,NULL,NULL,NULL,NULL,NULL,NULL,NULL,NULL,NULL,NULL,NULL,NULL,NULL,99.00,-1.00,99.00,NULL,NULL,NULL,NULL,NULL,NULL,NULL,NULL,0,13,1,NULL,NULL,NULL,NULL,NULL),(675,'2013-05-08',-1.00,-1.00,NULL,NULL,NULL,NULL,NULL,NULL,NULL,NULL,NULL,NULL,NULL,NULL,NULL,NULL,NULL,100.00,0.00,100.00,NULL,NULL,NULL,NULL,NULL,NULL,NULL,NULL,0,14,1,NULL,NULL,NULL,NULL,NULL),(676,'2013-05-08',-1.00,-1.00,NULL,NULL,NULL,NULL,NULL,NULL,NULL,NULL,NULL,NULL,NULL,NULL,NULL,NULL,NULL,NULL,NULL,NULL,NULL,NULL,NULL,NULL,NULL,NULL,NULL,NULL,0,15,1,NULL,NULL,NULL,NULL,NULL),(677,'2013-05-08',-1.00,-1.00,NULL,NULL,NULL,NULL,NULL,NULL,NULL,NULL,NULL,NULL,NULL,NULL,NULL,NULL,NULL,NULL,NULL,NULL,NULL,NULL,NULL,NULL,NULL,NULL,NULL,NULL,0,16,1,NULL,NULL,NULL,NULL,NULL),(678,'2013-05-08',-1.00,-1.00,NULL,NULL,NULL,NULL,NULL,NULL,NULL,NULL,NULL,NULL,NULL,NULL,NULL,NULL,NULL,100.00,0.00,100.00,NULL,NULL,NULL,NULL,NULL,NULL,NULL,NULL,0,17,1,NULL,NULL,NULL,NULL,NULL),(679,'2013-05-08',-1.00,-1.00,NULL,NULL,NULL,NULL,NULL,NULL,NULL,NULL,NULL,NULL,NULL,NULL,NULL,NULL,NULL,NULL,NULL,NULL,NULL,NULL,NULL,NULL,NULL,NULL,NULL,NULL,0,18,1,NULL,NULL,NULL,NULL,NULL),(681,'2013-05-09',45.00,23.00,NULL,NULL,NULL,NULL,NULL,NULL,NULL,NULL,NULL,NULL,NULL,NULL,NULL,NULL,NULL,NULL,NULL,NULL,'2013-05-16 12:52:25','2013-05-09 00:00:00',NULL,NULL,NULL,NULL,NULL,NULL,0,4,1,NULL,NULL,NULL,NULL,NULL),(682,'2013-05-14',-1.00,-1.00,NULL,NULL,NULL,NULL,NULL,NULL,NULL,NULL,NULL,NULL,NULL,NULL,NULL,NULL,NULL,NULL,NULL,NULL,NULL,NULL,NULL,NULL,NULL,NULL,NULL,NULL,0,1,1,NULL,NULL,NULL,NULL,NULL),(683,'2013-05-14',-1.00,-1.00,NULL,NULL,NULL,NULL,NULL,NULL,NULL,NULL,NULL,NULL,NULL,NULL,NULL,NULL,NULL,100.00,0.00,100.00,NULL,NULL,NULL,NULL,NULL,NULL,NULL,NULL,0,2,1,NULL,NULL,NULL,NULL,NULL),(684,'2013-05-14',-1.00,-1.00,NULL,NULL,NULL,NULL,NULL,NULL,NULL,NULL,NULL,NULL,NULL,NULL,NULL,NULL,NULL,NULL,NULL,NULL,NULL,NULL,NULL,NULL,NULL,NULL,NULL,NULL,0,4,1,NULL,NULL,NULL,NULL,NULL),(685,'2013-05-14',-1.00,-1.00,NULL,NULL,NULL,NULL,NULL,NULL,NULL,NULL,NULL,NULL,NULL,NULL,NULL,NULL,NULL,NULL,NULL,NULL,NULL,NULL,NULL,NULL,NULL,NULL,NULL,NULL,0,5,1,NULL,NULL,NULL,NULL,NULL),(686,'2013-05-14',-1.00,-1.00,NULL,NULL,NULL,NULL,NULL,NULL,NULL,NULL,NULL,NULL,NULL,NULL,NULL,NULL,NULL,11.00,-89.00,11.00,NULL,NULL,NULL,NULL,NULL,NULL,NULL,NULL,0,6,1,NULL,NULL,NULL,NULL,NULL),(687,'2013-05-14',-1.00,-1.00,NULL,NULL,NULL,NULL,NULL,NULL,NULL,NULL,NULL,NULL,NULL,NULL,NULL,NULL,NULL,NULL,NULL,NULL,NULL,NULL,NULL,NULL,NULL,NULL,NULL,NULL,0,8,1,NULL,NULL,NULL,NULL,NULL),(688,'2013-05-14',-1.00,-1.00,NULL,NULL,NULL,NULL,NULL,NULL,NULL,NULL,NULL,NULL,NULL,NULL,NULL,NULL,NULL,NULL,NULL,NULL,NULL,NULL,NULL,NULL,NULL,NULL,NULL,NULL,0,9,1,NULL,NULL,NULL,NULL,NULL),(689,'2013-05-14',-1.00,-1.00,NULL,NULL,NULL,NULL,NULL,NULL,NULL,NULL,NULL,NULL,NULL,NULL,NULL,NULL,NULL,10.00,-90.00,10.00,NULL,NULL,NULL,NULL,NULL,NULL,NULL,NULL,0,11,1,NULL,NULL,NULL,NULL,NULL),(690,'2013-05-14',-1.00,-1.00,NULL,NULL,NULL,NULL,NULL,NULL,NULL,NULL,NULL,NULL,NULL,NULL,NULL,NULL,NULL,10.00,-90.00,10.00,NULL,NULL,NULL,NULL,NULL,NULL,NULL,NULL,0,12,1,NULL,NULL,NULL,NULL,NULL),(691,'2013-05-14',-1.00,-1.00,NULL,NULL,NULL,NULL,NULL,NULL,NULL,NULL,NULL,NULL,NULL,NULL,NULL,NULL,NULL,NULL,NULL,NULL,NULL,NULL,NULL,NULL,NULL,NULL,NULL,NULL,0,13,1,NULL,NULL,NULL,NULL,NULL),(692,'2013-05-14',-1.00,-1.00,NULL,NULL,NULL,NULL,NULL,NULL,NULL,NULL,NULL,NULL,NULL,NULL,NULL,NULL,NULL,NULL,NULL,NULL,NULL,NULL,NULL,NULL,NULL,NULL,NULL,NULL,0,14,1,NULL,NULL,NULL,NULL,NULL),(693,'2013-05-14',-1.00,-1.00,NULL,NULL,NULL,NULL,NULL,NULL,NULL,NULL,NULL,NULL,NULL,NULL,NULL,NULL,NULL,NULL,NULL,NULL,NULL,NULL,NULL,NULL,NULL,NULL,NULL,NULL,0,15,1,NULL,NULL,NULL,NULL,NULL),(694,'2013-05-14',-1.00,-1.00,NULL,NULL,NULL,NULL,NULL,NULL,NULL,NULL,NULL,NULL,NULL,NULL,NULL,NULL,NULL,NULL,NULL,NULL,NULL,NULL,NULL,NULL,NULL,NULL,NULL,NULL,0,16,1,NULL,NULL,NULL,NULL,NULL),(695,'2013-05-14',-1.00,-1.00,NULL,NULL,NULL,NULL,NULL,NULL,NULL,NULL,NULL,NULL,NULL,NULL,NULL,NULL,NULL,NULL,NULL,NULL,NULL,NULL,NULL,NULL,NULL,NULL,NULL,NULL,0,17,1,NULL,NULL,NULL,NULL,NULL),(697,'2013-05-15',-1.00,-1.00,NULL,NULL,NULL,NULL,NULL,NULL,NULL,NULL,NULL,NULL,NULL,NULL,NULL,NULL,NULL,NULL,NULL,NULL,NULL,NULL,NULL,NULL,NULL,NULL,NULL,NULL,0,1,1,NULL,NULL,NULL,NULL,NULL),(698,'2013-05-15',-1.00,-1.00,NULL,NULL,NULL,NULL,NULL,NULL,NULL,NULL,NULL,NULL,NULL,NULL,NULL,NULL,NULL,100.00,0.00,100.00,NULL,NULL,NULL,NULL,NULL,NULL,NULL,NULL,0,2,1,NULL,NULL,NULL,NULL,NULL),(699,'2013-05-15',222.00,300.00,21.00,23.00,123.00,5.00,5.00,5.00,55.00,5.00,5.00,55.00,5.00,5.00,2.00,NULL,'dcdwe',50.00,-50.00,-220.00,'2013-05-16 17:59:35','2013-05-16 17:57:26',NULL,NULL,NULL,'2013-05-16','08:00:00','monica',0,4,1,NULL,NULL,NULL,NULL,NULL),(700,'2013-05-15',-1.00,-1.00,NULL,NULL,NULL,NULL,NULL,NULL,NULL,NULL,NULL,NULL,NULL,NULL,NULL,NULL,NULL,100.00,0.00,100.00,NULL,NULL,NULL,NULL,NULL,NULL,NULL,NULL,0,5,1,NULL,NULL,NULL,NULL,NULL),(701,'2013-05-15',-1.00,-1.00,NULL,NULL,NULL,NULL,NULL,NULL,NULL,NULL,NULL,NULL,NULL,NULL,NULL,NULL,NULL,NULL,NULL,NULL,NULL,NULL,NULL,NULL,NULL,NULL,NULL,NULL,0,6,1,NULL,NULL,NULL,NULL,NULL),(702,'2013-05-15',-1.00,-1.00,NULL,NULL,NULL,NULL,NULL,NULL,NULL,NULL,NULL,NULL,NULL,NULL,NULL,NULL,NULL,NULL,NULL,NULL,NULL,NULL,NULL,NULL,NULL,NULL,NULL,NULL,0,8,1,NULL,NULL,NULL,NULL,NULL),(703,'2013-05-15',-1.00,-1.00,NULL,NULL,NULL,NULL,NULL,NULL,NULL,NULL,NULL,NULL,NULL,NULL,NULL,NULL,NULL,NULL,NULL,NULL,NULL,NULL,NULL,NULL,NULL,NULL,NULL,NULL,0,9,1,NULL,NULL,NULL,NULL,NULL),(704,'2013-05-15',-1.00,-1.00,NULL,NULL,NULL,NULL,NULL,NULL,NULL,NULL,NULL,NULL,NULL,NULL,NULL,NULL,NULL,NULL,NULL,NULL,NULL,NULL,NULL,NULL,NULL,NULL,NULL,NULL,0,11,1,NULL,NULL,NULL,NULL,NULL),(705,'2013-05-15',-1.00,-1.00,NULL,NULL,NULL,NULL,NULL,NULL,NULL,NULL,NULL,NULL,NULL,NULL,NULL,NULL,NULL,NULL,NULL,NULL,NULL,NULL,NULL,NULL,NULL,NULL,NULL,NULL,0,12,1,NULL,NULL,NULL,NULL,NULL),(706,'2013-05-15',-1.00,-1.00,NULL,NULL,NULL,NULL,NULL,NULL,NULL,NULL,NULL,NULL,NULL,NULL,NULL,NULL,NULL,NULL,NULL,NULL,NULL,NULL,NULL,NULL,NULL,NULL,NULL,NULL,0,13,1,NULL,NULL,NULL,NULL,NULL),(707,'2013-05-15',-1.00,-1.00,NULL,NULL,NULL,NULL,NULL,NULL,NULL,NULL,NULL,NULL,NULL,NULL,NULL,NULL,NULL,100.00,0.00,100.00,NULL,NULL,NULL,NULL,NULL,NULL,NULL,NULL,0,14,1,NULL,NULL,NULL,NULL,NULL),(708,'2013-05-15',-1.00,-1.00,NULL,NULL,NULL,NULL,NULL,NULL,NULL,NULL,NULL,NULL,NULL,NULL,NULL,NULL,NULL,NULL,NULL,NULL,NULL,NULL,NULL,NULL,NULL,NULL,NULL,NULL,0,15,1,NULL,NULL,NULL,NULL,NULL),(709,'2013-05-15',-1.00,-1.00,NULL,NULL,NULL,NULL,NULL,NULL,NULL,NULL,NULL,NULL,NULL,NULL,NULL,NULL,NULL,NULL,NULL,NULL,NULL,NULL,NULL,NULL,NULL,NULL,NULL,NULL,0,16,1,NULL,NULL,NULL,NULL,NULL),(710,'2013-05-15',-1.00,-1.00,NULL,NULL,NULL,NULL,NULL,NULL,NULL,NULL,NULL,NULL,NULL,NULL,NULL,NULL,NULL,99.00,-1.00,99.00,NULL,NULL,NULL,NULL,NULL,NULL,NULL,NULL,0,17,1,NULL,NULL,NULL,NULL,NULL),(712,'2013-05-16',-1.00,-1.00,NULL,NULL,NULL,NULL,NULL,NULL,NULL,NULL,NULL,NULL,NULL,NULL,NULL,NULL,NULL,NULL,NULL,NULL,NULL,NULL,NULL,NULL,NULL,NULL,NULL,NULL,0,1,1,NULL,NULL,NULL,NULL,NULL),(713,'2013-05-16',-1.00,-1.00,NULL,NULL,NULL,NULL,NULL,NULL,NULL,NULL,NULL,NULL,NULL,NULL,NULL,NULL,NULL,100.00,0.00,100.00,NULL,NULL,NULL,NULL,NULL,NULL,NULL,NULL,0,2,1,NULL,NULL,NULL,NULL,NULL),(714,'2013-05-16',-1.00,-1.00,NULL,NULL,NULL,NULL,NULL,NULL,NULL,NULL,NULL,NULL,NULL,NULL,NULL,NULL,NULL,10.00,-90.00,10.00,NULL,NULL,NULL,NULL,NULL,NULL,NULL,NULL,0,4,1,NULL,NULL,NULL,NULL,NULL),(715,'2013-05-16',-1.00,-1.00,NULL,NULL,NULL,NULL,NULL,NULL,NULL,NULL,NULL,NULL,NULL,NULL,NULL,NULL,NULL,NULL,NULL,NULL,NULL,NULL,NULL,NULL,NULL,NULL,NULL,NULL,0,5,1,NULL,NULL,NULL,NULL,NULL),(716,'2013-05-16',-1.00,-1.00,NULL,NULL,NULL,NULL,NULL,NULL,NULL,NULL,NULL,NULL,NULL,NULL,NULL,NULL,NULL,NULL,NULL,NULL,NULL,NULL,NULL,NULL,NULL,NULL,NULL,NULL,0,6,1,NULL,NULL,NULL,NULL,NULL),(717,'2013-05-16',-1.00,-1.00,NULL,NULL,NULL,NULL,NULL,NULL,NULL,NULL,NULL,NULL,NULL,NULL,NULL,NULL,NULL,NULL,NULL,NULL,NULL,NULL,NULL,NULL,NULL,NULL,NULL,NULL,0,8,1,NULL,NULL,NULL,NULL,NULL),(718,'2013-05-16',-1.00,-1.00,NULL,NULL,NULL,NULL,NULL,NULL,NULL,NULL,NULL,NULL,NULL,NULL,NULL,NULL,NULL,NULL,NULL,NULL,NULL,NULL,NULL,NULL,NULL,NULL,NULL,NULL,0,9,1,NULL,NULL,NULL,NULL,NULL),(719,'2013-05-16',-1.00,-1.00,NULL,NULL,NULL,NULL,NULL,NULL,NULL,NULL,NULL,NULL,NULL,NULL,NULL,NULL,NULL,NULL,NULL,NULL,NULL,NULL,NULL,NULL,NULL,NULL,NULL,NULL,0,11,1,NULL,NULL,NULL,NULL,NULL),(720,'2013-05-16',-1.00,-1.00,NULL,NULL,NULL,NULL,NULL,NULL,NULL,NULL,NULL,NULL,NULL,NULL,NULL,NULL,NULL,NULL,NULL,NULL,NULL,NULL,NULL,NULL,NULL,NULL,NULL,NULL,0,12,1,NULL,NULL,NULL,NULL,NULL),(721,'2013-05-16',-1.00,-1.00,NULL,NULL,NULL,NULL,NULL,NULL,NULL,NULL,NULL,NULL,NULL,NULL,NULL,NULL,NULL,NULL,NULL,NULL,NULL,NULL,NULL,NULL,NULL,NULL,NULL,NULL,0,13,1,NULL,NULL,NULL,NULL,NULL),(722,'2013-05-16',-1.00,-1.00,NULL,NULL,NULL,NULL,NULL,NULL,NULL,NULL,NULL,NULL,NULL,NULL,NULL,NULL,NULL,NULL,NULL,NULL,NULL,NULL,NULL,NULL,NULL,NULL,NULL,NULL,0,14,1,NULL,NULL,NULL,NULL,NULL),(723,'2013-05-16',-1.00,-1.00,NULL,NULL,NULL,NULL,NULL,NULL,NULL,NULL,NULL,NULL,NULL,NULL,NULL,NULL,NULL,NULL,NULL,NULL,NULL,NULL,NULL,NULL,NULL,NULL,NULL,NULL,0,15,1,NULL,NULL,NULL,NULL,NULL),(724,'2013-05-16',-1.00,-1.00,NULL,NULL,NULL,NULL,NULL,NULL,NULL,NULL,NULL,NULL,NULL,NULL,NULL,NULL,NULL,NULL,NULL,NULL,NULL,NULL,NULL,NULL,NULL,NULL,NULL,NULL,0,16,1,NULL,NULL,NULL,NULL,NULL),(725,'2013-05-16',-1.00,-1.00,NULL,NULL,NULL,NULL,NULL,NULL,NULL,NULL,NULL,NULL,NULL,NULL,NULL,NULL,NULL,NULL,NULL,NULL,NULL,NULL,NULL,NULL,NULL,NULL,NULL,NULL,0,17,1,NULL,NULL,NULL,NULL,NULL),(727,'2013-05-11',222.00,300.00,NULL,NULL,123.00,324.00,122.00,234.00,5.00,55.00,185.00,212.00,55.00,4343.00,22.00,NULL,'dcdwe',50.00,-50.00,-5630.00,'2013-05-16 16:43:07','2013-05-16 16:47:31',NULL,NULL,NULL,'2013-05-15','08:00:00','monica',0,4,1,NULL,NULL,NULL,NULL,NULL),(728,'2013-05-17',-1.00,-1.00,NULL,NULL,NULL,NULL,NULL,NULL,NULL,NULL,NULL,NULL,NULL,NULL,NULL,NULL,NULL,NULL,NULL,NULL,NULL,NULL,NULL,NULL,NULL,NULL,NULL,NULL,0,1,1,NULL,NULL,NULL,NULL,NULL),(729,'2013-05-17',-1.00,-1.00,NULL,NULL,NULL,NULL,NULL,NULL,NULL,NULL,NULL,NULL,NULL,NULL,NULL,NULL,NULL,50.00,-50.00,50.00,NULL,NULL,NULL,NULL,NULL,NULL,NULL,NULL,0,2,1,NULL,NULL,NULL,NULL,NULL),(730,'2013-05-17',-1.00,-1.00,NULL,NULL,NULL,NULL,NULL,NULL,NULL,NULL,NULL,NULL,NULL,NULL,NULL,NULL,NULL,NULL,NULL,NULL,NULL,NULL,NULL,NULL,NULL,NULL,NULL,NULL,0,4,1,NULL,NULL,NULL,NULL,NULL),(731,'2013-05-17',-1.00,-1.00,NULL,NULL,NULL,NULL,NULL,NULL,NULL,NULL,NULL,NULL,NULL,NULL,NULL,NULL,NULL,NULL,NULL,NULL,NULL,NULL,NULL,NULL,NULL,NULL,NULL,NULL,0,5,1,NULL,NULL,NULL,NULL,NULL),(732,'2013-05-17',-1.00,-1.00,NULL,NULL,NULL,NULL,NULL,NULL,NULL,NULL,NULL,NULL,NULL,NULL,NULL,NULL,NULL,NULL,NULL,NULL,NULL,NULL,NULL,NULL,NULL,NULL,NULL,NULL,0,6,1,NULL,NULL,NULL,NULL,NULL),(733,'2013-05-17',-1.00,-1.00,NULL,NULL,NULL,NULL,NULL,NULL,NULL,NULL,NULL,NULL,NULL,NULL,NULL,NULL,NULL,NULL,NULL,NULL,NULL,NULL,NULL,NULL,NULL,NULL,NULL,NULL,0,8,1,NULL,NULL,NULL,NULL,NULL),(734,'2013-05-17',-1.00,-1.00,NULL,NULL,NULL,NULL,NULL,NULL,NULL,NULL,NULL,NULL,NULL,NULL,NULL,NULL,NULL,NULL,NULL,NULL,NULL,NULL,NULL,NULL,NULL,NULL,NULL,NULL,0,9,1,NULL,NULL,NULL,NULL,NULL),(735,'2013-05-17',-1.00,-1.00,NULL,NULL,NULL,NULL,NULL,NULL,NULL,NULL,NULL,NULL,NULL,NULL,NULL,NULL,NULL,NULL,NULL,NULL,NULL,NULL,NULL,NULL,NULL,NULL,NULL,NULL,0,11,1,NULL,NULL,NULL,NULL,NULL),(736,'2013-05-17',-1.00,-1.00,NULL,NULL,NULL,NULL,NULL,NULL,NULL,NULL,NULL,NULL,NULL,NULL,NULL,NULL,NULL,NULL,NULL,NULL,NULL,NULL,NULL,NULL,NULL,NULL,NULL,NULL,0,12,1,NULL,NULL,NULL,NULL,NULL),(737,'2013-05-17',-1.00,-1.00,NULL,NULL,NULL,NULL,NULL,NULL,NULL,NULL,NULL,NULL,NULL,NULL,NULL,NULL,NULL,NULL,NULL,NULL,NULL,NULL,NULL,NULL,NULL,NULL,NULL,NULL,0,13,1,NULL,NULL,NULL,NULL,NULL),(738,'2013-05-17',-1.00,-1.00,NULL,NULL,NULL,NULL,NULL,NULL,NULL,NULL,NULL,NULL,NULL,NULL,NULL,NULL,NULL,100.00,0.00,100.00,NULL,NULL,NULL,NULL,NULL,NULL,NULL,NULL,0,14,1,NULL,NULL,NULL,NULL,NULL),(739,'2013-05-17',-1.00,-1.00,NULL,NULL,NULL,NULL,NULL,NULL,NULL,NULL,NULL,NULL,NULL,NULL,NULL,NULL,NULL,NULL,NULL,NULL,NULL,NULL,NULL,NULL,NULL,NULL,NULL,NULL,0,15,1,NULL,NULL,NULL,NULL,NULL),(740,'2013-05-17',-1.00,-1.00,NULL,NULL,NULL,NULL,NULL,NULL,NULL,NULL,NULL,NULL,NULL,NULL,NULL,NULL,NULL,NULL,NULL,NULL,NULL,NULL,NULL,NULL,NULL,NULL,NULL,NULL,0,16,1,NULL,NULL,NULL,NULL,NULL),(741,'2013-05-17',-1.00,-1.00,NULL,NULL,NULL,NULL,NULL,NULL,NULL,NULL,NULL,NULL,NULL,NULL,NULL,NULL,NULL,NULL,NULL,NULL,NULL,NULL,NULL,506.00,NULL,NULL,NULL,NULL,0,17,1,NULL,NULL,NULL,NULL,NULL),(743,'2013-05-18',-1.00,-1.00,NULL,NULL,NULL,NULL,NULL,NULL,NULL,NULL,NULL,NULL,NULL,NULL,NULL,NULL,NULL,NULL,NULL,NULL,NULL,NULL,NULL,NULL,NULL,NULL,NULL,NULL,0,1,1,NULL,NULL,NULL,NULL,NULL),(744,'2013-05-18',-1.00,-1.00,NULL,NULL,NULL,NULL,NULL,NULL,NULL,NULL,NULL,NULL,NULL,NULL,NULL,NULL,NULL,100.00,0.00,100.00,NULL,NULL,NULL,NULL,NULL,NULL,NULL,NULL,0,2,1,NULL,NULL,NULL,NULL,NULL),(745,'2013-05-18',-1.00,-1.00,NULL,NULL,NULL,NULL,NULL,NULL,NULL,NULL,NULL,NULL,NULL,NULL,NULL,NULL,NULL,NULL,NULL,NULL,NULL,NULL,NULL,NULL,NULL,NULL,NULL,NULL,0,4,1,NULL,NULL,NULL,NULL,NULL),(746,'2013-05-18',-1.00,-1.00,NULL,NULL,NULL,NULL,NULL,NULL,NULL,NULL,NULL,NULL,NULL,NULL,NULL,NULL,NULL,NULL,NULL,NULL,NULL,NULL,NULL,NULL,NULL,NULL,NULL,NULL,0,5,1,NULL,NULL,NULL,NULL,NULL),(747,'2013-05-18',-1.00,-1.00,NULL,NULL,NULL,NULL,NULL,NULL,NULL,NULL,NULL,NULL,NULL,NULL,NULL,NULL,NULL,NULL,NULL,NULL,NULL,NULL,NULL,NULL,NULL,NULL,NULL,NULL,0,6,1,NULL,NULL,NULL,NULL,NULL),(748,'2013-05-18',-1.00,-1.00,NULL,NULL,NULL,NULL,NULL,NULL,NULL,NULL,NULL,NULL,NULL,NULL,NULL,NULL,NULL,90.00,-10.00,90.00,NULL,NULL,NULL,NULL,NULL,NULL,NULL,NULL,0,8,1,NULL,NULL,NULL,NULL,NULL),(749,'2013-05-18',-1.00,-1.00,NULL,NULL,NULL,NULL,NULL,NULL,NULL,NULL,NULL,NULL,NULL,NULL,NULL,NULL,NULL,NULL,NULL,NULL,NULL,NULL,NULL,NULL,NULL,NULL,NULL,NULL,0,9,1,NULL,NULL,NULL,NULL,NULL),(750,'2013-05-18',-1.00,-1.00,NULL,NULL,NULL,NULL,NULL,NULL,NULL,NULL,NULL,NULL,NULL,NULL,NULL,NULL,NULL,50.00,-50.00,50.00,NULL,NULL,NULL,NULL,NULL,NULL,NULL,NULL,0,11,1,NULL,NULL,NULL,NULL,NULL),(751,'2013-05-18',-1.00,-1.00,NULL,NULL,NULL,NULL,NULL,NULL,NULL,NULL,NULL,NULL,NULL,NULL,NULL,NULL,NULL,NULL,NULL,NULL,NULL,NULL,NULL,NULL,NULL,NULL,NULL,NULL,0,12,1,NULL,NULL,NULL,NULL,NULL),(752,'2013-05-18',-1.00,-1.00,NULL,NULL,NULL,NULL,NULL,NULL,NULL,NULL,NULL,NULL,NULL,NULL,NULL,NULL,NULL,NULL,NULL,NULL,NULL,NULL,NULL,NULL,NULL,NULL,NULL,NULL,0,13,1,NULL,NULL,NULL,NULL,NULL),(753,'2013-05-18',-1.00,-1.00,NULL,NULL,NULL,NULL,NULL,NULL,NULL,NULL,NULL,NULL,NULL,NULL,NULL,NULL,NULL,NULL,NULL,NULL,NULL,NULL,NULL,NULL,NULL,NULL,NULL,NULL,0,14,1,NULL,NULL,NULL,NULL,NULL),(754,'2013-05-18',-1.00,-1.00,NULL,NULL,NULL,NULL,NULL,NULL,NULL,NULL,NULL,NULL,NULL,NULL,NULL,NULL,NULL,NULL,NULL,NULL,NULL,NULL,NULL,NULL,NULL,NULL,NULL,NULL,0,15,1,NULL,NULL,NULL,NULL,NULL),(755,'2013-05-18',-1.00,-1.00,NULL,NULL,NULL,NULL,NULL,NULL,NULL,NULL,NULL,NULL,NULL,NULL,NULL,NULL,NULL,NULL,NULL,NULL,NULL,NULL,NULL,NULL,NULL,NULL,NULL,NULL,0,16,1,NULL,NULL,NULL,NULL,NULL),(756,'2013-05-18',-1.00,-1.00,NULL,NULL,NULL,NULL,NULL,NULL,NULL,NULL,NULL,NULL,NULL,NULL,NULL,NULL,NULL,100.00,0.00,100.00,NULL,NULL,NULL,671.00,NULL,NULL,NULL,NULL,0,17,1,NULL,NULL,NULL,NULL,NULL),(758,'2013-05-19',-1.00,-1.00,NULL,NULL,NULL,NULL,NULL,NULL,NULL,NULL,NULL,NULL,NULL,NULL,1.00,NULL,NULL,NULL,NULL,NULL,NULL,NULL,NULL,NULL,NULL,NULL,NULL,NULL,0,1,1,NULL,NULL,NULL,NULL,NULL),(759,'2013-05-19',-1.00,-1.00,NULL,NULL,NULL,NULL,NULL,NULL,NULL,NULL,NULL,NULL,NULL,NULL,NULL,NULL,NULL,10.00,-90.00,10.00,NULL,NULL,NULL,NULL,NULL,NULL,NULL,NULL,0,2,1,NULL,NULL,NULL,NULL,NULL),(760,'2013-05-19',-1.00,-1.00,NULL,NULL,NULL,NULL,NULL,NULL,NULL,NULL,NULL,NULL,NULL,NULL,NULL,NULL,NULL,NULL,NULL,NULL,NULL,NULL,NULL,NULL,NULL,NULL,NULL,NULL,0,4,1,NULL,NULL,NULL,NULL,NULL),(761,'2013-05-19',-1.00,-1.00,NULL,NULL,NULL,NULL,NULL,NULL,NULL,NULL,NULL,NULL,NULL,NULL,NULL,NULL,NULL,NULL,NULL,NULL,NULL,NULL,NULL,NULL,NULL,NULL,NULL,NULL,0,5,1,NULL,NULL,NULL,NULL,NULL),(762,'2013-05-19',-1.00,-1.00,NULL,NULL,NULL,NULL,NULL,NULL,NULL,NULL,NULL,NULL,NULL,NULL,NULL,NULL,NULL,NULL,NULL,NULL,NULL,NULL,NULL,NULL,NULL,NULL,NULL,NULL,0,6,1,NULL,NULL,NULL,NULL,NULL),(763,'2013-05-19',-1.00,-1.00,NULL,NULL,NULL,NULL,NULL,NULL,NULL,NULL,NULL,NULL,NULL,NULL,NULL,NULL,NULL,NULL,NULL,NULL,NULL,NULL,NULL,NULL,NULL,NULL,NULL,NULL,0,8,1,NULL,NULL,NULL,NULL,NULL),(764,'2013-05-19',-1.00,-1.00,NULL,NULL,NULL,NULL,NULL,NULL,NULL,NULL,NULL,NULL,NULL,NULL,NULL,NULL,NULL,NULL,NULL,NULL,NULL,NULL,NULL,NULL,NULL,NULL,NULL,NULL,0,9,1,NULL,NULL,NULL,NULL,NULL),(765,'2013-05-19',-1.00,-1.00,NULL,NULL,NULL,NULL,NULL,NULL,NULL,NULL,NULL,NULL,NULL,NULL,NULL,NULL,NULL,NULL,NULL,NULL,NULL,NULL,NULL,NULL,NULL,NULL,NULL,NULL,0,11,1,NULL,NULL,NULL,NULL,NULL),(766,'2013-05-19',-1.00,-1.00,NULL,NULL,NULL,NULL,NULL,NULL,NULL,NULL,NULL,NULL,NULL,NULL,NULL,NULL,NULL,NULL,NULL,NULL,NULL,NULL,NULL,NULL,NULL,NULL,NULL,NULL,0,12,1,NULL,NULL,NULL,NULL,NULL),(767,'2013-05-19',-1.00,-1.00,NULL,NULL,NULL,NULL,NULL,NULL,NULL,NULL,NULL,NULL,NULL,NULL,NULL,NULL,NULL,NULL,NULL,NULL,NULL,NULL,NULL,NULL,NULL,NULL,NULL,NULL,0,13,1,NULL,NULL,NULL,NULL,NULL),(768,'2013-05-19',-1.00,-1.00,NULL,NULL,NULL,NULL,NULL,NULL,NULL,NULL,NULL,NULL,NULL,NULL,NULL,NULL,NULL,NULL,NULL,NULL,NULL,NULL,NULL,NULL,NULL,NULL,NULL,NULL,0,14,1,NULL,NULL,NULL,NULL,NULL),(769,'2013-05-19',-1.00,-1.00,NULL,NULL,NULL,NULL,NULL,NULL,NULL,NULL,NULL,NULL,NULL,NULL,NULL,NULL,NULL,NULL,NULL,NULL,NULL,NULL,NULL,NULL,NULL,NULL,NULL,NULL,0,15,1,NULL,NULL,NULL,NULL,NULL),(770,'2013-05-19',-1.00,-1.00,NULL,NULL,NULL,NULL,NULL,NULL,NULL,NULL,NULL,NULL,NULL,NULL,NULL,NULL,NULL,NULL,NULL,NULL,NULL,NULL,NULL,NULL,NULL,NULL,NULL,NULL,0,16,1,NULL,NULL,NULL,NULL,NULL),(771,'2013-05-19',-1.00,-1.00,NULL,NULL,NULL,NULL,NULL,NULL,NULL,NULL,NULL,NULL,NULL,NULL,NULL,NULL,NULL,NULL,NULL,NULL,NULL,NULL,NULL,552.00,NULL,NULL,NULL,NULL,0,17,1,NULL,NULL,NULL,NULL,NULL),(773,'2013-05-20',-1.00,-1.00,1.00,1.00,NULL,NULL,NULL,NULL,NULL,NULL,NULL,NULL,NULL,NULL,1.00,NULL,NULL,NULL,NULL,NULL,NULL,NULL,NULL,NULL,NULL,NULL,NULL,NULL,0,1,1,NULL,NULL,NULL,NULL,NULL),(774,'2013-05-20',-1.00,-1.00,1.00,1.00,NULL,NULL,NULL,NULL,NULL,NULL,NULL,NULL,NULL,NULL,NULL,NULL,NULL,20.00,-80.00,20.00,NULL,NULL,NULL,NULL,NULL,NULL,NULL,NULL,0,2,1,NULL,NULL,NULL,NULL,NULL),(775,'2013-05-20',-1.00,-1.00,1.00,1.00,NULL,NULL,NULL,NULL,NULL,NULL,NULL,NULL,NULL,NULL,NULL,NULL,NULL,NULL,NULL,NULL,NULL,NULL,NULL,NULL,NULL,NULL,NULL,NULL,0,4,1,NULL,NULL,NULL,NULL,NULL),(776,'2013-05-20',-1.00,-1.00,1.00,1.00,NULL,NULL,NULL,NULL,NULL,NULL,NULL,NULL,NULL,NULL,NULL,NULL,NULL,50.00,-50.00,50.00,NULL,NULL,NULL,NULL,NULL,NULL,NULL,NULL,0,5,1,NULL,NULL,NULL,NULL,NULL),(777,'2013-05-20',-1.00,-1.00,1.00,1.00,NULL,NULL,NULL,NULL,NULL,NULL,NULL,NULL,NULL,NULL,NULL,NULL,NULL,NULL,NULL,NULL,NULL,NULL,NULL,NULL,NULL,NULL,NULL,NULL,0,6,1,NULL,NULL,NULL,NULL,NULL),(778,'2013-05-20',-1.00,-1.00,1.00,1.00,NULL,NULL,NULL,NULL,NULL,NULL,NULL,NULL,NULL,NULL,NULL,NULL,NULL,NULL,NULL,NULL,NULL,NULL,NULL,NULL,NULL,NULL,NULL,NULL,0,8,1,NULL,NULL,NULL,NULL,NULL),(779,'2013-05-20',-1.00,-1.00,1.00,1.00,NULL,NULL,NULL,NULL,NULL,NULL,NULL,NULL,NULL,NULL,NULL,NULL,NULL,NULL,NULL,NULL,NULL,NULL,NULL,NULL,NULL,NULL,NULL,NULL,0,9,1,NULL,NULL,NULL,NULL,NULL),(780,'2013-05-20',-1.00,-1.00,1.00,1.00,NULL,NULL,NULL,NULL,NULL,NULL,NULL,NULL,NULL,NULL,NULL,NULL,NULL,NULL,NULL,NULL,NULL,NULL,NULL,NULL,NULL,NULL,NULL,NULL,0,11,1,NULL,NULL,NULL,NULL,NULL),(781,'2013-05-20',-1.00,-1.00,1.00,1.00,NULL,NULL,NULL,NULL,NULL,NULL,NULL,NULL,NULL,NULL,NULL,NULL,NULL,NULL,NULL,NULL,NULL,NULL,NULL,NULL,NULL,NULL,NULL,NULL,0,12,1,NULL,NULL,NULL,NULL,NULL),(782,'2013-05-20',-1.00,-1.00,1.00,1.00,NULL,NULL,NULL,NULL,NULL,NULL,NULL,NULL,NULL,NULL,NULL,NULL,NULL,NULL,NULL,NULL,NULL,NULL,NULL,NULL,NULL,NULL,NULL,NULL,0,13,1,NULL,NULL,NULL,NULL,NULL),(783,'2013-05-20',-1.00,-1.00,1.00,1.00,NULL,NULL,NULL,NULL,NULL,NULL,NULL,NULL,NULL,NULL,NULL,NULL,NULL,100.00,0.00,100.00,NULL,NULL,NULL,NULL,NULL,NULL,NULL,NULL,0,14,1,NULL,NULL,NULL,NULL,NULL),(784,'2013-05-20',-1.00,-1.00,1.00,1.00,NULL,NULL,NULL,NULL,NULL,NULL,NULL,NULL,NULL,NULL,NULL,NULL,NULL,NULL,NULL,NULL,NULL,NULL,NULL,NULL,NULL,NULL,NULL,NULL,0,15,1,NULL,NULL,NULL,NULL,NULL),(785,'2013-05-20',-1.00,-1.00,1.00,1.00,NULL,NULL,NULL,NULL,NULL,NULL,NULL,NULL,NULL,NULL,NULL,NULL,NULL,NULL,NULL,NULL,NULL,NULL,NULL,NULL,NULL,NULL,NULL,NULL,0,16,1,NULL,NULL,NULL,NULL,NULL),(786,'2013-05-20',222.00,100.00,1.00,1.00,1.00,221.00,2.00,21.00,21.00,21.00,2.00,21.00,100.00,100.00,15.00,NULL,'dcdwe',100.00,0.00,-425.00,'2013-05-21 11:27:15','2013-05-21 11:28:40',NULL,NULL,NULL,'2013-05-21','13:00:00','monica',0,17,1,NULL,NULL,NULL,NULL,NULL),(787,'2013-05-29',2000.00,1000.00,NULL,NULL,10.00,10.00,10.00,10.00,10.00,10.00,20.00,20.00,20.00,20.00,NULL,80.00,NULL,100.00,100.00,200.00,NULL,NULL,20.00,10.00,10.00,NULL,NULL,NULL,0,2,1,NULL,7.27,NULL,222.42,NULL),(788,'2013-05-29',2000.00,1000.00,NULL,NULL,10.00,10.00,10.00,10.00,10.00,10.00,20.00,20.00,20.00,20.00,NULL,80.00,NULL,100.00,NULL,NULL,NULL,NULL,20.00,10.00,10.00,NULL,NULL,NULL,0,4,1,NULL,450.07,NULL,-3810.53,NULL),(789,'2013-05-29',2000.00,1000.00,NULL,NULL,10.00,10.00,10.00,10.00,10.00,10.00,20.00,20.00,20.00,20.00,NULL,80.00,NULL,100.00,NULL,NULL,NULL,NULL,20.00,10.00,10.00,NULL,NULL,NULL,0,5,1,NULL,7.27,NULL,21.66,NULL),(790,'2013-05-29',2000.00,1000.00,NULL,NULL,10.00,10.00,10.00,10.00,10.00,10.00,20.00,20.00,20.00,20.00,NULL,80.00,NULL,100.00,NULL,NULL,NULL,NULL,20.00,10.00,10.00,NULL,NULL,NULL,0,6,1,NULL,7.27,NULL,11.43,NULL),(791,'2013-05-29',2000.00,1000.00,NULL,NULL,10.00,10.00,10.00,10.00,10.00,10.00,20.00,20.00,20.00,20.00,NULL,80.00,NULL,100.00,NULL,NULL,NULL,NULL,20.00,10.00,10.00,NULL,NULL,NULL,0,8,1,NULL,7.27,NULL,89.84,NULL),(792,'2013-05-29',2000.00,1000.00,NULL,NULL,10.00,10.00,10.00,10.00,10.00,10.00,20.00,20.00,20.00,20.00,NULL,80.00,NULL,100.00,NULL,NULL,NULL,NULL,20.00,10.00,10.00,NULL,NULL,NULL,0,9,1,NULL,7.27,NULL,-35.15,NULL),(793,'2013-05-29',2000.00,1000.00,NULL,NULL,10.00,10.00,10.00,10.00,10.00,10.00,20.00,20.00,20.00,20.00,NULL,80.00,NULL,100.00,NULL,NULL,NULL,NULL,20.00,10.00,10.00,NULL,NULL,NULL,0,11,1,NULL,7.27,NULL,33.03,NULL),(794,'2013-05-29',2000.00,1000.00,NULL,NULL,10.00,10.00,10.00,10.00,10.00,10.00,20.00,20.00,20.00,20.00,NULL,80.00,NULL,100.00,NULL,NULL,NULL,NULL,20.00,10.00,10.00,NULL,NULL,NULL,0,12,1,NULL,7.27,NULL,6.51,NULL),(795,'2013-05-29',2000.00,1000.00,NULL,NULL,10.00,10.00,10.00,10.00,10.00,10.00,20.00,20.00,20.00,20.00,NULL,80.00,NULL,100.00,NULL,NULL,NULL,NULL,20.00,10.00,10.00,NULL,NULL,NULL,0,13,1,NULL,4.99,NULL,2.34,NULL),(796,'2013-05-29',2000.00,1000.00,NULL,NULL,10.00,10.00,10.00,10.00,10.00,10.00,20.00,20.00,20.00,20.00,NULL,80.00,NULL,100.00,NULL,NULL,NULL,NULL,20.00,10.00,10.00,NULL,NULL,NULL,0,14,1,NULL,7.27,NULL,158.03,NULL),(797,'2013-05-29',2000.00,1000.00,NULL,NULL,10.00,10.00,10.00,10.00,10.00,10.00,20.00,20.00,20.00,20.00,NULL,80.00,NULL,100.00,NULL,NULL,NULL,NULL,20.00,10.00,10.00,NULL,NULL,NULL,0,15,1,NULL,2.72,NULL,21.66,NULL),(798,'2013-05-29',2000.00,1000.00,NULL,NULL,10.00,10.00,10.00,10.00,10.00,10.00,20.00,20.00,20.00,20.00,NULL,80.00,NULL,100.00,NULL,NULL,NULL,NULL,20.00,10.00,10.00,NULL,NULL,NULL,0,16,1,NULL,7.27,NULL,40.60,NULL),(799,'2013-05-29',2000.00,1000.00,NULL,NULL,10.00,10.00,10.00,10.00,10.00,10.00,20.00,20.00,20.00,20.00,NULL,80.00,NULL,100.00,NULL,NULL,NULL,NULL,20.00,10.00,10.00,NULL,NULL,NULL,0,17,1,NULL,113.71,NULL,634.16,NULL),(801,'2013-05-30',2000.00,1000.00,100.00,NULL,10.00,10.00,10.00,10.00,10.00,10.00,20.00,20.00,20.00,20.00,0.00,80.00,NULL,100.00,-88.00,-292.00,NULL,NULL,20.00,10.00,10.00,NULL,NULL,NULL,0,2,1,NULL,9.99,NULL,187.27,NULL),(802,'2013-05-30',2000.00,1000.00,NULL,NULL,10.00,10.00,10.00,10.00,10.00,10.00,20.00,20.00,20.00,20.00,NULL,80.00,NULL,100.00,NULL,NULL,NULL,NULL,20.00,10.00,10.00,NULL,NULL,NULL,0,4,1,NULL,452.80,NULL,-3845.68,NULL),(803,'2013-05-30',2000.00,1000.00,NULL,NULL,10.00,10.00,10.00,10.00,10.00,10.00,20.00,20.00,20.00,20.00,NULL,80.00,NULL,100.00,NULL,NULL,NULL,NULL,20.00,10.00,10.00,NULL,NULL,NULL,0,5,1,NULL,9.99,NULL,-13.48,NULL),(804,'2013-05-30',2000.00,1000.00,NULL,NULL,10.00,10.00,10.00,10.00,10.00,10.00,20.00,20.00,20.00,20.00,NULL,80.00,NULL,100.00,NULL,NULL,NULL,NULL,20.00,10.00,10.00,NULL,NULL,NULL,0,6,1,NULL,9.99,NULL,-23.71,NULL),(805,'2013-05-30',2000.00,1000.00,NULL,NULL,10.00,10.00,10.00,10.00,10.00,10.00,20.00,20.00,20.00,20.00,NULL,80.00,NULL,100.00,NULL,NULL,NULL,NULL,20.00,10.00,10.00,NULL,NULL,NULL,0,8,1,NULL,9.99,NULL,54.69,NULL),(806,'2013-05-30',2000.00,1000.00,NULL,NULL,10.00,10.00,10.00,10.00,10.00,10.00,20.00,20.00,20.00,20.00,NULL,80.00,NULL,100.00,NULL,NULL,NULL,NULL,20.00,10.00,10.00,NULL,NULL,NULL,0,9,1,NULL,9.99,NULL,-70.30,NULL),(807,'2013-05-30',2000.00,1000.00,NULL,NULL,10.00,10.00,10.00,10.00,10.00,10.00,20.00,20.00,20.00,20.00,NULL,80.00,NULL,100.00,NULL,NULL,NULL,NULL,20.00,10.00,10.00,NULL,NULL,NULL,0,11,1,NULL,9.99,NULL,-2.12,NULL),(808,'2013-05-30',2000.00,1000.00,NULL,NULL,10.00,10.00,10.00,10.00,10.00,10.00,20.00,20.00,20.00,20.00,NULL,80.00,NULL,100.00,NULL,NULL,NULL,NULL,20.00,10.00,10.00,NULL,NULL,NULL,0,12,1,NULL,9.99,NULL,-28.63,NULL),(809,'2013-05-30',2000.00,1000.00,NULL,NULL,10.00,10.00,10.00,10.00,10.00,10.00,20.00,20.00,20.00,20.00,NULL,80.00,NULL,100.00,NULL,NULL,NULL,NULL,20.00,10.00,10.00,NULL,NULL,NULL,0,13,1,NULL,7.72,NULL,-32.80,NULL),(810,'2013-05-30',2000.00,1000.00,NULL,NULL,10.00,10.00,10.00,10.00,10.00,10.00,20.00,20.00,20.00,20.00,NULL,80.00,NULL,100.00,NULL,NULL,NULL,NULL,20.00,10.00,10.00,NULL,NULL,NULL,0,14,1,NULL,9.99,NULL,122.87,NULL),(811,'2013-05-30',2000.00,1000.00,NULL,NULL,10.00,10.00,10.00,10.00,10.00,10.00,20.00,20.00,20.00,20.00,NULL,80.00,NULL,100.00,NULL,NULL,NULL,NULL,20.00,10.00,10.00,NULL,NULL,NULL,0,15,1,NULL,5.45,NULL,-13.48,NULL),(812,'2013-05-30',2000.00,1000.00,NULL,NULL,10.00,10.00,10.00,10.00,10.00,10.00,20.00,20.00,20.00,20.00,NULL,80.00,NULL,100.00,NULL,NULL,NULL,NULL,20.00,10.00,10.00,NULL,NULL,NULL,0,16,1,NULL,9.99,NULL,5.45,NULL),(813,'2013-05-30',2000.00,1000.00,NULL,NULL,10.00,10.00,10.00,10.00,10.00,10.00,20.00,20.00,20.00,20.00,NULL,80.00,NULL,100.00,NULL,NULL,NULL,NULL,20.00,10.00,10.00,NULL,NULL,NULL,0,17,1,NULL,116.43,NULL,599.01,NULL),(815,'2013-05-31',2000.00,1000.00,NULL,NULL,10.00,10.00,10.00,10.00,10.00,10.00,20.00,20.00,20.00,20.00,NULL,80.00,NULL,100.00,750.00,850.00,NULL,NULL,20.00,10.00,10.00,NULL,NULL,NULL,0,2,10,NULL,13.99,NULL,151.27,NULL),(816,'2013-05-31',2000.00,1000.00,NULL,NULL,10.00,10.00,10.00,10.00,10.00,10.00,20.00,20.00,20.00,20.00,NULL,80.00,NULL,100.00,NULL,NULL,NULL,NULL,20.00,10.00,10.00,NULL,NULL,NULL,0,4,10,NULL,456.80,NULL,-3881.68,NULL),(817,'2013-05-31',2000.00,1000.00,NULL,NULL,10.00,10.00,10.00,10.00,10.00,10.00,20.00,20.00,20.00,20.00,NULL,80.00,NULL,100.00,NULL,NULL,NULL,NULL,20.00,10.00,10.00,NULL,NULL,NULL,0,5,10,NULL,13.99,NULL,-49.48,NULL),(818,'2013-05-31',2000.00,1000.00,NULL,NULL,10.00,10.00,10.00,10.00,10.00,10.00,20.00,20.00,20.00,20.00,NULL,80.00,NULL,100.00,NULL,NULL,NULL,NULL,20.00,10.00,10.00,NULL,NULL,NULL,0,6,10,NULL,13.99,NULL,-59.71,NULL),(819,'2013-05-31',2000.00,1000.00,NULL,NULL,10.00,10.00,10.00,10.00,10.00,10.00,20.00,20.00,20.00,20.00,NULL,80.00,NULL,100.00,NULL,NULL,NULL,NULL,20.00,10.00,10.00,NULL,NULL,NULL,0,8,10,NULL,13.99,NULL,18.69,NULL),(820,'2013-05-31',2000.00,1000.00,NULL,NULL,10.00,10.00,10.00,10.00,10.00,10.00,20.00,20.00,20.00,20.00,NULL,80.00,NULL,100.00,NULL,NULL,NULL,NULL,20.00,10.00,10.00,NULL,NULL,NULL,0,9,10,NULL,13.99,NULL,-106.30,NULL),(821,'2013-05-31',2000.00,1000.00,NULL,NULL,10.00,10.00,10.00,10.00,10.00,10.00,20.00,20.00,20.00,20.00,NULL,80.00,NULL,100.00,NULL,NULL,NULL,NULL,20.00,10.00,10.00,NULL,NULL,NULL,0,11,10,NULL,13.99,NULL,-38.12,NULL),(822,'2013-05-31',2000.00,1000.00,NULL,NULL,10.00,10.00,10.00,10.00,10.00,10.00,20.00,20.00,20.00,20.00,NULL,80.00,NULL,100.00,NULL,NULL,NULL,NULL,20.00,10.00,10.00,NULL,NULL,NULL,0,12,10,NULL,13.99,NULL,-64.63,NULL),(823,'2013-05-31',2000.00,1000.00,NULL,NULL,10.00,10.00,10.00,10.00,10.00,10.00,20.00,20.00,20.00,20.00,NULL,80.00,NULL,100.00,NULL,NULL,NULL,NULL,20.00,10.00,10.00,NULL,NULL,NULL,0,13,10,NULL,11.72,NULL,-68.80,NULL),(824,'2013-05-31',2000.00,1000.00,NULL,NULL,10.00,10.00,10.00,10.00,10.00,10.00,20.00,20.00,20.00,20.00,NULL,80.00,NULL,100.00,900.00,1000.00,NULL,NULL,20.00,10.00,10.00,NULL,NULL,NULL,0,14,10,NULL,13.99,NULL,86.87,NULL),(825,'2013-05-31',2000.00,1000.00,NULL,NULL,10.00,10.00,10.00,10.00,10.00,10.00,20.00,20.00,20.00,20.00,NULL,80.00,NULL,100.00,NULL,NULL,NULL,NULL,20.00,10.00,10.00,NULL,NULL,NULL,0,15,10,NULL,9.45,NULL,-49.48,NULL),(826,'2013-05-31',2000.00,1000.00,NULL,NULL,10.00,10.00,10.00,10.00,10.00,10.00,20.00,20.00,20.00,20.00,NULL,80.00,NULL,100.00,NULL,NULL,NULL,NULL,20.00,10.00,10.00,NULL,NULL,NULL,0,16,10,NULL,13.99,NULL,-30.54,NULL),(827,'2013-05-31',2000.00,1000.00,NULL,NULL,10.00,10.00,10.00,10.00,10.00,10.00,20.00,20.00,20.00,20.00,NULL,80.00,NULL,100.00,NULL,NULL,NULL,NULL,20.00,10.00,10.00,NULL,NULL,NULL,0,17,10,NULL,120.43,NULL,563.01,NULL),(829,'2013-06-01',2000.00,1000.00,NULL,NULL,10.00,10.00,10.00,10.00,10.00,10.00,20.00,20.00,20.00,20.00,NULL,80.00,NULL,100.00,NULL,NULL,NULL,NULL,20.00,10.00,10.00,NULL,NULL,NULL,0,2,10,NULL,4.00,NULL,-36.00,NULL),(830,'2013-06-01',2000.00,1000.00,NULL,NULL,10.00,10.00,10.00,10.00,10.00,10.00,20.00,20.00,20.00,20.00,NULL,80.00,NULL,100.00,NULL,NULL,NULL,NULL,20.00,10.00,10.00,NULL,NULL,NULL,0,4,10,NULL,4.00,NULL,-36.00,NULL),(831,'2013-06-01',2000.00,1000.00,NULL,NULL,10.00,10.00,10.00,10.00,10.00,10.00,20.00,20.00,20.00,20.00,NULL,80.00,NULL,100.00,NULL,NULL,NULL,NULL,20.00,10.00,10.00,NULL,NULL,NULL,0,5,10,NULL,4.00,NULL,-36.00,NULL),(832,'2013-06-01',2000.00,1000.00,NULL,NULL,10.00,10.00,10.00,10.00,10.00,10.00,20.00,20.00,20.00,20.00,NULL,80.00,NULL,100.00,NULL,NULL,NULL,NULL,20.00,10.00,10.00,NULL,NULL,NULL,0,6,10,NULL,4.00,NULL,-36.00,NULL),(833,'2013-06-01',2000.00,1000.00,NULL,NULL,10.00,10.00,10.00,10.00,10.00,10.00,20.00,20.00,20.00,20.00,NULL,80.00,NULL,100.00,NULL,NULL,NULL,NULL,20.00,10.00,10.00,NULL,NULL,NULL,0,8,10,NULL,4.00,NULL,-36.00,NULL),(834,'2013-06-01',2000.00,1000.00,NULL,NULL,10.00,10.00,10.00,10.00,10.00,10.00,20.00,20.00,20.00,20.00,NULL,80.00,NULL,100.00,NULL,NULL,NULL,NULL,20.00,10.00,10.00,NULL,NULL,NULL,0,9,10,NULL,4.00,NULL,-36.00,NULL),(835,'2013-06-01',2000.00,1000.00,NULL,NULL,10.00,10.00,10.00,10.00,10.00,10.00,20.00,20.00,20.00,20.00,NULL,80.00,NULL,100.00,NULL,NULL,NULL,NULL,20.00,10.00,10.00,NULL,NULL,NULL,0,11,10,NULL,4.00,NULL,-36.00,NULL),(836,'2013-06-01',2000.00,1000.00,NULL,NULL,10.00,10.00,10.00,10.00,10.00,10.00,20.00,20.00,20.00,20.00,NULL,80.00,NULL,100.00,NULL,NULL,NULL,NULL,20.00,10.00,10.00,NULL,NULL,NULL,0,12,10,NULL,4.00,NULL,-36.00,NULL),(837,'2013-06-01',2000.00,1000.00,NULL,NULL,10.00,10.00,10.00,10.00,10.00,10.00,20.00,20.00,20.00,20.00,NULL,80.00,NULL,100.00,NULL,NULL,NULL,NULL,20.00,10.00,10.00,NULL,NULL,NULL,0,13,10,NULL,4.00,NULL,-36.00,NULL),(838,'2013-06-01',2000.00,1000.00,NULL,NULL,10.00,10.00,10.00,10.00,10.00,10.00,20.00,20.00,20.00,20.00,NULL,80.00,NULL,100.00,NULL,NULL,NULL,NULL,20.00,10.00,10.00,NULL,NULL,NULL,0,14,10,NULL,4.00,NULL,-36.00,NULL),(839,'2013-06-01',2000.00,1000.00,NULL,NULL,10.00,10.00,10.00,10.00,10.00,10.00,20.00,20.00,20.00,20.00,NULL,80.00,NULL,100.00,NULL,NULL,NULL,NULL,20.00,10.00,10.00,NULL,NULL,NULL,0,15,10,NULL,4.00,NULL,-36.00,NULL),(840,'2013-06-01',2000.00,1000.00,NULL,NULL,10.00,10.00,10.00,10.00,10.00,10.00,20.00,20.00,20.00,20.00,NULL,80.00,NULL,100.00,NULL,NULL,NULL,NULL,20.00,10.00,10.00,NULL,NULL,NULL,0,16,10,NULL,4.00,NULL,-36.00,NULL),(841,'2013-06-01',2000.00,1000.00,NULL,NULL,10.00,10.00,10.00,10.00,10.00,10.00,20.00,20.00,20.00,20.00,NULL,80.00,NULL,100.00,NULL,NULL,NULL,NULL,20.00,10.00,10.00,NULL,NULL,NULL,0,17,10,NULL,4.00,NULL,-36.00,NULL),(843,'2013-06-02',2000.00,1000.00,NULL,NULL,10.00,10.00,10.00,10.00,10.00,10.00,20.00,20.00,20.00,20.00,NULL,80.00,NULL,100.00,NULL,NULL,NULL,NULL,20.00,10.00,10.00,NULL,NULL,NULL,0,2,10,NULL,8.00,NULL,-72.00,NULL),(845,'2013-06-02',2000.00,1000.00,NULL,NULL,10.00,10.00,10.00,10.00,10.00,10.00,20.00,20.00,20.00,20.00,NULL,80.00,NULL,100.00,NULL,NULL,NULL,NULL,20.00,10.00,10.00,NULL,NULL,NULL,0,5,10,NULL,8.00,NULL,-72.00,NULL),(846,'2013-06-02',2000.00,1000.00,NULL,NULL,10.00,10.00,10.00,10.00,10.00,10.00,20.00,20.00,20.00,20.00,NULL,80.00,NULL,100.00,NULL,NULL,NULL,NULL,20.00,10.00,10.00,NULL,NULL,NULL,0,6,10,NULL,8.00,NULL,-72.00,NULL),(847,'2013-06-02',2000.00,1000.00,NULL,NULL,10.00,10.00,10.00,10.00,10.00,10.00,20.00,20.00,20.00,20.00,NULL,80.00,NULL,100.00,NULL,NULL,NULL,NULL,20.00,10.00,10.00,NULL,NULL,NULL,0,8,10,NULL,8.00,NULL,-72.00,NULL),(848,'2013-06-02',2000.00,1000.00,NULL,NULL,10.00,10.00,10.00,10.00,10.00,10.00,20.00,20.00,20.00,20.00,NULL,80.00,NULL,100.00,NULL,NULL,NULL,NULL,20.00,10.00,10.00,NULL,NULL,NULL,0,9,10,NULL,8.00,NULL,-72.00,NULL),(849,'2013-06-02',2000.00,1000.00,NULL,NULL,10.00,10.00,10.00,10.00,10.00,10.00,20.00,20.00,20.00,20.00,NULL,80.00,NULL,100.00,NULL,NULL,NULL,NULL,20.00,10.00,10.00,NULL,NULL,NULL,0,11,10,NULL,8.00,NULL,-72.00,NULL),(850,'2013-06-02',2000.00,1000.00,NULL,NULL,10.00,10.00,10.00,10.00,10.00,10.00,20.00,20.00,20.00,20.00,NULL,80.00,NULL,100.00,NULL,NULL,NULL,NULL,20.00,10.00,10.00,NULL,NULL,NULL,0,12,10,NULL,8.00,NULL,-72.00,NULL),(851,'2013-06-02',2000.00,1000.00,NULL,NULL,10.00,10.00,10.00,10.00,10.00,10.00,20.00,20.00,20.00,20.00,NULL,80.00,NULL,100.00,NULL,NULL,NULL,NULL,20.00,10.00,10.00,NULL,NULL,NULL,0,13,10,NULL,8.00,NULL,-72.00,NULL),(852,'2013-06-02',2000.00,1000.00,NULL,NULL,10.00,10.00,10.00,10.00,10.00,10.00,20.00,20.00,20.00,20.00,NULL,80.00,NULL,100.00,NULL,NULL,NULL,NULL,20.00,10.00,10.00,NULL,NULL,NULL,0,14,10,NULL,8.00,NULL,-72.00,NULL),(853,'2013-06-02',2000.00,1000.00,NULL,NULL,10.00,10.00,10.00,10.00,10.00,10.00,20.00,20.00,20.00,20.00,NULL,80.00,NULL,100.00,NULL,NULL,NULL,NULL,20.00,10.00,10.00,NULL,NULL,NULL,0,15,10,NULL,8.00,NULL,-72.00,NULL),(854,'2013-06-02',2000.00,1000.00,NULL,NULL,10.00,10.00,10.00,10.00,10.00,10.00,20.00,20.00,20.00,20.00,NULL,80.00,NULL,100.00,NULL,NULL,NULL,NULL,20.00,10.00,10.00,NULL,NULL,NULL,0,16,10,NULL,8.00,NULL,-72.00,NULL),(857,'2013-06-03',2000.00,1000.00,200.00,NULL,10.00,10.00,10.00,10.00,10.00,10.00,20.00,20.00,20.00,20.00,NULL,80.00,NULL,100.00,NULL,NULL,NULL,NULL,20.00,10.00,10.00,NULL,NULL,NULL,0,2,10,NULL,12.00,NULL,-108.00,NULL),(858,'2013-06-03',2000.00,1000.00,NULL,NULL,10.00,10.00,10.00,10.00,10.00,10.00,20.00,20.00,20.00,20.00,54.00,80.00,'dcdwe',100.00,-11.00,-2181.00,'2013-06-05 18:10:08','2013-06-05 18:11:42',20.00,10.00,10.00,'2013-06-05','08:00:00','astrid',0,4,10,NULL,12.00,NULL,-138.40,NULL),(859,'2013-06-03',2000.00,1000.00,NULL,NULL,10.00,10.00,10.00,10.00,10.00,10.00,20.00,20.00,20.00,20.00,NULL,80.00,NULL,100.00,NULL,NULL,NULL,NULL,20.00,10.00,10.00,NULL,NULL,NULL,0,5,10,NULL,12.00,NULL,-108.00,NULL),(860,'2013-06-03',2000.00,1000.00,NULL,NULL,10.00,10.00,10.00,10.00,10.00,10.00,20.00,20.00,20.00,20.00,NULL,80.00,NULL,100.00,NULL,NULL,NULL,NULL,20.00,10.00,10.00,NULL,NULL,NULL,0,6,10,NULL,12.00,NULL,-108.00,NULL),(861,'2013-06-03',2000.00,1000.00,NULL,NULL,10.00,10.00,10.00,10.00,10.00,10.00,20.00,20.00,20.00,20.00,NULL,80.00,NULL,100.00,NULL,NULL,NULL,NULL,20.00,10.00,10.00,NULL,NULL,NULL,0,8,10,NULL,12.00,NULL,-108.00,NULL),(862,'2013-06-03',2000.00,1000.00,NULL,NULL,10.00,10.00,10.00,10.00,10.00,10.00,20.00,20.00,20.00,20.00,NULL,80.00,NULL,100.00,NULL,NULL,NULL,NULL,20.00,10.00,10.00,NULL,NULL,NULL,0,9,10,NULL,12.00,NULL,-108.00,NULL),(863,'2013-06-03',2000.00,1000.00,NULL,NULL,10.00,10.00,10.00,10.00,10.00,10.00,20.00,20.00,20.00,20.00,NULL,80.00,NULL,100.00,NULL,NULL,NULL,NULL,20.00,10.00,10.00,NULL,NULL,NULL,0,11,10,NULL,12.00,NULL,-108.00,NULL),(864,'2013-06-03',2000.00,1000.00,NULL,NULL,10.00,10.00,10.00,10.00,10.00,10.00,20.00,20.00,20.00,20.00,NULL,80.00,NULL,100.00,NULL,NULL,NULL,NULL,20.00,10.00,10.00,NULL,NULL,NULL,0,12,10,NULL,12.00,NULL,-108.00,NULL),(865,'2013-06-03',2000.00,1000.00,NULL,NULL,10.00,10.00,10.00,10.00,10.00,10.00,20.00,20.00,20.00,20.00,NULL,80.00,NULL,100.00,NULL,NULL,NULL,NULL,20.00,10.00,10.00,NULL,NULL,NULL,0,13,10,NULL,12.00,NULL,-108.00,NULL),(866,'2013-06-03',2000.00,1000.00,NULL,NULL,10.00,10.00,10.00,10.00,10.00,10.00,20.00,20.00,20.00,20.00,NULL,80.00,NULL,100.00,NULL,NULL,NULL,NULL,20.00,10.00,10.00,NULL,NULL,NULL,0,14,10,NULL,12.00,NULL,-108.00,NULL),(867,'2013-06-03',2000.00,1000.00,NULL,NULL,10.00,10.00,10.00,10.00,10.00,10.00,20.00,20.00,20.00,20.00,NULL,80.00,NULL,100.00,NULL,NULL,NULL,NULL,20.00,10.00,10.00,NULL,NULL,NULL,0,15,10,NULL,12.00,NULL,-108.00,NULL),(868,'2013-06-03',2000.00,1000.00,NULL,NULL,10.00,10.00,10.00,10.00,10.00,10.00,20.00,20.00,20.00,20.00,NULL,80.00,NULL,100.00,NULL,NULL,NULL,NULL,20.00,10.00,10.00,NULL,NULL,NULL,0,16,10,NULL,12.00,NULL,-108.00,NULL),(869,'2013-06-03',2000.00,1000.00,NULL,NULL,10.00,10.00,10.00,10.00,10.00,10.00,20.00,20.00,20.00,20.00,NULL,80.00,NULL,100.00,NULL,NULL,NULL,NULL,20.00,10.00,10.00,NULL,NULL,NULL,0,17,10,NULL,8.00,NULL,-72.00,NULL),(871,'2013-06-02',2000.00,1000.00,NULL,NULL,10.00,10.00,10.00,10.00,10.00,10.00,20.00,20.00,20.00,20.00,22.00,80.00,'33664',100.00,95.00,226.00,'2013-06-05 18:09:05','2013-06-05 18:09:33',20.00,10.00,10.00,'2013-06-04','08:00:00','monica',0,4,10,NULL,8.00,NULL,-80.80,NULL),(872,'2013-06-04',2000.00,1000.00,NULL,NULL,10.00,10.00,10.00,10.00,10.00,10.00,20.00,20.00,20.00,20.00,NULL,80.00,NULL,100.00,NULL,NULL,NULL,NULL,20.00,10.00,10.00,NULL,NULL,NULL,0,2,10,NULL,16.00,NULL,-144.00,NULL),(873,'2013-06-04',2000.00,1000.00,NULL,NULL,10.00,10.00,10.00,10.00,10.00,10.00,20.00,20.00,20.00,20.00,1.00,80.00,'33664',100.00,-5.00,1489.00,'2013-06-05 13:04:08','2013-06-05 18:12:16',20.00,10.00,10.00,'2013-06-05','15:00:00','monica',0,4,9,NULL,14.72,NULL,-173.93,NULL),(874,'2013-06-04',2000.00,1000.00,NULL,NULL,10.00,10.00,10.00,10.00,10.00,10.00,20.00,20.00,20.00,20.00,NULL,80.00,NULL,100.00,NULL,NULL,NULL,NULL,20.00,10.00,10.00,NULL,NULL,NULL,0,5,10,NULL,16.00,NULL,-144.00,NULL),(875,'2013-06-04',2000.00,1000.00,NULL,NULL,10.00,10.00,10.00,10.00,10.00,10.00,20.00,20.00,20.00,20.00,NULL,80.00,NULL,100.00,NULL,NULL,NULL,NULL,20.00,10.00,10.00,NULL,NULL,NULL,0,6,10,NULL,16.00,NULL,-144.00,NULL),(876,'2013-06-04',2000.00,1000.00,NULL,NULL,10.00,10.00,10.00,10.00,10.00,10.00,20.00,20.00,20.00,20.00,NULL,80.00,NULL,100.00,NULL,NULL,NULL,NULL,20.00,10.00,10.00,NULL,NULL,NULL,0,8,10,NULL,16.00,NULL,-144.00,NULL),(877,'2013-06-04',2000.00,1000.00,NULL,NULL,10.00,10.00,10.00,10.00,10.00,10.00,20.00,20.00,20.00,20.00,NULL,80.00,NULL,100.00,NULL,NULL,NULL,NULL,20.00,10.00,10.00,NULL,NULL,NULL,0,9,10,NULL,16.00,NULL,-144.00,NULL),(878,'2013-06-04',2000.00,1000.00,NULL,NULL,10.00,10.00,10.00,10.00,10.00,10.00,20.00,20.00,20.00,20.00,NULL,80.00,NULL,100.00,NULL,NULL,NULL,NULL,20.00,10.00,10.00,NULL,NULL,NULL,0,11,10,NULL,16.00,NULL,-144.00,NULL),(879,'2013-06-04',2000.00,1000.00,NULL,NULL,10.00,10.00,10.00,10.00,10.00,10.00,20.00,20.00,20.00,20.00,NULL,80.00,NULL,100.00,NULL,NULL,NULL,NULL,20.00,10.00,10.00,NULL,NULL,NULL,0,12,10,NULL,16.00,NULL,-144.00,NULL),(880,'2013-06-04',2000.00,1000.00,NULL,NULL,10.00,10.00,10.00,10.00,10.00,10.00,20.00,20.00,20.00,20.00,NULL,80.00,NULL,100.00,NULL,NULL,NULL,NULL,20.00,10.00,10.00,NULL,NULL,NULL,0,13,10,NULL,16.00,NULL,-144.00,NULL),(881,'2013-06-04',2000.00,1000.00,NULL,NULL,10.00,10.00,10.00,10.00,10.00,10.00,20.00,20.00,20.00,20.00,NULL,80.00,NULL,100.00,NULL,NULL,NULL,NULL,20.00,10.00,10.00,NULL,NULL,NULL,0,14,10,NULL,16.00,NULL,-144.00,NULL),(882,'2013-06-04',2000.00,1000.00,NULL,NULL,10.00,10.00,10.00,10.00,10.00,10.00,20.00,20.00,20.00,20.00,NULL,80.00,NULL,100.00,NULL,NULL,NULL,NULL,20.00,10.00,10.00,NULL,NULL,NULL,0,15,10,NULL,16.00,NULL,-144.00,NULL),(883,'2013-06-04',2000.00,1000.00,NULL,NULL,10.00,10.00,10.00,10.00,10.00,10.00,20.00,20.00,20.00,20.00,NULL,80.00,NULL,100.00,NULL,NULL,NULL,NULL,20.00,10.00,10.00,NULL,NULL,NULL,0,16,10,NULL,16.00,NULL,-144.00,NULL),(884,'2013-06-04',2000.00,1000.00,NULL,NULL,10.00,10.00,10.00,10.00,10.00,10.00,20.00,20.00,20.00,20.00,NULL,80.00,NULL,100.00,NULL,NULL,NULL,NULL,20.00,10.00,10.00,NULL,NULL,NULL,0,17,10,NULL,12.00,NULL,-108.00,NULL),(886,'2013-06-05',2000.00,1000.00,NULL,NULL,10.00,10.00,10.00,10.00,10.00,10.00,20.00,20.00,20.00,20.00,NULL,80.00,NULL,100.00,NULL,NULL,NULL,NULL,20.00,10.00,10.00,NULL,NULL,NULL,0,2,10,NULL,20.00,NULL,-180.00,NULL),(887,'2013-06-05',2000.00,1000.00,NULL,NULL,10.00,10.00,10.00,10.00,10.00,10.00,20.00,20.00,20.00,20.00,NULL,80.00,NULL,100.00,NULL,NULL,NULL,NULL,20.00,10.00,10.00,NULL,NULL,NULL,15,4,9,NULL,17.45,NULL,-209.08,NULL),(888,'2013-06-05',2000.00,1000.00,23.00,NULL,10.00,10.00,10.00,10.00,10.00,10.00,20.00,20.00,20.00,20.00,NULL,80.00,NULL,100.00,NULL,NULL,NULL,NULL,20.00,10.00,10.00,NULL,NULL,NULL,0,5,10,NULL,20.00,NULL,-180.00,NULL),(889,'2013-06-05',2000.00,1000.00,NULL,NULL,10.00,10.00,10.00,10.00,10.00,10.00,20.00,20.00,20.00,20.00,NULL,80.00,NULL,100.00,NULL,NULL,NULL,NULL,20.00,10.00,10.00,NULL,NULL,NULL,0,6,10,NULL,20.00,NULL,-180.00,NULL),(890,'2013-06-05',2000.00,1000.00,NULL,NULL,10.00,10.00,10.00,10.00,10.00,10.00,20.00,20.00,20.00,20.00,NULL,80.00,NULL,100.00,NULL,NULL,NULL,NULL,20.00,10.00,10.00,NULL,NULL,NULL,0,8,10,NULL,20.00,NULL,-180.00,NULL),(891,'2013-06-05',2000.00,1000.00,NULL,NULL,10.00,10.00,10.00,10.00,10.00,10.00,20.00,20.00,20.00,20.00,NULL,80.00,NULL,100.00,NULL,NULL,NULL,NULL,20.00,10.00,10.00,NULL,NULL,NULL,0,9,10,NULL,20.00,NULL,-180.00,NULL),(892,'2013-06-05',2000.00,1000.00,NULL,NULL,10.00,10.00,10.00,10.00,10.00,10.00,20.00,20.00,20.00,20.00,NULL,80.00,NULL,100.00,NULL,NULL,NULL,NULL,20.00,10.00,10.00,NULL,NULL,NULL,0,11,10,NULL,20.00,NULL,-180.00,NULL),(893,'2013-06-05',2000.00,1000.00,NULL,NULL,10.00,10.00,10.00,10.00,10.00,10.00,20.00,20.00,20.00,20.00,NULL,80.00,NULL,100.00,NULL,NULL,NULL,NULL,20.00,10.00,10.00,NULL,NULL,NULL,0,12,10,NULL,20.00,NULL,-180.00,NULL),(894,'2013-06-05',2000.00,1000.00,NULL,NULL,10.00,10.00,10.00,10.00,10.00,10.00,20.00,20.00,20.00,20.00,NULL,80.00,NULL,100.00,NULL,NULL,NULL,NULL,20.00,10.00,10.00,NULL,NULL,NULL,0,13,10,NULL,20.00,NULL,-180.00,NULL),(895,'2013-06-05',2000.00,1000.00,NULL,NULL,10.00,10.00,10.00,10.00,10.00,10.00,20.00,20.00,20.00,20.00,NULL,80.00,NULL,100.00,NULL,NULL,NULL,NULL,20.00,10.00,10.00,NULL,NULL,NULL,0,14,10,NULL,20.00,NULL,-180.00,NULL),(896,'2013-06-05',2000.00,1000.00,NULL,NULL,10.00,10.00,10.00,10.00,10.00,10.00,20.00,20.00,20.00,20.00,NULL,80.00,NULL,100.00,NULL,NULL,NULL,NULL,20.00,10.00,10.00,NULL,NULL,NULL,0,15,10,NULL,20.00,NULL,-180.00,NULL),(897,'2013-06-05',2000.00,1000.00,NULL,NULL,10.00,10.00,10.00,10.00,10.00,10.00,20.00,20.00,20.00,20.00,NULL,80.00,NULL,100.00,NULL,NULL,NULL,NULL,20.00,10.00,10.00,NULL,NULL,NULL,0,16,10,NULL,20.00,NULL,-180.00,NULL),(898,'2013-06-05',2000.00,1000.00,NULL,NULL,10.00,10.00,10.00,10.00,10.00,10.00,20.00,20.00,20.00,20.00,NULL,80.00,NULL,100.00,NULL,NULL,NULL,NULL,20.00,10.00,10.00,NULL,NULL,NULL,0,17,10,NULL,16.00,NULL,-144.00,NULL),(900,'0000-00-00',0.00,0.00,NULL,NULL,NULL,NULL,NULL,NULL,NULL,NULL,NULL,NULL,NULL,NULL,1.00,NULL,NULL,NULL,NULL,NULL,NULL,NULL,NULL,NULL,NULL,NULL,NULL,NULL,0,NULL,10,NULL,NULL,NULL,NULL,NULL),(901,'2013-06-03',2000.00,1000.00,NULL,NULL,10.00,10.00,10.00,10.00,10.00,10.00,20.00,20.00,20.00,20.00,211.00,80.00,'33664',100.00,NULL,NULL,'2013-06-05 17:49:37','2013-06-05 17:50:05',20.00,10.00,10.00,'2013-06-05','08:00:00','raul',0,18,10,NULL,4.00,NULL,-120.40,NULL),(902,'2013-06-04',2000.00,1000.00,NULL,NULL,10.00,10.00,10.00,10.00,10.00,10.00,20.00,20.00,20.00,20.00,NULL,80.00,NULL,100.00,NULL,NULL,NULL,NULL,20.00,10.00,10.00,NULL,NULL,NULL,0,18,10,NULL,8.00,NULL,-156.40,NULL),(903,'2013-06-06',2000.00,1000.00,200.00,150.00,10.00,10.00,10.00,10.00,10.00,10.00,20.00,20.00,20.00,20.00,NULL,80.00,NULL,100.00,NULL,NULL,NULL,NULL,20.00,10.00,10.00,NULL,NULL,NULL,0,2,10,NULL,24.00,NULL,-216.00,NULL),(904,'2013-06-06',2000.00,1000.00,145.00,56.00,10.00,10.00,10.00,10.00,10.00,10.00,20.00,20.00,20.00,20.00,NULL,80.00,NULL,100.00,NULL,NULL,NULL,NULL,20.00,10.00,10.00,NULL,NULL,NULL,0,4,10,NULL,21.45,NULL,-245.08,NULL),(905,'2013-06-06',2000.00,1000.00,130.00,30.00,10.00,10.00,10.00,10.00,10.00,10.00,20.00,20.00,20.00,20.00,NULL,80.00,NULL,100.00,NULL,NULL,NULL,NULL,20.00,10.00,10.00,NULL,NULL,NULL,0,5,10,NULL,24.00,NULL,-216.00,NULL),(906,'2013-06-06',2000.00,1000.00,120.00,69.00,10.00,10.00,10.00,10.00,10.00,10.00,20.00,20.00,20.00,20.00,NULL,80.00,NULL,100.00,NULL,NULL,NULL,NULL,20.00,10.00,10.00,NULL,NULL,NULL,0,6,10,NULL,24.00,NULL,-216.00,NULL),(907,'2013-06-06',2000.00,1000.00,110.00,52.00,10.00,10.00,10.00,10.00,10.00,10.00,20.00,20.00,20.00,20.00,NULL,80.00,NULL,100.00,NULL,NULL,NULL,NULL,20.00,10.00,10.00,NULL,NULL,NULL,0,8,10,NULL,24.00,NULL,-216.00,NULL),(908,'2013-06-06',2000.00,1000.00,100.00,58.00,10.00,10.00,10.00,10.00,10.00,10.00,20.00,20.00,20.00,20.00,NULL,80.00,NULL,100.00,NULL,NULL,NULL,NULL,20.00,10.00,10.00,NULL,NULL,NULL,0,9,10,NULL,24.00,NULL,-216.00,NULL),(909,'2013-06-06',2000.00,1000.00,15.00,52.00,10.00,10.00,10.00,10.00,10.00,10.00,20.00,20.00,20.00,20.00,NULL,80.00,NULL,100.00,NULL,NULL,NULL,NULL,20.00,10.00,10.00,NULL,NULL,NULL,0,11,10,NULL,24.00,NULL,-216.00,NULL),(910,'2013-06-06',2000.00,1000.00,NULL,NULL,10.00,10.00,10.00,10.00,10.00,10.00,20.00,20.00,20.00,20.00,NULL,80.00,NULL,100.00,NULL,NULL,NULL,NULL,20.00,10.00,10.00,NULL,NULL,NULL,0,12,10,NULL,24.00,NULL,-216.00,NULL),(911,'2013-06-06',2000.00,1000.00,NULL,NULL,10.00,10.00,10.00,10.00,10.00,10.00,20.00,20.00,20.00,20.00,NULL,80.00,NULL,100.00,NULL,NULL,NULL,NULL,20.00,10.00,10.00,NULL,NULL,NULL,0,13,10,NULL,24.00,NULL,-216.00,NULL),(912,'2013-06-06',2000.00,1000.00,NULL,NULL,10.00,10.00,10.00,10.00,10.00,10.00,20.00,20.00,20.00,20.00,NULL,80.00,NULL,100.00,NULL,NULL,NULL,NULL,20.00,10.00,10.00,NULL,NULL,NULL,0,14,10,NULL,24.00,NULL,-216.00,NULL),(913,'2013-06-06',2000.00,1000.00,NULL,NULL,10.00,10.00,10.00,10.00,10.00,10.00,20.00,20.00,20.00,20.00,NULL,80.00,NULL,100.00,NULL,NULL,NULL,NULL,20.00,10.00,10.00,NULL,NULL,NULL,0,15,10,NULL,24.00,NULL,-216.00,NULL),(914,'2013-06-06',2000.00,1000.00,NULL,NULL,10.00,10.00,10.00,10.00,10.00,10.00,20.00,20.00,20.00,20.00,NULL,80.00,NULL,100.00,NULL,NULL,NULL,NULL,20.00,10.00,10.00,NULL,NULL,NULL,0,16,10,NULL,24.00,NULL,-216.00,NULL),(915,'2013-06-06',2000.00,1000.00,NULL,NULL,10.00,10.00,10.00,10.00,10.00,10.00,20.00,20.00,20.00,20.00,NULL,80.00,NULL,100.00,NULL,NULL,NULL,NULL,20.00,10.00,10.00,NULL,NULL,NULL,0,17,10,NULL,20.00,NULL,-180.00,NULL),(917,'2013-06-07',2000.00,1000.00,NULL,NULL,10.00,10.00,10.00,10.00,10.00,10.00,20.00,20.00,20.00,20.00,NULL,80.00,NULL,100.00,NULL,NULL,NULL,NULL,20.00,10.00,10.00,NULL,NULL,NULL,0,2,10,NULL,28.00,NULL,-252.00,NULL),(918,'2013-06-07',2000.00,1000.00,NULL,NULL,10.00,10.00,10.00,10.00,10.00,10.00,20.00,20.00,20.00,20.00,NULL,80.00,NULL,100.00,NULL,NULL,NULL,NULL,20.00,10.00,10.00,NULL,NULL,NULL,0,4,10,NULL,25.45,NULL,-281.08,NULL),(919,'2013-06-07',2000.00,1000.00,NULL,NULL,10.00,10.00,10.00,10.00,10.00,10.00,20.00,20.00,20.00,20.00,NULL,80.00,NULL,100.00,NULL,NULL,NULL,NULL,20.00,10.00,10.00,NULL,NULL,NULL,0,5,10,NULL,28.00,NULL,-252.00,NULL),(920,'2013-06-07',2000.00,1000.00,NULL,NULL,10.00,10.00,10.00,10.00,10.00,10.00,20.00,20.00,20.00,20.00,NULL,80.00,NULL,100.00,NULL,NULL,NULL,NULL,20.00,10.00,10.00,NULL,NULL,NULL,0,6,10,NULL,28.00,NULL,-252.00,NULL),(921,'2013-06-07',2000.00,1000.00,NULL,NULL,10.00,10.00,10.00,10.00,10.00,10.00,20.00,20.00,20.00,20.00,NULL,80.00,NULL,100.00,NULL,NULL,NULL,NULL,20.00,10.00,10.00,NULL,NULL,NULL,0,8,10,NULL,28.00,NULL,-252.00,NULL),(922,'2013-06-07',2000.00,1000.00,NULL,NULL,10.00,10.00,10.00,10.00,10.00,10.00,20.00,20.00,20.00,20.00,NULL,80.00,NULL,100.00,NULL,NULL,NULL,NULL,20.00,10.00,10.00,NULL,NULL,NULL,0,9,10,NULL,28.00,NULL,-252.00,NULL),(923,'2013-06-07',2000.00,1000.00,NULL,NULL,10.00,10.00,10.00,10.00,10.00,10.00,20.00,20.00,20.00,20.00,NULL,80.00,NULL,100.00,NULL,NULL,NULL,NULL,20.00,10.00,10.00,NULL,NULL,NULL,0,11,10,NULL,28.00,NULL,-252.00,NULL),(924,'2013-06-07',2000.00,1000.00,NULL,NULL,10.00,10.00,10.00,10.00,10.00,10.00,20.00,20.00,20.00,20.00,NULL,80.00,NULL,100.00,NULL,NULL,NULL,NULL,20.00,10.00,10.00,NULL,NULL,NULL,0,12,10,NULL,28.00,NULL,-252.00,NULL),(925,'2013-06-07',2000.00,1000.00,NULL,NULL,10.00,10.00,10.00,10.00,10.00,10.00,20.00,20.00,20.00,20.00,NULL,80.00,NULL,100.00,NULL,NULL,NULL,NULL,20.00,10.00,10.00,NULL,NULL,NULL,0,13,10,NULL,28.00,NULL,-252.00,NULL),(926,'2013-06-07',2000.00,1000.00,NULL,NULL,10.00,10.00,10.00,10.00,10.00,10.00,20.00,20.00,20.00,20.00,NULL,80.00,NULL,100.00,NULL,NULL,NULL,NULL,20.00,10.00,10.00,NULL,NULL,NULL,0,14,10,NULL,28.00,NULL,-252.00,NULL),(927,'2013-06-07',2000.00,1000.00,NULL,NULL,10.00,10.00,10.00,10.00,10.00,10.00,20.00,20.00,20.00,20.00,NULL,80.00,NULL,100.00,NULL,NULL,NULL,NULL,20.00,10.00,10.00,NULL,NULL,NULL,0,15,10,NULL,28.00,NULL,-252.00,NULL),(928,'2013-06-07',2000.00,1000.00,NULL,NULL,10.00,10.00,10.00,10.00,10.00,10.00,20.00,20.00,20.00,20.00,NULL,80.00,NULL,100.00,NULL,NULL,NULL,NULL,20.00,10.00,10.00,NULL,NULL,NULL,0,16,10,NULL,28.00,NULL,-252.00,NULL),(929,'2013-06-07',2000.00,1000.00,NULL,NULL,10.00,10.00,10.00,10.00,10.00,10.00,20.00,20.00,20.00,20.00,NULL,80.00,NULL,100.00,NULL,NULL,NULL,NULL,20.00,10.00,10.00,NULL,NULL,NULL,0,17,10,NULL,24.00,NULL,-216.00,NULL),(931,'2013-06-08',2000.00,1000.00,NULL,NULL,10.00,10.00,10.00,10.00,10.00,10.00,20.00,20.00,20.00,20.00,NULL,80.00,NULL,100.00,NULL,NULL,NULL,NULL,20.00,10.00,10.00,NULL,NULL,NULL,0,2,10,NULL,32.00,NULL,-288.00,NULL),(932,'2013-06-08',2000.00,1000.00,NULL,NULL,10.00,10.00,10.00,10.00,10.00,10.00,20.00,20.00,20.00,20.00,NULL,80.00,NULL,100.00,NULL,NULL,NULL,NULL,20.00,10.00,10.00,NULL,NULL,NULL,0,4,10,NULL,29.45,NULL,-317.08,NULL),(933,'2013-06-08',2000.00,1000.00,NULL,NULL,10.00,10.00,10.00,10.00,10.00,10.00,20.00,20.00,20.00,20.00,NULL,80.00,NULL,100.00,NULL,NULL,NULL,NULL,20.00,10.00,10.00,NULL,NULL,NULL,0,5,10,NULL,32.00,NULL,-288.00,NULL),(934,'2013-06-08',2000.00,1000.00,NULL,NULL,10.00,10.00,10.00,10.00,10.00,10.00,20.00,20.00,20.00,20.00,NULL,80.00,NULL,100.00,NULL,NULL,NULL,NULL,20.00,10.00,10.00,NULL,NULL,NULL,0,6,10,NULL,32.00,NULL,-288.00,NULL),(935,'2013-06-08',2000.00,1000.00,NULL,NULL,10.00,10.00,10.00,10.00,10.00,10.00,20.00,20.00,20.00,20.00,NULL,80.00,NULL,100.00,NULL,NULL,NULL,NULL,20.00,10.00,10.00,NULL,NULL,NULL,0,8,10,NULL,32.00,NULL,-288.00,NULL),(936,'2013-06-08',2000.00,1000.00,NULL,NULL,10.00,10.00,10.00,10.00,10.00,10.00,20.00,20.00,20.00,20.00,NULL,80.00,NULL,100.00,NULL,NULL,NULL,NULL,20.00,10.00,10.00,NULL,NULL,NULL,0,9,10,NULL,32.00,NULL,-288.00,NULL),(937,'2013-06-08',2000.00,1000.00,NULL,NULL,10.00,10.00,10.00,10.00,10.00,10.00,20.00,20.00,20.00,20.00,NULL,80.00,NULL,100.00,NULL,NULL,NULL,NULL,20.00,10.00,10.00,NULL,NULL,NULL,0,11,10,NULL,32.00,NULL,-288.00,NULL),(938,'2013-06-08',2000.00,1000.00,NULL,NULL,10.00,10.00,10.00,10.00,10.00,10.00,20.00,20.00,20.00,20.00,NULL,80.00,NULL,100.00,NULL,NULL,NULL,NULL,20.00,10.00,10.00,NULL,NULL,NULL,0,12,10,NULL,32.00,NULL,-288.00,NULL),(939,'2013-06-08',2000.00,1000.00,NULL,NULL,10.00,10.00,10.00,10.00,10.00,10.00,20.00,20.00,20.00,20.00,NULL,80.00,NULL,100.00,NULL,NULL,NULL,NULL,20.00,10.00,10.00,NULL,NULL,NULL,0,13,10,NULL,32.00,NULL,-288.00,NULL),(940,'2013-06-08',2000.00,1000.00,NULL,NULL,10.00,10.00,10.00,10.00,10.00,10.00,20.00,20.00,20.00,20.00,NULL,80.00,NULL,100.00,NULL,NULL,NULL,NULL,20.00,10.00,10.00,NULL,NULL,NULL,0,14,10,NULL,32.00,NULL,-288.00,NULL),(941,'2013-06-08',2000.00,1000.00,NULL,NULL,10.00,10.00,10.00,10.00,10.00,10.00,20.00,20.00,20.00,20.00,NULL,80.00,NULL,100.00,NULL,NULL,NULL,NULL,20.00,10.00,10.00,NULL,NULL,NULL,0,15,10,NULL,32.00,NULL,-288.00,NULL),(942,'2013-06-08',2000.00,1000.00,NULL,NULL,10.00,10.00,10.00,10.00,10.00,10.00,20.00,20.00,20.00,20.00,NULL,80.00,NULL,100.00,NULL,NULL,NULL,NULL,20.00,10.00,10.00,NULL,NULL,NULL,0,16,10,NULL,32.00,NULL,-288.00,NULL),(943,'2013-06-08',2000.00,1000.00,NULL,NULL,10.00,10.00,10.00,10.00,10.00,10.00,20.00,20.00,20.00,20.00,NULL,80.00,NULL,100.00,NULL,NULL,NULL,NULL,20.00,10.00,10.00,NULL,NULL,NULL,0,17,10,NULL,28.00,NULL,-252.00,NULL),(945,'2013-06-09',2000.00,1000.00,NULL,NULL,10.00,10.00,10.00,10.00,10.00,10.00,20.00,20.00,20.00,20.00,NULL,80.00,NULL,100.00,NULL,NULL,NULL,NULL,20.00,10.00,10.00,NULL,NULL,NULL,0,2,10,NULL,36.00,NULL,-324.00,NULL),(946,'2013-06-09',2000.00,1000.00,NULL,NULL,10.00,10.00,10.00,10.00,10.00,10.00,20.00,20.00,20.00,20.00,NULL,80.00,NULL,100.00,NULL,NULL,NULL,NULL,20.00,10.00,10.00,NULL,NULL,NULL,0,4,10,NULL,33.45,NULL,-353.08,NULL),(947,'2013-06-09',2000.00,1000.00,NULL,NULL,10.00,10.00,10.00,10.00,10.00,10.00,20.00,20.00,20.00,20.00,NULL,80.00,NULL,100.00,NULL,NULL,NULL,NULL,20.00,10.00,10.00,NULL,NULL,NULL,0,5,10,NULL,36.00,NULL,-324.00,NULL),(948,'2013-06-09',2000.00,1000.00,NULL,NULL,10.00,10.00,10.00,10.00,10.00,10.00,20.00,20.00,20.00,20.00,NULL,80.00,NULL,100.00,NULL,NULL,NULL,NULL,20.00,10.00,10.00,NULL,NULL,NULL,0,6,10,NULL,36.00,NULL,-324.00,NULL),(949,'2013-06-09',2000.00,1000.00,NULL,NULL,10.00,10.00,10.00,10.00,10.00,10.00,20.00,20.00,20.00,20.00,NULL,80.00,NULL,100.00,NULL,NULL,NULL,NULL,20.00,10.00,10.00,NULL,NULL,NULL,0,8,10,NULL,36.00,NULL,-324.00,NULL),(950,'2013-06-09',2000.00,1000.00,NULL,NULL,10.00,10.00,10.00,10.00,10.00,10.00,20.00,20.00,20.00,20.00,NULL,80.00,NULL,100.00,NULL,NULL,NULL,NULL,20.00,10.00,10.00,NULL,NULL,NULL,0,9,10,NULL,36.00,NULL,-324.00,NULL),(951,'2013-06-09',2000.00,1000.00,NULL,NULL,10.00,10.00,10.00,10.00,10.00,10.00,20.00,20.00,20.00,20.00,NULL,80.00,NULL,100.00,NULL,NULL,NULL,NULL,20.00,10.00,10.00,NULL,NULL,NULL,0,11,10,NULL,36.00,NULL,-324.00,NULL),(952,'2013-06-09',2000.00,1000.00,NULL,NULL,10.00,10.00,10.00,10.00,10.00,10.00,20.00,20.00,20.00,20.00,NULL,80.00,NULL,100.00,NULL,NULL,NULL,NULL,20.00,10.00,10.00,NULL,NULL,NULL,0,12,10,NULL,36.00,NULL,-324.00,NULL),(953,'2013-06-09',2000.00,1000.00,NULL,NULL,10.00,10.00,10.00,10.00,10.00,10.00,20.00,20.00,20.00,20.00,NULL,80.00,NULL,100.00,NULL,NULL,NULL,NULL,20.00,10.00,10.00,NULL,NULL,NULL,0,13,10,NULL,36.00,NULL,-324.00,NULL),(954,'2013-06-09',2000.00,1000.00,NULL,NULL,10.00,10.00,10.00,10.00,10.00,10.00,20.00,20.00,20.00,20.00,NULL,80.00,NULL,100.00,NULL,NULL,NULL,NULL,20.00,10.00,10.00,NULL,NULL,NULL,0,14,10,NULL,36.00,NULL,-324.00,NULL),(955,'2013-06-09',2000.00,1000.00,NULL,NULL,10.00,10.00,10.00,10.00,10.00,10.00,20.00,20.00,20.00,20.00,NULL,80.00,NULL,100.00,NULL,NULL,NULL,NULL,20.00,10.00,10.00,NULL,NULL,NULL,0,15,10,NULL,36.00,NULL,-324.00,NULL),(956,'2013-06-09',2000.00,1000.00,NULL,NULL,10.00,10.00,10.00,10.00,10.00,10.00,20.00,20.00,20.00,20.00,NULL,80.00,NULL,100.00,NULL,NULL,NULL,NULL,20.00,10.00,10.00,NULL,NULL,NULL,0,16,10,NULL,36.00,NULL,-324.00,NULL),(957,'2013-06-09',2000.00,1000.00,NULL,NULL,10.00,10.00,10.00,10.00,10.00,10.00,20.00,20.00,20.00,20.00,NULL,80.00,NULL,100.00,NULL,NULL,NULL,NULL,20.00,10.00,10.00,NULL,NULL,NULL,0,17,10,NULL,32.00,NULL,-288.00,NULL),(959,'2013-06-10',2000.00,1000.00,NULL,NULL,10.00,10.00,10.00,10.00,10.00,10.00,20.00,20.00,20.00,20.00,NULL,80.00,NULL,100.00,NULL,NULL,NULL,NULL,20.00,10.00,10.00,NULL,NULL,NULL,0,2,10,NULL,40.00,NULL,-360.00,NULL),(960,'2013-06-10',2000.00,1000.00,NULL,NULL,10.00,10.00,10.00,10.00,10.00,10.00,20.00,20.00,20.00,20.00,NULL,80.00,NULL,100.00,NULL,NULL,NULL,NULL,20.00,10.00,10.00,NULL,NULL,NULL,0,4,10,NULL,37.45,NULL,-389.08,NULL),(961,'2013-06-10',2000.00,1000.00,NULL,NULL,10.00,10.00,10.00,10.00,10.00,10.00,20.00,20.00,20.00,20.00,NULL,80.00,NULL,100.00,NULL,NULL,NULL,NULL,20.00,10.00,10.00,NULL,NULL,NULL,0,5,10,NULL,40.00,NULL,-360.00,NULL),(962,'2013-06-10',2000.00,1000.00,NULL,NULL,10.00,10.00,10.00,10.00,10.00,10.00,20.00,20.00,20.00,20.00,NULL,80.00,NULL,100.00,NULL,NULL,NULL,NULL,20.00,10.00,10.00,NULL,NULL,NULL,0,6,10,NULL,40.00,NULL,-360.00,NULL),(963,'2013-06-10',2000.00,1000.00,NULL,NULL,10.00,10.00,10.00,10.00,10.00,10.00,20.00,20.00,20.00,20.00,NULL,80.00,NULL,100.00,NULL,NULL,NULL,NULL,20.00,10.00,10.00,NULL,NULL,NULL,0,8,10,NULL,40.00,NULL,-360.00,NULL),(964,'2013-06-10',2000.00,1000.00,NULL,NULL,10.00,10.00,10.00,10.00,10.00,10.00,20.00,20.00,20.00,20.00,NULL,80.00,NULL,100.00,NULL,NULL,NULL,NULL,20.00,10.00,10.00,NULL,NULL,NULL,0,9,10,NULL,40.00,NULL,-360.00,NULL),(965,'2013-06-10',2000.00,1000.00,NULL,NULL,10.00,10.00,10.00,10.00,10.00,10.00,20.00,20.00,20.00,20.00,NULL,80.00,NULL,100.00,NULL,NULL,NULL,NULL,20.00,10.00,10.00,NULL,NULL,NULL,0,11,10,NULL,40.00,NULL,-360.00,NULL),(966,'2013-06-10',2000.00,1000.00,NULL,NULL,10.00,10.00,10.00,10.00,10.00,10.00,20.00,20.00,20.00,20.00,NULL,80.00,NULL,100.00,NULL,NULL,NULL,NULL,20.00,10.00,10.00,NULL,NULL,NULL,0,12,10,NULL,40.00,NULL,-360.00,NULL),(967,'2013-06-10',2000.00,1000.00,NULL,NULL,10.00,10.00,10.00,10.00,10.00,10.00,20.00,20.00,20.00,20.00,NULL,80.00,NULL,100.00,NULL,NULL,NULL,NULL,20.00,10.00,10.00,NULL,NULL,NULL,0,13,10,NULL,40.00,NULL,-360.00,NULL),(968,'2013-06-10',2000.00,1000.00,NULL,NULL,10.00,10.00,10.00,10.00,10.00,10.00,20.00,20.00,20.00,20.00,NULL,80.00,NULL,100.00,NULL,NULL,NULL,NULL,20.00,10.00,10.00,NULL,NULL,NULL,0,14,10,NULL,40.00,NULL,-360.00,NULL),(969,'2013-06-10',2000.00,1000.00,NULL,NULL,10.00,10.00,10.00,10.00,10.00,10.00,20.00,20.00,20.00,20.00,NULL,80.00,NULL,100.00,NULL,NULL,NULL,NULL,20.00,10.00,10.00,NULL,NULL,NULL,0,15,10,NULL,40.00,NULL,-360.00,NULL),(970,'2013-06-10',2000.00,1000.00,NULL,NULL,10.00,10.00,10.00,10.00,10.00,10.00,20.00,20.00,20.00,20.00,NULL,80.00,NULL,100.00,NULL,NULL,NULL,NULL,20.00,10.00,10.00,NULL,NULL,NULL,0,16,10,NULL,40.00,NULL,-360.00,NULL),(971,'2013-06-10',2000.00,1000.00,NULL,NULL,10.00,10.00,10.00,10.00,10.00,10.00,20.00,20.00,20.00,20.00,NULL,80.00,NULL,100.00,NULL,NULL,NULL,NULL,20.00,10.00,10.00,NULL,NULL,NULL,0,17,10,NULL,36.00,NULL,-324.00,NULL),(977,'2013-06-11',2000.00,1000.00,NULL,NULL,10.00,10.00,10.00,10.00,10.00,10.00,20.00,20.00,20.00,20.00,NULL,80.00,NULL,100.00,NULL,NULL,NULL,NULL,20.00,10.00,10.00,NULL,NULL,NULL,0,2,10,NULL,44.00,NULL,-396.00,NULL),(978,'2013-06-11',2000.00,1000.00,NULL,NULL,10.00,10.00,10.00,10.00,10.00,10.00,20.00,20.00,20.00,20.00,NULL,80.00,NULL,100.00,NULL,NULL,NULL,NULL,20.00,10.00,10.00,NULL,NULL,NULL,0,4,10,NULL,41.45,NULL,-425.08,NULL),(979,'2013-06-11',2000.00,1000.00,NULL,NULL,10.00,10.00,10.00,10.00,10.00,10.00,20.00,20.00,20.00,20.00,NULL,80.00,NULL,100.00,NULL,NULL,NULL,NULL,20.00,10.00,10.00,NULL,NULL,NULL,0,5,10,NULL,44.00,NULL,-396.00,NULL),(980,'2013-06-11',2000.00,1000.00,NULL,NULL,10.00,10.00,10.00,10.00,10.00,10.00,20.00,20.00,20.00,20.00,NULL,80.00,NULL,100.00,NULL,NULL,NULL,NULL,20.00,10.00,10.00,NULL,NULL,NULL,0,6,10,NULL,44.00,NULL,-396.00,NULL),(981,'2013-06-11',2000.00,1000.00,NULL,NULL,10.00,10.00,10.00,10.00,10.00,10.00,20.00,20.00,20.00,20.00,NULL,80.00,NULL,100.00,NULL,NULL,NULL,NULL,20.00,10.00,10.00,NULL,NULL,NULL,0,8,10,NULL,44.00,NULL,-396.00,NULL),(982,'2013-06-11',2000.00,1000.00,NULL,NULL,10.00,10.00,10.00,10.00,10.00,10.00,20.00,20.00,20.00,20.00,NULL,80.00,NULL,100.00,NULL,NULL,NULL,NULL,20.00,10.00,10.00,NULL,NULL,NULL,0,9,10,NULL,44.00,NULL,-396.00,NULL),(983,'2013-06-11',2000.00,1000.00,NULL,NULL,10.00,10.00,10.00,10.00,10.00,10.00,20.00,20.00,20.00,20.00,NULL,80.00,NULL,100.00,NULL,NULL,NULL,NULL,20.00,10.00,10.00,NULL,NULL,NULL,0,11,10,NULL,44.00,NULL,-396.00,NULL),(984,'2013-06-11',2000.00,1000.00,NULL,NULL,10.00,10.00,10.00,10.00,10.00,10.00,20.00,20.00,20.00,20.00,NULL,80.00,NULL,100.00,NULL,NULL,NULL,NULL,20.00,10.00,10.00,NULL,NULL,NULL,0,12,10,NULL,44.00,NULL,-396.00,NULL),(985,'2013-06-11',2000.00,1000.00,NULL,NULL,10.00,10.00,10.00,10.00,10.00,10.00,20.00,20.00,20.00,20.00,NULL,80.00,NULL,100.00,NULL,NULL,NULL,NULL,20.00,10.00,10.00,NULL,NULL,NULL,0,13,10,NULL,44.00,NULL,-396.00,NULL),(986,'2013-06-11',2000.00,1000.00,NULL,NULL,10.00,10.00,10.00,10.00,10.00,10.00,20.00,20.00,20.00,20.00,NULL,80.00,NULL,100.00,NULL,NULL,NULL,NULL,20.00,10.00,10.00,NULL,NULL,NULL,0,14,10,NULL,44.00,NULL,-396.00,NULL),(987,'2013-06-11',2000.00,1000.00,NULL,NULL,10.00,10.00,10.00,10.00,10.00,10.00,20.00,20.00,20.00,20.00,NULL,80.00,NULL,100.00,NULL,NULL,NULL,NULL,20.00,10.00,10.00,NULL,NULL,NULL,0,15,10,NULL,44.00,NULL,-396.00,NULL),(988,'2013-06-11',2000.00,1000.00,NULL,NULL,10.00,10.00,10.00,10.00,10.00,10.00,20.00,20.00,20.00,20.00,NULL,80.00,NULL,100.00,NULL,NULL,NULL,NULL,20.00,10.00,10.00,NULL,NULL,NULL,0,16,10,NULL,44.00,NULL,-396.00,NULL),(989,'2013-06-11',2000.00,1000.00,NULL,NULL,10.00,10.00,10.00,10.00,10.00,10.00,20.00,20.00,20.00,20.00,NULL,80.00,NULL,100.00,NULL,NULL,NULL,NULL,20.00,10.00,10.00,NULL,NULL,NULL,0,17,10,NULL,40.00,NULL,-360.00,NULL),(991,'0000-00-00',0.00,0.00,NULL,NULL,NULL,NULL,NULL,NULL,NULL,NULL,NULL,NULL,NULL,NULL,NULL,NULL,NULL,NULL,NULL,NULL,NULL,NULL,NULL,NULL,NULL,NULL,NULL,NULL,0,NULL,10,NULL,NULL,NULL,NULL,NULL),(992,'2013-06-12',2000.00,1000.00,NULL,NULL,10.00,10.00,10.00,10.00,10.00,10.00,20.00,20.00,20.00,20.00,NULL,80.00,NULL,100.00,NULL,NULL,NULL,NULL,20.00,10.00,10.00,NULL,NULL,NULL,0,2,10,NULL,48.00,NULL,-432.00,NULL),(993,'2013-06-12',2000.00,1000.00,NULL,NULL,10.00,10.00,10.00,10.00,10.00,10.00,20.00,20.00,20.00,20.00,NULL,80.00,NULL,100.00,NULL,NULL,NULL,NULL,20.00,10.00,10.00,NULL,NULL,NULL,0,4,10,NULL,45.45,135.65,-461.08,NULL),(994,'2013-06-12',2000.00,1000.00,NULL,NULL,10.00,10.00,10.00,10.00,10.00,10.00,20.00,20.00,20.00,20.00,NULL,80.00,NULL,100.00,NULL,NULL,NULL,NULL,20.00,10.00,10.00,NULL,NULL,NULL,0,5,10,NULL,48.00,624.45,-432.00,NULL),(995,'2013-06-12',2000.00,1000.00,NULL,NULL,10.00,10.00,10.00,10.00,10.00,10.00,20.00,20.00,20.00,20.00,NULL,80.00,NULL,100.00,NULL,NULL,NULL,NULL,20.00,10.00,10.00,NULL,NULL,NULL,0,6,10,NULL,48.00,250.90,-432.00,NULL),(996,'2013-06-12',2000.00,1000.00,NULL,NULL,10.00,10.00,10.00,10.00,10.00,10.00,20.00,20.00,20.00,20.00,NULL,80.00,NULL,100.00,NULL,NULL,NULL,NULL,20.00,10.00,10.00,NULL,NULL,NULL,0,8,10,NULL,48.00,354.81,-432.00,NULL),(997,'2013-06-12',2000.00,1000.00,NULL,NULL,10.00,10.00,10.00,10.00,10.00,10.00,20.00,20.00,20.00,20.00,NULL,80.00,NULL,100.00,NULL,NULL,NULL,NULL,20.00,10.00,10.00,NULL,NULL,NULL,0,9,10,NULL,48.00,378.90,-432.00,NULL),(998,'2013-06-12',2000.00,1000.00,NULL,NULL,10.00,10.00,10.00,10.00,10.00,10.00,20.00,20.00,20.00,20.00,NULL,80.00,NULL,100.00,NULL,NULL,NULL,NULL,20.00,10.00,10.00,NULL,NULL,NULL,0,11,10,NULL,48.00,NULL,-432.00,NULL),(999,'2013-06-12',2000.00,1000.00,NULL,NULL,10.00,10.00,10.00,10.00,10.00,10.00,20.00,20.00,20.00,20.00,NULL,80.00,NULL,100.00,NULL,NULL,NULL,NULL,20.00,10.00,10.00,NULL,NULL,NULL,0,12,10,NULL,48.00,208.52,-432.00,NULL),(1000,'2013-06-12',2000.00,1000.00,NULL,NULL,10.00,10.00,10.00,10.00,10.00,10.00,20.00,20.00,20.00,20.00,NULL,80.00,NULL,100.00,NULL,NULL,NULL,NULL,20.00,10.00,10.00,NULL,NULL,NULL,0,13,10,NULL,48.00,387.57,-432.00,NULL),(1001,'2013-06-12',2000.00,1000.00,NULL,NULL,10.00,10.00,10.00,10.00,10.00,10.00,20.00,20.00,20.00,20.00,NULL,80.00,NULL,100.00,NULL,NULL,NULL,NULL,20.00,10.00,10.00,NULL,NULL,NULL,0,14,10,NULL,48.00,296.75,-432.00,NULL),(1002,'2013-06-12',2000.00,1000.00,NULL,NULL,10.00,10.00,10.00,10.00,10.00,10.00,20.00,20.00,20.00,20.00,NULL,80.00,NULL,100.00,NULL,NULL,NULL,NULL,20.00,10.00,10.00,NULL,NULL,NULL,0,15,10,NULL,48.00,NULL,-432.00,NULL),(1003,'2013-06-12',2000.00,1000.00,NULL,NULL,10.00,10.00,10.00,10.00,10.00,10.00,20.00,20.00,20.00,20.00,NULL,80.00,NULL,100.00,NULL,NULL,NULL,NULL,20.00,10.00,10.00,NULL,NULL,NULL,0,16,10,NULL,48.00,225.87,-432.00,NULL),(1004,'2013-06-12',2000.00,1000.00,NULL,NULL,10.00,10.00,10.00,10.00,10.00,10.00,20.00,20.00,20.00,20.00,NULL,80.00,NULL,100.00,NULL,NULL,NULL,NULL,20.00,10.00,10.00,NULL,NULL,NULL,0,17,10,NULL,44.00,915.83,-396.00,NULL),(1006,'2013-06-13',2000.00,1000.00,NULL,NULL,10.00,10.00,10.00,10.00,10.00,10.00,20.00,20.00,20.00,20.00,NULL,80.00,NULL,100.00,NULL,NULL,NULL,NULL,20.00,10.00,10.00,NULL,NULL,NULL,0,2,10,NULL,52.00,NULL,-468.00,NULL),(1007,'2013-06-13',2000.00,1000.00,NULL,NULL,10.00,10.00,10.00,10.00,10.00,10.00,20.00,20.00,20.00,20.00,NULL,80.00,NULL,100.00,NULL,NULL,NULL,NULL,20.00,10.00,10.00,NULL,NULL,NULL,0,4,10,NULL,49.45,189.15,-497.08,NULL),(1008,'2013-06-13',2000.00,1000.00,NULL,NULL,10.00,10.00,10.00,10.00,10.00,10.00,20.00,20.00,20.00,20.00,NULL,80.00,NULL,100.00,NULL,NULL,NULL,NULL,20.00,10.00,10.00,NULL,NULL,NULL,0,5,10,NULL,52.00,194.72,-468.00,NULL),(1009,'2013-06-13',2000.00,1000.00,NULL,NULL,10.00,10.00,10.00,10.00,10.00,10.00,20.00,20.00,20.00,20.00,NULL,80.00,NULL,100.00,NULL,NULL,NULL,NULL,20.00,10.00,10.00,NULL,NULL,NULL,0,6,10,NULL,52.00,476.07,-468.00,NULL),(1010,'2013-06-13',2000.00,1000.00,NULL,NULL,10.00,10.00,10.00,10.00,10.00,10.00,20.00,20.00,20.00,20.00,NULL,80.00,NULL,100.00,NULL,NULL,NULL,NULL,20.00,10.00,10.00,NULL,NULL,NULL,0,8,10,NULL,52.00,288.40,-468.00,NULL),(1011,'2013-06-13',2000.00,1000.00,NULL,NULL,10.00,10.00,10.00,10.00,10.00,10.00,20.00,20.00,20.00,20.00,NULL,80.00,NULL,100.00,NULL,NULL,NULL,NULL,20.00,10.00,10.00,NULL,NULL,NULL,0,9,10,NULL,52.00,636.97,-468.00,NULL),(1012,'2013-06-13',2000.00,1000.00,NULL,NULL,10.00,10.00,10.00,10.00,10.00,10.00,20.00,20.00,20.00,20.00,NULL,80.00,NULL,100.00,NULL,NULL,NULL,NULL,20.00,10.00,10.00,NULL,NULL,NULL,0,11,10,NULL,52.00,NULL,-468.00,NULL),(1013,'2013-06-13',2000.00,1000.00,NULL,NULL,10.00,10.00,10.00,10.00,10.00,10.00,20.00,20.00,20.00,20.00,NULL,80.00,NULL,100.00,NULL,NULL,NULL,NULL,20.00,10.00,10.00,NULL,NULL,NULL,0,12,10,NULL,52.00,187.75,-468.00,NULL),(1014,'2013-06-13',2000.00,1000.00,NULL,NULL,10.00,10.00,10.00,10.00,10.00,10.00,20.00,20.00,20.00,20.00,NULL,80.00,NULL,100.00,NULL,NULL,NULL,NULL,20.00,10.00,10.00,NULL,NULL,NULL,0,13,10,NULL,52.00,270.45,-468.00,NULL),(1015,'2013-06-13',2000.00,1000.00,NULL,NULL,10.00,10.00,10.00,10.00,10.00,10.00,20.00,20.00,20.00,20.00,NULL,80.00,NULL,100.00,NULL,NULL,NULL,NULL,20.00,10.00,10.00,NULL,NULL,NULL,0,14,10,NULL,52.00,276.63,-468.00,NULL),(1016,'2013-06-13',2000.00,1000.00,NULL,NULL,10.00,10.00,10.00,10.00,10.00,10.00,20.00,20.00,20.00,20.00,NULL,80.00,NULL,100.00,NULL,NULL,NULL,NULL,20.00,10.00,10.00,NULL,NULL,NULL,0,15,10,NULL,52.00,NULL,-468.00,NULL),(1017,'2013-06-13',2000.00,1000.00,NULL,NULL,10.00,10.00,10.00,10.00,10.00,10.00,20.00,20.00,20.00,20.00,NULL,80.00,NULL,100.00,NULL,NULL,NULL,NULL,20.00,10.00,10.00,NULL,NULL,NULL,0,16,10,NULL,52.00,143.78,-468.00,NULL),(1018,'2013-06-13',2000.00,1000.00,NULL,NULL,10.00,10.00,10.00,10.00,10.00,10.00,20.00,20.00,20.00,20.00,NULL,80.00,NULL,100.00,NULL,NULL,NULL,NULL,20.00,10.00,10.00,NULL,NULL,NULL,0,17,10,NULL,48.00,963.15,-432.00,NULL),(1020,'2013-06-14',2000.00,1000.00,NULL,NULL,10.00,10.00,10.00,10.00,10.00,10.00,20.00,20.00,20.00,20.00,NULL,80.00,NULL,100.00,NULL,NULL,NULL,NULL,20.00,10.00,10.00,NULL,NULL,NULL,0,2,10,NULL,56.00,NULL,-504.00,NULL),(1021,'2013-06-14',2000.00,1000.00,NULL,NULL,10.00,10.00,10.00,10.00,10.00,10.00,20.00,20.00,20.00,20.00,NULL,80.00,NULL,100.00,NULL,NULL,NULL,NULL,20.00,10.00,10.00,NULL,NULL,NULL,0,4,10,NULL,53.45,NULL,-533.08,NULL),(1022,'2013-06-14',2000.00,1000.00,NULL,NULL,10.00,10.00,10.00,10.00,10.00,10.00,20.00,20.00,20.00,20.00,NULL,80.00,NULL,100.00,NULL,NULL,NULL,NULL,20.00,10.00,10.00,NULL,NULL,NULL,0,5,10,NULL,56.00,NULL,-504.00,NULL),(1023,'2013-06-14',2000.00,1000.00,NULL,NULL,10.00,10.00,10.00,10.00,10.00,10.00,20.00,20.00,20.00,20.00,NULL,80.00,NULL,100.00,NULL,NULL,NULL,NULL,20.00,10.00,10.00,NULL,NULL,NULL,0,6,10,NULL,56.00,NULL,-504.00,NULL),(1024,'2013-06-14',2000.00,1000.00,NULL,NULL,10.00,10.00,10.00,10.00,10.00,10.00,20.00,20.00,20.00,20.00,NULL,80.00,NULL,100.00,NULL,NULL,NULL,NULL,20.00,10.00,10.00,NULL,NULL,NULL,0,8,10,NULL,56.00,NULL,-504.00,NULL),(1025,'2013-06-14',2000.00,1000.00,NULL,NULL,10.00,10.00,10.00,10.00,10.00,10.00,20.00,20.00,20.00,20.00,NULL,80.00,NULL,100.00,NULL,NULL,NULL,NULL,20.00,10.00,10.00,NULL,NULL,NULL,0,9,10,NULL,56.00,NULL,-504.00,NULL),(1026,'2013-06-14',2000.00,1000.00,NULL,NULL,10.00,10.00,10.00,10.00,10.00,10.00,20.00,20.00,20.00,20.00,NULL,80.00,NULL,100.00,NULL,NULL,NULL,NULL,20.00,10.00,10.00,NULL,NULL,NULL,0,11,10,NULL,56.00,NULL,-504.00,NULL),(1027,'2013-06-14',2000.00,1000.00,NULL,NULL,10.00,10.00,10.00,10.00,10.00,10.00,20.00,20.00,20.00,20.00,NULL,80.00,NULL,100.00,NULL,NULL,NULL,NULL,20.00,10.00,10.00,NULL,NULL,NULL,0,12,10,NULL,56.00,NULL,-504.00,NULL),(1028,'2013-06-14',2000.00,1000.00,NULL,NULL,10.00,10.00,10.00,10.00,10.00,10.00,20.00,20.00,20.00,20.00,NULL,80.00,NULL,100.00,NULL,NULL,NULL,NULL,20.00,10.00,10.00,NULL,NULL,NULL,0,13,10,NULL,56.00,NULL,-504.00,NULL),(1029,'2013-06-14',2000.00,1000.00,NULL,NULL,10.00,10.00,10.00,10.00,10.00,10.00,20.00,20.00,20.00,20.00,NULL,80.00,NULL,100.00,NULL,NULL,NULL,NULL,20.00,10.00,10.00,NULL,NULL,NULL,0,14,10,NULL,56.00,NULL,-504.00,NULL),(1030,'2013-06-14',2000.00,1000.00,NULL,NULL,10.00,10.00,10.00,10.00,10.00,10.00,20.00,20.00,20.00,20.00,NULL,80.00,NULL,100.00,NULL,NULL,NULL,NULL,20.00,10.00,10.00,NULL,NULL,NULL,0,15,10,NULL,56.00,NULL,-504.00,NULL),(1031,'2013-06-14',2000.00,1000.00,NULL,NULL,10.00,10.00,10.00,10.00,10.00,10.00,20.00,20.00,20.00,20.00,NULL,80.00,NULL,100.00,NULL,NULL,NULL,NULL,20.00,10.00,10.00,NULL,NULL,NULL,0,16,10,NULL,56.00,NULL,-504.00,NULL),(1032,'2013-06-14',2000.00,1000.00,NULL,NULL,10.00,10.00,10.00,10.00,10.00,10.00,20.00,20.00,20.00,20.00,NULL,80.00,NULL,100.00,NULL,NULL,NULL,NULL,20.00,10.00,10.00,NULL,NULL,NULL,0,17,10,NULL,52.00,NULL,-468.00,NULL),(1034,'2013-06-15',2000.00,1000.00,NULL,NULL,10.00,10.00,10.00,10.00,10.00,10.00,20.00,20.00,20.00,20.00,NULL,80.00,NULL,100.00,NULL,NULL,NULL,NULL,20.00,10.00,10.00,NULL,NULL,NULL,0,1,10,NULL,4.00,NULL,-36.00,NULL),(1035,'2013-06-15',2000.00,1000.00,NULL,NULL,10.00,10.00,10.00,10.00,10.00,10.00,20.00,20.00,20.00,20.00,NULL,80.00,NULL,100.00,NULL,NULL,NULL,NULL,20.00,10.00,10.00,NULL,NULL,NULL,0,4,10,NULL,57.45,NULL,-569.08,NULL),(1036,'2013-06-15',2000.00,1000.00,NULL,NULL,10.00,10.00,10.00,10.00,10.00,10.00,20.00,20.00,20.00,20.00,NULL,80.00,NULL,100.00,NULL,NULL,NULL,NULL,20.00,10.00,10.00,NULL,NULL,NULL,0,5,10,NULL,60.00,NULL,-540.00,NULL),(1037,'2013-06-15',2000.00,1000.00,NULL,NULL,10.00,10.00,10.00,10.00,10.00,10.00,20.00,20.00,20.00,20.00,NULL,80.00,NULL,100.00,NULL,NULL,NULL,NULL,20.00,10.00,10.00,NULL,NULL,NULL,0,6,10,NULL,60.00,NULL,-540.00,NULL),(1038,'2013-06-15',2000.00,1000.00,NULL,NULL,10.00,10.00,10.00,10.00,10.00,10.00,20.00,20.00,20.00,20.00,NULL,80.00,NULL,100.00,NULL,NULL,NULL,NULL,20.00,10.00,10.00,NULL,NULL,NULL,0,8,10,NULL,60.00,NULL,-540.00,NULL),(1039,'2013-06-15',2000.00,1000.00,NULL,NULL,10.00,10.00,10.00,10.00,10.00,10.00,20.00,20.00,20.00,20.00,NULL,80.00,NULL,100.00,NULL,NULL,NULL,NULL,20.00,10.00,10.00,NULL,NULL,NULL,0,9,10,NULL,60.00,NULL,-540.00,NULL),(1040,'2013-06-15',2000.00,1000.00,NULL,NULL,10.00,10.00,10.00,10.00,10.00,10.00,20.00,20.00,20.00,20.00,NULL,80.00,NULL,100.00,NULL,NULL,NULL,NULL,20.00,10.00,10.00,NULL,NULL,NULL,0,12,10,NULL,60.00,NULL,-540.00,NULL),(1041,'2013-06-15',2000.00,1000.00,NULL,NULL,10.00,10.00,10.00,10.00,10.00,10.00,20.00,20.00,20.00,20.00,NULL,80.00,NULL,100.00,NULL,NULL,NULL,NULL,20.00,10.00,10.00,NULL,NULL,NULL,0,13,10,NULL,60.00,NULL,-540.00,NULL),(1042,'2013-06-15',2000.00,1000.00,NULL,NULL,10.00,10.00,10.00,10.00,10.00,10.00,20.00,20.00,20.00,20.00,NULL,80.00,NULL,100.00,NULL,NULL,NULL,NULL,20.00,10.00,10.00,NULL,NULL,NULL,0,14,10,NULL,60.00,NULL,-540.00,NULL),(1043,'2013-06-15',2000.00,1000.00,NULL,NULL,10.00,10.00,10.00,10.00,10.00,10.00,20.00,20.00,20.00,20.00,NULL,80.00,NULL,100.00,NULL,NULL,NULL,NULL,20.00,10.00,10.00,NULL,NULL,NULL,0,16,10,NULL,60.00,NULL,-540.00,NULL),(1044,'2013-06-15',2000.00,1000.00,NULL,NULL,10.00,10.00,10.00,10.00,10.00,10.00,20.00,20.00,20.00,20.00,NULL,80.00,NULL,100.00,NULL,NULL,NULL,NULL,20.00,10.00,10.00,NULL,NULL,NULL,0,17,10,NULL,56.00,NULL,-504.00,NULL),(1046,'2013-06-16',2000.00,1000.00,NULL,NULL,10.00,10.00,10.00,10.00,10.00,10.00,20.00,20.00,20.00,20.00,NULL,80.00,NULL,100.00,NULL,NULL,NULL,NULL,20.00,10.00,10.00,NULL,NULL,NULL,0,1,10,NULL,8.00,NULL,-72.00,NULL),(1047,'2013-06-16',2000.00,1000.00,NULL,NULL,10.00,10.00,10.00,10.00,10.00,10.00,20.00,20.00,20.00,20.00,NULL,80.00,NULL,100.00,NULL,NULL,NULL,NULL,20.00,10.00,10.00,NULL,NULL,NULL,0,4,10,NULL,61.45,NULL,-605.08,NULL),(1048,'2013-06-16',2000.00,1000.00,NULL,NULL,10.00,10.00,10.00,10.00,10.00,10.00,20.00,20.00,20.00,20.00,NULL,80.00,NULL,100.00,NULL,NULL,NULL,NULL,20.00,10.00,10.00,NULL,NULL,NULL,0,5,10,NULL,64.00,NULL,-576.00,NULL),(1049,'2013-06-16',2000.00,1000.00,NULL,NULL,10.00,10.00,10.00,10.00,10.00,10.00,20.00,20.00,20.00,20.00,NULL,80.00,NULL,100.00,NULL,NULL,NULL,NULL,20.00,10.00,10.00,NULL,NULL,NULL,0,6,10,NULL,64.00,NULL,-576.00,NULL),(1050,'2013-06-16',2000.00,1000.00,NULL,NULL,10.00,10.00,10.00,10.00,10.00,10.00,20.00,20.00,20.00,20.00,NULL,80.00,NULL,100.00,NULL,NULL,NULL,NULL,20.00,10.00,10.00,NULL,NULL,NULL,0,8,10,NULL,64.00,NULL,-576.00,NULL),(1051,'2013-06-16',2000.00,1000.00,NULL,NULL,10.00,10.00,10.00,10.00,10.00,10.00,20.00,20.00,20.00,20.00,NULL,80.00,NULL,100.00,NULL,NULL,NULL,NULL,20.00,10.00,10.00,NULL,NULL,NULL,0,9,10,NULL,64.00,NULL,-576.00,NULL),(1052,'2013-06-16',2000.00,1000.00,NULL,NULL,10.00,10.00,10.00,10.00,10.00,10.00,20.00,20.00,20.00,20.00,NULL,80.00,NULL,100.00,NULL,NULL,NULL,NULL,20.00,10.00,10.00,NULL,NULL,NULL,0,12,10,NULL,64.00,NULL,-576.00,NULL),(1053,'2013-06-16',2000.00,1000.00,NULL,NULL,10.00,10.00,10.00,10.00,10.00,10.00,20.00,20.00,20.00,20.00,NULL,80.00,NULL,100.00,NULL,NULL,NULL,NULL,20.00,10.00,10.00,NULL,NULL,NULL,0,13,10,NULL,64.00,NULL,-576.00,NULL),(1054,'2013-06-16',2000.00,1000.00,NULL,NULL,10.00,10.00,10.00,10.00,10.00,10.00,20.00,20.00,20.00,20.00,NULL,80.00,NULL,100.00,NULL,NULL,NULL,NULL,20.00,10.00,10.00,NULL,NULL,NULL,0,14,10,NULL,64.00,NULL,-576.00,NULL),(1055,'2013-06-16',2000.00,1000.00,NULL,NULL,10.00,10.00,10.00,10.00,10.00,10.00,20.00,20.00,20.00,20.00,NULL,80.00,NULL,100.00,NULL,NULL,NULL,NULL,20.00,10.00,10.00,NULL,NULL,NULL,0,16,10,NULL,64.00,NULL,-576.00,NULL),(1056,'2013-06-16',2000.00,1000.00,NULL,NULL,10.00,10.00,10.00,10.00,10.00,10.00,20.00,20.00,20.00,20.00,NULL,80.00,NULL,100.00,NULL,NULL,NULL,NULL,20.00,10.00,10.00,NULL,NULL,NULL,0,17,10,NULL,60.00,NULL,-540.00,NULL),(1058,'2013-06-17',2000.00,1000.00,NULL,NULL,10.00,10.00,10.00,10.00,10.00,10.00,20.00,20.00,20.00,20.00,NULL,80.00,NULL,100.00,NULL,NULL,NULL,NULL,20.00,10.00,10.00,NULL,NULL,NULL,0,1,10,NULL,12.00,NULL,-108.00,NULL),(1059,'2013-06-17',2000.00,1000.00,NULL,NULL,10.00,10.00,10.00,10.00,10.00,10.00,20.00,20.00,20.00,20.00,NULL,80.00,NULL,100.00,NULL,NULL,NULL,NULL,20.00,10.00,10.00,NULL,NULL,NULL,0,4,10,NULL,65.45,NULL,-641.08,NULL),(1060,'2013-06-17',2000.00,1000.00,NULL,NULL,10.00,10.00,10.00,10.00,10.00,10.00,20.00,20.00,20.00,20.00,NULL,80.00,NULL,100.00,NULL,NULL,NULL,NULL,20.00,10.00,10.00,NULL,NULL,NULL,0,5,10,NULL,68.00,NULL,-612.00,NULL),(1061,'2013-06-17',2000.00,1000.00,NULL,NULL,10.00,10.00,10.00,10.00,10.00,10.00,20.00,20.00,20.00,20.00,NULL,80.00,NULL,100.00,NULL,NULL,NULL,NULL,20.00,10.00,10.00,NULL,NULL,NULL,0,6,10,NULL,68.00,NULL,-612.00,NULL),(1062,'2013-06-17',2000.00,1000.00,NULL,NULL,10.00,10.00,10.00,10.00,10.00,10.00,20.00,20.00,20.00,20.00,NULL,80.00,NULL,100.00,NULL,NULL,NULL,NULL,20.00,10.00,10.00,NULL,NULL,NULL,0,8,10,NULL,68.00,NULL,-612.00,NULL),(1063,'2013-06-17',2000.00,1000.00,NULL,NULL,10.00,10.00,10.00,10.00,10.00,10.00,20.00,20.00,20.00,20.00,NULL,80.00,NULL,100.00,NULL,NULL,NULL,NULL,20.00,10.00,10.00,NULL,NULL,NULL,0,9,10,NULL,68.00,NULL,-612.00,NULL),(1064,'2013-06-17',2000.00,1000.00,NULL,NULL,10.00,10.00,10.00,10.00,10.00,10.00,20.00,20.00,20.00,20.00,NULL,80.00,NULL,100.00,NULL,NULL,NULL,NULL,20.00,10.00,10.00,NULL,NULL,NULL,0,12,10,NULL,68.00,NULL,-612.00,NULL),(1065,'2013-06-17',2000.00,1000.00,NULL,NULL,10.00,10.00,10.00,10.00,10.00,10.00,20.00,20.00,20.00,20.00,NULL,80.00,NULL,100.00,NULL,NULL,NULL,NULL,20.00,10.00,10.00,NULL,NULL,NULL,0,13,10,NULL,68.00,NULL,-612.00,NULL),(1066,'2013-06-17',2000.00,1000.00,NULL,NULL,10.00,10.00,10.00,10.00,10.00,10.00,20.00,20.00,20.00,20.00,NULL,80.00,NULL,100.00,NULL,NULL,NULL,NULL,20.00,10.00,10.00,NULL,NULL,NULL,0,14,10,NULL,68.00,NULL,-612.00,NULL),(1067,'2013-06-17',2000.00,1000.00,NULL,NULL,10.00,10.00,10.00,10.00,10.00,10.00,20.00,20.00,20.00,20.00,NULL,80.00,NULL,100.00,NULL,NULL,NULL,NULL,20.00,10.00,10.00,NULL,NULL,NULL,0,16,10,NULL,68.00,NULL,-612.00,NULL),(1068,'2013-06-17',2000.00,1000.00,NULL,NULL,10.00,10.00,10.00,10.00,10.00,10.00,20.00,20.00,20.00,20.00,NULL,80.00,NULL,100.00,NULL,NULL,NULL,NULL,20.00,10.00,10.00,NULL,NULL,NULL,0,17,10,NULL,64.00,NULL,-576.00,NULL),(1070,'2013-06-18',2000.00,1000.00,NULL,NULL,10.00,10.00,10.00,10.00,10.00,10.00,20.00,20.00,20.00,20.00,NULL,80.00,NULL,100.00,NULL,NULL,NULL,NULL,20.00,10.00,10.00,NULL,NULL,NULL,0,1,10,NULL,16.00,NULL,-144.00,NULL),(1071,'2013-06-18',2000.00,1000.00,NULL,NULL,10.00,10.00,10.00,10.00,10.00,10.00,20.00,20.00,20.00,20.00,NULL,80.00,NULL,100.00,NULL,NULL,NULL,NULL,20.00,10.00,10.00,NULL,NULL,NULL,0,4,10,NULL,69.45,NULL,-677.08,NULL),(1072,'2013-06-18',2000.00,1000.00,NULL,NULL,10.00,10.00,10.00,10.00,10.00,10.00,20.00,20.00,20.00,20.00,NULL,80.00,NULL,100.00,NULL,NULL,NULL,NULL,20.00,10.00,10.00,NULL,NULL,NULL,0,5,10,NULL,72.00,NULL,-648.00,NULL),(1073,'2013-06-18',2000.00,1000.00,NULL,NULL,10.00,10.00,10.00,10.00,10.00,10.00,20.00,20.00,20.00,20.00,NULL,80.00,NULL,100.00,NULL,NULL,NULL,NULL,20.00,10.00,10.00,NULL,NULL,NULL,0,6,10,NULL,72.00,NULL,-648.00,NULL),(1074,'2013-06-18',2000.00,1000.00,NULL,NULL,10.00,10.00,10.00,10.00,10.00,10.00,20.00,20.00,20.00,20.00,NULL,80.00,NULL,100.00,NULL,NULL,NULL,NULL,20.00,10.00,10.00,NULL,NULL,NULL,0,8,10,NULL,72.00,NULL,-648.00,NULL),(1075,'2013-06-18',2000.00,1000.00,NULL,NULL,10.00,10.00,10.00,10.00,10.00,10.00,20.00,20.00,20.00,20.00,NULL,80.00,NULL,100.00,NULL,NULL,NULL,NULL,20.00,10.00,10.00,NULL,NULL,NULL,0,9,10,NULL,72.00,NULL,-648.00,NULL),(1076,'2013-06-18',2000.00,1000.00,NULL,NULL,10.00,10.00,10.00,10.00,10.00,10.00,20.00,20.00,20.00,20.00,NULL,80.00,NULL,100.00,NULL,NULL,NULL,NULL,20.00,10.00,10.00,NULL,NULL,NULL,0,12,10,NULL,72.00,NULL,-648.00,NULL),(1077,'2013-06-18',2000.00,1000.00,NULL,NULL,10.00,10.00,10.00,10.00,10.00,10.00,20.00,20.00,20.00,20.00,NULL,80.00,NULL,100.00,NULL,NULL,NULL,NULL,20.00,10.00,10.00,NULL,NULL,NULL,0,13,10,NULL,72.00,NULL,-648.00,NULL),(1078,'2013-06-18',2000.00,1000.00,NULL,NULL,10.00,10.00,10.00,10.00,10.00,10.00,20.00,20.00,20.00,20.00,NULL,80.00,NULL,100.00,NULL,NULL,NULL,NULL,20.00,10.00,10.00,NULL,NULL,NULL,0,14,10,NULL,72.00,NULL,-648.00,NULL),(1079,'2013-06-18',2000.00,1000.00,NULL,NULL,10.00,10.00,10.00,10.00,10.00,10.00,20.00,20.00,20.00,20.00,NULL,80.00,NULL,100.00,NULL,NULL,NULL,NULL,20.00,10.00,10.00,NULL,NULL,NULL,0,16,10,NULL,72.00,NULL,-648.00,NULL),(1080,'2013-06-18',2000.00,1000.00,NULL,NULL,10.00,10.00,10.00,10.00,10.00,10.00,20.00,20.00,20.00,20.00,NULL,80.00,NULL,100.00,NULL,NULL,NULL,NULL,20.00,10.00,10.00,NULL,NULL,NULL,0,17,10,NULL,68.00,NULL,-612.00,NULL),(1082,'2013-06-19',2000.00,1000.00,NULL,NULL,10.00,10.00,10.00,10.00,10.00,10.00,20.00,20.00,20.00,20.00,NULL,80.00,NULL,100.00,NULL,NULL,NULL,NULL,20.00,10.00,10.00,NULL,NULL,NULL,0,1,10,NULL,20.00,NULL,-180.00,NULL),(1083,'2013-06-19',2000.00,1000.00,NULL,NULL,10.00,10.00,10.00,10.00,10.00,10.00,20.00,20.00,20.00,20.00,NULL,80.00,NULL,100.00,NULL,NULL,NULL,NULL,20.00,10.00,10.00,NULL,NULL,NULL,0,4,10,NULL,73.45,NULL,-713.08,NULL),(1084,'2013-06-19',2000.00,1000.00,NULL,NULL,10.00,10.00,10.00,10.00,10.00,10.00,20.00,20.00,20.00,20.00,NULL,80.00,NULL,100.00,NULL,NULL,NULL,NULL,20.00,10.00,10.00,NULL,NULL,NULL,0,5,10,NULL,76.00,NULL,-684.00,NULL),(1085,'2013-06-19',2000.00,1000.00,NULL,NULL,10.00,10.00,10.00,10.00,10.00,10.00,20.00,20.00,20.00,20.00,NULL,80.00,NULL,100.00,NULL,NULL,NULL,NULL,20.00,10.00,10.00,NULL,NULL,NULL,0,6,10,NULL,76.00,NULL,-684.00,NULL),(1086,'2013-06-19',2000.00,1000.00,NULL,NULL,10.00,10.00,10.00,10.00,10.00,10.00,20.00,20.00,20.00,20.00,NULL,80.00,NULL,100.00,NULL,NULL,NULL,NULL,20.00,10.00,10.00,NULL,NULL,NULL,0,8,10,NULL,76.00,NULL,-684.00,NULL),(1087,'2013-06-19',2000.00,1000.00,NULL,NULL,10.00,10.00,10.00,10.00,10.00,10.00,20.00,20.00,20.00,20.00,NULL,80.00,NULL,100.00,NULL,NULL,NULL,NULL,20.00,10.00,10.00,NULL,NULL,NULL,0,9,10,NULL,76.00,NULL,-684.00,NULL),(1088,'2013-06-19',2000.00,1000.00,NULL,NULL,10.00,10.00,10.00,10.00,10.00,10.00,20.00,20.00,20.00,20.00,NULL,80.00,NULL,100.00,NULL,NULL,NULL,NULL,20.00,10.00,10.00,NULL,NULL,NULL,0,12,10,NULL,76.00,NULL,-684.00,NULL),(1089,'2013-06-19',2000.00,1000.00,NULL,NULL,10.00,10.00,10.00,10.00,10.00,10.00,20.00,20.00,20.00,20.00,NULL,80.00,NULL,100.00,NULL,NULL,NULL,NULL,20.00,10.00,10.00,NULL,NULL,NULL,0,13,10,NULL,76.00,NULL,-684.00,NULL),(1090,'2013-06-19',2000.00,1000.00,NULL,NULL,10.00,10.00,10.00,10.00,10.00,10.00,20.00,20.00,20.00,20.00,NULL,80.00,NULL,100.00,NULL,NULL,NULL,NULL,20.00,10.00,10.00,NULL,NULL,NULL,0,14,10,NULL,76.00,NULL,-684.00,NULL),(1091,'2013-06-19',2000.00,1000.00,NULL,NULL,10.00,10.00,10.00,10.00,10.00,10.00,20.00,20.00,20.00,20.00,NULL,80.00,NULL,100.00,NULL,NULL,NULL,NULL,20.00,10.00,10.00,NULL,NULL,NULL,0,16,10,NULL,76.00,NULL,-684.00,NULL),(1092,'2013-06-19',2000.00,1000.00,NULL,NULL,10.00,10.00,10.00,10.00,10.00,10.00,20.00,20.00,20.00,20.00,NULL,80.00,NULL,100.00,NULL,NULL,NULL,NULL,20.00,10.00,10.00,NULL,NULL,NULL,0,17,10,NULL,72.00,NULL,-648.00,NULL),(1094,'2013-06-20',2000.00,1000.00,NULL,NULL,10.00,10.00,10.00,10.00,10.00,10.00,20.00,20.00,20.00,20.00,NULL,80.00,NULL,100.00,NULL,NULL,NULL,NULL,20.00,10.00,10.00,NULL,NULL,NULL,0,1,10,NULL,24.00,NULL,-216.00,NULL),(1095,'2013-06-20',2000.00,1000.00,NULL,NULL,10.00,10.00,10.00,10.00,10.00,10.00,20.00,20.00,20.00,20.00,NULL,80.00,NULL,100.00,NULL,NULL,NULL,NULL,20.00,10.00,10.00,NULL,NULL,NULL,0,4,10,NULL,77.45,NULL,-749.08,NULL),(1096,'2013-06-20',2000.00,1000.00,NULL,NULL,10.00,10.00,10.00,10.00,10.00,10.00,20.00,20.00,20.00,20.00,NULL,80.00,NULL,100.00,NULL,NULL,NULL,NULL,20.00,10.00,10.00,NULL,NULL,NULL,0,5,10,NULL,80.00,NULL,-720.00,NULL),(1097,'2013-06-20',2000.00,1000.00,NULL,NULL,10.00,10.00,10.00,10.00,10.00,10.00,20.00,20.00,20.00,20.00,NULL,80.00,NULL,100.00,NULL,NULL,NULL,NULL,20.00,10.00,10.00,NULL,NULL,NULL,0,6,10,NULL,80.00,NULL,-720.00,NULL),(1098,'2013-06-20',2000.00,1000.00,NULL,NULL,10.00,10.00,10.00,10.00,10.00,10.00,20.00,20.00,20.00,20.00,NULL,80.00,NULL,100.00,NULL,NULL,NULL,NULL,20.00,10.00,10.00,NULL,NULL,NULL,0,8,10,NULL,80.00,NULL,-720.00,NULL),(1099,'2013-06-20',2000.00,1000.00,NULL,NULL,10.00,10.00,10.00,10.00,10.00,10.00,20.00,20.00,20.00,20.00,NULL,80.00,NULL,100.00,NULL,NULL,NULL,NULL,20.00,10.00,10.00,NULL,NULL,NULL,0,9,10,NULL,80.00,NULL,-720.00,NULL),(1100,'2013-06-20',2000.00,1000.00,NULL,NULL,10.00,10.00,10.00,10.00,10.00,10.00,20.00,20.00,20.00,20.00,NULL,80.00,NULL,100.00,NULL,NULL,NULL,NULL,20.00,10.00,10.00,NULL,NULL,NULL,0,12,10,NULL,80.00,NULL,-720.00,NULL),(1101,'2013-06-20',2000.00,1000.00,NULL,NULL,10.00,10.00,10.00,10.00,10.00,10.00,20.00,20.00,20.00,20.00,NULL,80.00,NULL,100.00,NULL,NULL,NULL,NULL,20.00,10.00,10.00,NULL,NULL,NULL,0,13,10,NULL,80.00,NULL,-720.00,NULL),(1102,'2013-06-20',2000.00,1000.00,NULL,NULL,10.00,10.00,10.00,10.00,10.00,10.00,20.00,20.00,20.00,20.00,NULL,80.00,NULL,100.00,NULL,NULL,NULL,NULL,20.00,10.00,10.00,NULL,NULL,NULL,0,14,10,NULL,80.00,NULL,-720.00,NULL),(1103,'2013-06-20',2000.00,1000.00,NULL,NULL,10.00,10.00,10.00,10.00,10.00,10.00,20.00,20.00,20.00,20.00,NULL,80.00,NULL,100.00,NULL,NULL,NULL,NULL,20.00,10.00,10.00,NULL,NULL,NULL,0,16,10,NULL,80.00,NULL,-720.00,NULL),(1104,'2013-06-20',2000.00,1000.00,NULL,NULL,10.00,10.00,10.00,10.00,10.00,10.00,20.00,20.00,20.00,20.00,NULL,80.00,NULL,100.00,NULL,NULL,NULL,NULL,20.00,10.00,10.00,NULL,NULL,NULL,0,17,10,NULL,76.00,NULL,-684.00,NULL),(1105,'2013-07-01',222.00,4848.00,NULL,NULL,20.00,20.00,20.00,20.00,20.00,20.00,20.00,20.00,20.00,20.00,20.00,NULL,NULL,NULL,NULL,NULL,'2013-07-02 12:10:25',NULL,NULL,NULL,NULL,NULL,NULL,NULL,0,4,10,NULL,NULL,NULL,NULL,NULL),(1106,'2013-07-12',100.00,100.00,NULL,NULL,NULL,NULL,NULL,NULL,NULL,NULL,NULL,NULL,NULL,NULL,NULL,NULL,NULL,NULL,NULL,NULL,NULL,NULL,NULL,NULL,NULL,NULL,NULL,NULL,0,4,10,NULL,NULL,NULL,NULL,NULL),(1107,'2013-07-11',100.00,100.00,NULL,NULL,1.00,1.00,1.00,1.00,1.00,1.00,1.00,1.00,1.00,1.00,1.00,1000.00,'1111',1000.00,0.00,989.00,'2013-07-13 00:21:46','2013-07-13 00:22:20',NULL,NULL,NULL,'2013-07-12','10:00:00','Raul',30,4,10,NULL,NULL,NULL,NULL,4),(1108,'2013-07-21',200.00,200.00,15632.00,15632.00,223.00,323.00,332.00,323.00,323.00,322.00,232.00,233.00,2323.00,232.00,232.00,12000.00,'123456',12000.00,0.00,6902.00,'2013-07-22 17:31:12','2013-07-23 17:01:27',NULL,NULL,NULL,'2013-07-23','08:00:00','',0,4,10,NULL,NULL,NULL,NULL,NULL),(1109,'2013-07-23',1500.00,1500.00,15632.00,15632.00,NULL,NULL,NULL,NULL,NULL,NULL,NULL,NULL,NULL,NULL,NULL,NULL,NULL,NULL,NULL,NULL,NULL,NULL,NULL,NULL,NULL,NULL,NULL,NULL,0,4,10,NULL,NULL,NULL,NULL,NULL),(1110,'2013-07-25',212.00,12312.00,54.00,54.00,456.00,4564.00,56464.00,64.00,56456.00,464.00,56.00,456.00,56456.00,4654.00,54.00,8515.00,'51515151',8515.00,0.00,-171629.00,'2013-07-26 20:26:29','2013-07-26 20:26:49',NULL,NULL,NULL,'2013-07-26','09:00:00','manuel',0,4,10,NULL,NULL,NULL,NULL,4);
/*!40000 ALTER TABLE `balance` ENABLE KEYS */;
UNLOCK TABLES;
/*!50003 SET @saved_cs_client      = @@character_set_client */ ;
/*!50003 SET @saved_cs_results     = @@character_set_results */ ;
/*!50003 SET @saved_col_connection = @@collation_connection */ ;
/*!50003 SET character_set_client  = utf8 */ ;
/*!50003 SET character_set_results = utf8 */ ;
/*!50003 SET collation_connection  = utf8_general_ci */ ;
/*!50003 SET @saved_sql_mode       = @@sql_mode */ ;
/*!50003 SET sql_mode              = '' */ ;
DELIMITER ;;
/*!50003 CREATE*/ /*!50017 DEFINER=`edmaku`@`192.168.1.%`*/ /*!50003 TRIGGER `sinca`.`balanceActualizarAcumuladoYSobranteAcumPrueba`
BEFORE UPDATE ON `sinca`.`balance`
FOR EACH ROW
-- Edit trigger body code below this line. Do not edit lines above this one
BEGIN

	/*DECLARE idNextAcumulado		VARCHAR(30);
	DECLARE fechaNextAcumulado	VARCHAR(30);
	DECLARE traficoCapturaNext	VARCHAR(30);*/

	

	#SET NEW.SobranteAcum = sobranteAcum( NEW.Fecha ,NEW.Id,NEW.CABINA_Id,NEW.MontoBanco,NEW.RecargaVentasMov, NEW.RecargaVentasClaro,NEW.TraficoCapturaDollar);	
	#SET NEW.Acumulado = difCapturaAcum(NEW.Fecha ,NEW.Id,NEW.CABINA_Id,NEW.TraficoCapturaDollar);

	/*SELECT Id  INTO idNextAcumulado
		   FROM 	balance
		   WHERE
					CABINA_Id = NEW.CABINA_Id
				AND Fecha 	  = CONCAT(YEAR(NEW.Fecha),'-',MONTH(NEW.Fecha),'-',DAY(NEW.Fecha)+1)
				AND Acumulado IS NOT NULL;

	IF idNextAcumulado IS NOT NULL THEN

		SET fechaNextAcumulado = CONCAT(YEAR(NEW.Fecha),'-',MONTH(NEW.Fecha),'-',DAY(NEW.Fecha)+1);

		SELECT TraficoCapturaDollar INTO traficoCapturaNext
			   FROM 	balance
			   WHERE
						Id 		  = idNextAcumulado
					AND	CABINA_Id = NEW.CABINA_Id
					AND Fecha 	  = fechaNextAcumulado
					AND Acumulado IS NOT NULL;

		UPDATE balance
			   SET 		Acumulado = difCapturaAcum(fechaNextAcumulado,idNextAcumulado,NEW.CABINA_Id,traficoCapturaNext)
			   WHERE
						Id 		  = idNextAcumulado
					AND	CABINA_Id = NEW.CABINA_Id
					AND Fecha 	  = fechaNextAcumulado
					AND Acumulado IS NOT NULL;

	END IF;*/

END */;;
DELIMITER ;
/*!50003 SET sql_mode              = @saved_sql_mode */ ;
/*!50003 SET character_set_client  = @saved_cs_client */ ;
/*!50003 SET character_set_results = @saved_cs_results */ ;
/*!50003 SET collation_connection  = @saved_col_connection */ ;

--
-- Table structure for table `banco`
--

DROP TABLE IF EXISTS `banco`;
/*!40101 SET @saved_cs_client     = @@character_set_client */;
/*!40101 SET character_set_client = utf8 */;
CREATE TABLE `banco` (
  `Id` int(11) NOT NULL AUTO_INCREMENT,
  `Fecha` date NOT NULL,
  `SaldoApBanco` decimal(15,2) NOT NULL,
  `SaldoCierreBanco` decimal(15,2) DEFAULT NULL,
  `CUENTA_Id` int(11) DEFAULT NULL,
  PRIMARY KEY (`Id`),
  KEY `fk_BANCO_CUENTA1_idx` (`CUENTA_Id`),
  CONSTRAINT `fk_BANCO_CUENTA1` FOREIGN KEY (`CUENTA_Id`) REFERENCES `cuenta` (`Id`) ON DELETE NO ACTION ON UPDATE NO ACTION
) ENGINE=InnoDB AUTO_INCREMENT=4 DEFAULT CHARSET=utf8;
/*!40101 SET character_set_client = @saved_cs_client */;

--
-- Dumping data for table `banco`
--

LOCK TABLES `banco` WRITE;
/*!40000 ALTER TABLE `banco` DISABLE KEYS */;
INSERT INTO `banco` VALUES (1,'2013-07-19',9800.00,NULL,NULL),(2,'2013-07-22',8000.00,NULL,NULL),(3,'2013-07-23',15632.00,NULL,NULL);
/*!40000 ALTER TABLE `banco` ENABLE KEYS */;
UNLOCK TABLES;

--
-- Table structure for table `cabina`
--

DROP TABLE IF EXISTS `cabina`;
/*!40101 SET @saved_cs_client     = @@character_set_client */;
/*!40101 SET character_set_client = utf8 */;
CREATE TABLE `cabina` (
  `Id` int(11) NOT NULL AUTO_INCREMENT,
  `Nombre` varchar(45) NOT NULL,
  `Codigo` varchar(45) DEFAULT NULL,
  `status` int(1) DEFAULT '1',
  PRIMARY KEY (`Id`)
) ENGINE=InnoDB AUTO_INCREMENT=20 DEFAULT CHARSET=utf8;
/*!40101 SET character_set_client = @saved_cs_client */;

--
-- Dumping data for table `cabina`
--

LOCK TABLES `cabina` WRITE;
/*!40000 ALTER TABLE `cabina` DISABLE KEYS */;
INSERT INTO `cabina` VALUES (1,'SURQUILLO','254365454',1),(2,'GAMARRA','1215616',0),(3,'CAJAMARCA','341414312',0),(4,'PIURA','45749684',1),(5,'CHIMBOTE','',1),(6,'HUANCAYO','',1),(7,'HUAYLLAY','',0),(8,'IQUITOS 01','',1),(9,'PUCALLPA','',1),(10,'SANTA ANA DE TUSI','',0),(11,'TACNA','',0),(12,'TARAPOTO','',1),(13,'TRUJILLO 01','',1),(14,'TRUJILLO 03','',1),(15,'TUMBES','',0),(16,'IQUITOS 03',NULL,1),(17,'ETELIX - PERU',NULL,1),(18,'ZPRUEBA',NULL,1),(19,'RESTO',NULL,1);
/*!40000 ALTER TABLE `cabina` ENABLE KEYS */;
UNLOCK TABLES;

--
-- Temporary table structure for view `cabina_idconcat_nombre`
--

DROP TABLE IF EXISTS `cabina_idconcat_nombre`;
/*!50001 DROP VIEW IF EXISTS `cabina_idconcat_nombre`*/;
SET @saved_cs_client     = @@character_set_client;
SET character_set_client = utf8;
/*!50001 CREATE TABLE `cabina_idconcat_nombre` (
  `Id` varchar(15),
  `Nombre` varchar(45)
) ENGINE=MyISAM */;
SET character_set_client = @saved_cs_client;

--
-- Temporary table structure for view `cabina_usuario`
--

DROP TABLE IF EXISTS `cabina_usuario`;
/*!50001 DROP VIEW IF EXISTS `cabina_usuario`*/;
SET @saved_cs_client     = @@character_set_client;
SET character_set_client = utf8;
/*!50001 CREATE TABLE `cabina_usuario` (
  `cabina` varchar(45),
  `usuario` varchar(20)
) ENGINE=MyISAM */;
SET character_set_client = @saved_cs_client;

--
-- Temporary table structure for view `cicloingresos`
--

DROP TABLE IF EXISTS `cicloingresos`;
/*!50001 DROP VIEW IF EXISTS `cicloingresos`*/;
SET @saved_cs_client     = @@character_set_client;
SET character_set_client = utf8;
/*!50001 CREATE TABLE `cicloingresos` (
  `Inicio del Balance` date,
  `Nombre de Cabina` varchar(17),
  `Total Ventas (S/.)` decimal(47,2),
  `Diferencial Bancario (S/.)` decimal(48,2),
  `Conciliacion Bancaria (S/.)` decimal(38,2),
  `Diferencial Brightstar Movistar (S/.)` decimal(39,2),
  `Diferencial Brightstar Claro (S/.)` decimal(39,2),
  `Ultima Paridad Cambiaria (S/.|$)` decimal(15,2),
  `Diferencial Captura Soles (S/.)` decimal(51,2),
  `Diferencial Captura Dollar (USD $)` decimal(53,2)
) ENGINE=MyISAM */;
SET character_set_client = @saved_cs_client;

--
-- Table structure for table `comision`
--

DROP TABLE IF EXISTS `comision`;
/*!40101 SET @saved_cs_client     = @@character_set_client */;
/*!40101 SET character_set_client = utf8 */;
CREATE TABLE `comision` (
  `Id` int(11) NOT NULL AUTO_INCREMENT,
  `Fecha` date NOT NULL,
  `Valor` decimal(15,3) NOT NULL,
  `COMPANIA_Id` int(11) NOT NULL,
  PRIMARY KEY (`Id`),
  KEY `fk_COMISION_COMPANIA1_idx` (`COMPANIA_Id`),
  CONSTRAINT `fk_COMISION_COMPANIA1` FOREIGN KEY (`COMPANIA_Id`) REFERENCES `compania` (`id`) ON DELETE NO ACTION ON UPDATE NO ACTION
) ENGINE=InnoDB AUTO_INCREMENT=13 DEFAULT CHARSET=utf8;
/*!40101 SET character_set_client = @saved_cs_client */;

--
-- Dumping data for table `comision`
--

LOCK TABLES `comision` WRITE;
/*!40000 ALTER TABLE `comision` DISABLE KEYS */;
INSERT INTO `comision` VALUES (1,'2013-04-06',0.055,2),(2,'2013-04-05',0.060,1),(6,'0000-00-00',7.000,1),(10,'0000-00-00',0.070,1),(11,'0000-00-00',1033.450,1),(12,'2013-07-14',0.080,1);
/*!40000 ALTER TABLE `comision` ENABLE KEYS */;
UNLOCK TABLES;

--
-- Table structure for table `compania`
--

DROP TABLE IF EXISTS `compania`;
/*!40101 SET @saved_cs_client     = @@character_set_client */;
/*!40101 SET character_set_client = utf8 */;
CREATE TABLE `compania` (
  `id` int(11) NOT NULL AUTO_INCREMENT,
  `nombre` varchar(45) NOT NULL,
  PRIMARY KEY (`id`)
) ENGINE=InnoDB AUTO_INCREMENT=3 DEFAULT CHARSET=utf8;
/*!40101 SET character_set_client = @saved_cs_client */;

--
-- Dumping data for table `compania`
--

LOCK TABLES `compania` WRITE;
/*!40000 ALTER TABLE `compania` DISABLE KEYS */;
INSERT INTO `compania` VALUES (1,'Movistar'),(2,'Claro');
/*!40000 ALTER TABLE `compania` ENABLE KEYS */;
UNLOCK TABLES;

--
-- Table structure for table `cuenta`
--

DROP TABLE IF EXISTS `cuenta`;
/*!40101 SET @saved_cs_client     = @@character_set_client */;
/*!40101 SET character_set_client = utf8 */;
CREATE TABLE `cuenta` (
  `Id` int(11) NOT NULL AUTO_INCREMENT,
  `Nombre` varchar(45) NOT NULL,
  `Numero` varchar(45) NOT NULL,
  `moneda` int(11) NOT NULL,
  PRIMARY KEY (`Id`)
) ENGINE=InnoDB AUTO_INCREMENT=7 DEFAULT CHARSET=utf8;
/*!40101 SET character_set_client = @saved_cs_client */;

--
-- Dumping data for table `cuenta`
--

LOCK TABLES `cuenta` WRITE;
/*!40000 ALTER TABLE `cuenta` DISABLE KEYS */;
INSERT INTO `cuenta` VALUES (1,'IquitosDollar','221212121',1),(2,'IquitosSoles','564848',2),(3,'PrayutaDollar','6816646',1),(4,'PrayutaSoles','548646849',2),(5,'Etelix.comDollar','8648648',1),(6,'Etelix.comSoles','515131',2);
/*!40000 ALTER TABLE `cuenta` ENABLE KEYS */;
UNLOCK TABLES;

--
-- Table structure for table `detallegasto`
--

DROP TABLE IF EXISTS `detallegasto`;
/*!40101 SET @saved_cs_client     = @@character_set_client */;
/*!40101 SET character_set_client = utf8 */;
CREATE TABLE `detallegasto` (
  `Id` int(11) NOT NULL AUTO_INCREMENT,
  `Monto` decimal(15,2) NOT NULL,
  `FechaMes` date NOT NULL,
  `FechaVenc` date DEFAULT NULL,
  `Descripcion` varchar(245) DEFAULT NULL,
  `status` int(11) NOT NULL,
  `TransferenciaPago` varchar(35) DEFAULT NULL,
  `FechaTransf` date DEFAULT NULL,
  `beneficiario` varchar(45) DEFAULT NULL,
  `moneda` int(11) DEFAULT NULL,
  `USERS_Id` int(11) NOT NULL,
  `TIPOGASTO_Id` int(11) NOT NULL,
  `CABINA_Id` int(11) DEFAULT NULL,
  `CUENTA_Id` int(11) DEFAULT NULL,
  PRIMARY KEY (`Id`),
  KEY `fk_DETALLEGASTO_USERS1_idx` (`USERS_Id`),
  KEY `fk_DETALLEGASTO_TIPOGASTO1_idx` (`TIPOGASTO_Id`),
  KEY `fk_DETALLEGASTO_CABINA1_idx` (`CABINA_Id`),
  KEY `fk_DETALLEGASTO_CUENTA1_idx` (`CUENTA_Id`),
  CONSTRAINT `fk_DETALLEGASTO_CABINA1` FOREIGN KEY (`CABINA_Id`) REFERENCES `cabina` (`Id`) ON DELETE NO ACTION ON UPDATE NO ACTION,
  CONSTRAINT `fk_DETALLEGASTO_CUENTA1` FOREIGN KEY (`CUENTA_Id`) REFERENCES `cuenta` (`Id`) ON DELETE NO ACTION ON UPDATE NO ACTION,
  CONSTRAINT `fk_DETALLEGASTO_TIPOGASTO1` FOREIGN KEY (`TIPOGASTO_Id`) REFERENCES `tipogasto` (`Id`) ON DELETE NO ACTION ON UPDATE NO ACTION,
  CONSTRAINT `fk_DETALLEGASTO_USERS1` FOREIGN KEY (`USERS_Id`) REFERENCES `users` (`id`) ON DELETE NO ACTION ON UPDATE NO ACTION
) ENGINE=InnoDB AUTO_INCREMENT=85 DEFAULT CHARSET=utf8;
/*!40101 SET character_set_client = @saved_cs_client */;

--
-- Dumping data for table `detallegasto`
--

LOCK TABLES `detallegasto` WRITE;
/*!40000 ALTER TABLE `detallegasto` DISABLE KEYS */;
INSERT INTO `detallegasto` VALUES (58,120.00,'2013-06-01','2013-07-19','test',1,NULL,NULL,NULL,1,1,1,4,NULL),(59,240.00,'2013-07-01','2013-07-13','test',1,NULL,NULL,NULL,1,1,2,4,NULL),(60,240.00,'2013-06-01','2013-07-14','test',1,NULL,NULL,NULL,1,1,5,4,NULL),(61,80.00,'2013-06-01',NULL,'',1,NULL,NULL,NULL,1,1,8,4,NULL),(62,852.00,'2013-06-01','2013-07-19','test',1,NULL,NULL,NULL,1,1,10,4,NULL),(63,240.00,'2013-07-01',NULL,'test',1,NULL,NULL,NULL,1,1,1,9,NULL),(64,240.00,'2013-07-01',NULL,'test',1,NULL,NULL,NULL,1,1,2,5,NULL),(65,100.00,'2013-06-01',NULL,'test',1,NULL,NULL,NULL,1,1,1,17,NULL),(66,240.00,'2013-07-01',NULL,'',1,NULL,NULL,NULL,1,1,2,1,NULL),(67,100.00,'2013-07-01',NULL,'',1,NULL,NULL,NULL,1,1,4,5,NULL),(68,240.00,'2013-07-01',NULL,'',1,NULL,NULL,NULL,1,1,3,5,NULL),(69,240.00,'2013-07-01',NULL,'',2,NULL,NULL,NULL,1,1,2,6,NULL),(70,120.00,'2013-06-01',NULL,'',1,NULL,NULL,NULL,1,1,2,4,NULL),(71,240.00,'2013-07-01',NULL,'',1,NULL,NULL,NULL,1,1,3,12,NULL),(72,100.00,'2013-07-01',NULL,'',1,NULL,NULL,NULL,1,1,1,16,NULL),(73,100.00,'2013-07-01',NULL,'',2,NULL,NULL,NULL,1,1,5,9,NULL),(74,80.00,'2013-06-01',NULL,'',3,'8948484','2013-07-25',NULL,1,1,8,5,5),(75,80.00,'2013-07-01',NULL,'',3,'54848','2013-07-27',NULL,1,1,4,12,NULL),(76,240.00,'2013-07-01',NULL,'',1,NULL,NULL,NULL,1,1,2,1,NULL),(77,852.00,'2013-07-01',NULL,'',3,'5484','2013-07-25',NULL,1,1,2,1,NULL),(78,240.00,'2013-06-01',NULL,'',1,NULL,NULL,NULL,1,1,1,5,NULL),(79,240.00,'2013-07-01',NULL,'',1,NULL,NULL,NULL,1,1,3,19,NULL),(80,100.00,'2013-07-01',NULL,'',1,NULL,NULL,NULL,1,1,4,8,NULL),(81,100.00,'2013-07-01',NULL,'',1,NULL,NULL,NULL,1,1,4,8,NULL),(82,100.00,'2013-06-01',NULL,'',1,NULL,NULL,NULL,1,1,7,14,NULL),(83,240.00,'2013-07-01',NULL,'',1,NULL,NULL,'Ernesto Barbaran: 848464464684648',1,1,10,19,NULL),(84,240.00,'2013-07-01',NULL,'',1,NULL,NULL,'yo',1,1,1,1,NULL);
/*!40000 ALTER TABLE `detallegasto` ENABLE KEYS */;
UNLOCK TABLES;

--
-- Table structure for table `log`
--

DROP TABLE IF EXISTS `log`;
/*!40101 SET @saved_cs_client     = @@character_set_client */;
/*!40101 SET character_set_client = utf8 */;
CREATE TABLE `log` (
  `Id` int(11) NOT NULL AUTO_INCREMENT,
  `Fecha` date NOT NULL,
  `Hora` time NOT NULL,
  `FechaEsp` date DEFAULT NULL,
  `ACCIONLOG_Id` int(11) NOT NULL,
  `USERS_Id` int(11) NOT NULL,
  PRIMARY KEY (`Id`),
  KEY `fk_LOG_ACCIONLOG1_idx` (`ACCIONLOG_Id`),
  KEY `fk_LOG_USERS1` (`USERS_Id`),
  CONSTRAINT `fk_LOG_ACCIONLOG1` FOREIGN KEY (`ACCIONLOG_Id`) REFERENCES `accionlog` (`Id`) ON DELETE NO ACTION ON UPDATE NO ACTION,
  CONSTRAINT `fk_LOG_USERS1` FOREIGN KEY (`USERS_Id`) REFERENCES `users` (`id`) ON DELETE NO ACTION ON UPDATE NO ACTION
) ENGINE=InnoDB AUTO_INCREMENT=2834 DEFAULT CHARSET=utf8;
/*!40101 SET character_set_client = @saved_cs_client */;

--
-- Dumping data for table `log`
--

LOCK TABLES `log` WRITE;
/*!40000 ALTER TABLE `log` DISABLE KEYS */;
INSERT INTO `log` VALUES (86,'2013-03-07','17:59:24',NULL,2,5),(87,'2013-03-07','17:59:35','2013-03-07',3,5),(88,'2013-03-07','17:59:45','2013-03-07',4,5),(89,'2013-03-07','18:42:46',NULL,2,1),(90,'2013-03-07','18:43:25','2013-03-07',3,1),(91,'2013-03-07','18:43:38',NULL,2,1),(92,'2013-03-07','18:47:25',NULL,2,1),(93,'2013-03-07','18:47:50','2013-03-07',3,1),(94,'2013-03-08','16:32:19',NULL,2,5),(95,'2013-03-08','16:39:51','2013-03-07',4,5),(96,'2013-03-08','16:40:44','2013-03-08',3,5),(97,'2013-03-08','17:19:57','2013-03-07',4,5),(98,'2013-03-09','11:07:51',NULL,2,1),(99,'2013-03-09','11:08:47','2013-03-09',4,1),(100,'2013-03-09','13:10:20',NULL,2,5),(101,'2013-03-09','13:18:26','2013-03-09',3,5),(102,'2013-03-09','13:25:38','2013-03-08',4,5),(103,'2013-03-09','13:35:07',NULL,2,5),(104,'2013-03-09','13:36:25','2013-03-08',3,5),(105,'2013-03-09','13:37:48','2013-03-09',3,5),(106,'2013-03-09','13:38:20','2013-03-09',4,5),(107,'2013-03-09','14:31:04',NULL,2,1),(108,'2013-03-09','14:31:37','2013-03-09',4,1),(109,'2013-03-09','14:32:14','2013-03-09',3,1),(110,'2013-03-09','14:55:33',NULL,2,2),(111,'2013-03-09','14:55:53','2013-03-09',4,2),(112,'2013-03-09','14:56:10','2013-03-09',3,2),(113,'2013-03-09','16:38:53',NULL,2,1),(114,'2013-03-10','13:28:02',NULL,2,5),(115,'2013-03-10','13:54:53',NULL,2,5),(116,'2013-03-10','13:55:45','2013-03-10',3,5),(117,'2013-03-10','13:56:18','2013-03-10',4,5),(118,'2013-03-10','13:57:00','2013-03-10',8,5),(119,'2013-03-10','14:40:08',NULL,2,1),(120,'2013-03-10','14:41:29','2013-03-10',8,1),(121,'2013-03-10','14:57:57',NULL,2,5),(122,'2013-03-10','14:58:34','2013-03-08',3,5),(123,'2013-03-10','14:58:53','2013-03-08',4,5),(124,'2013-03-10','14:59:03','2013-03-08',8,5),(125,'2013-03-10','14:59:14',NULL,2,5),(126,'2013-03-10','14:59:45','2013-03-07',3,5),(127,'2013-03-10','14:59:55','2013-03-07',4,5),(128,'2013-03-10','15:00:07','2013-03-07',8,5),(129,'2013-03-10','15:00:30',NULL,2,2),(130,'2013-03-10','15:01:08','2013-03-08',3,2),(131,'2013-03-10','15:01:24','2013-03-08',4,2),(132,'2013-03-10','09:08:51',NULL,1,1),(133,'2013-03-10','16:38:10',NULL,1,5),(134,'2013-03-10','16:38:15',NULL,1,6),(135,'2013-03-10','16:38:20',NULL,1,1),(136,'2013-03-10','16:39:23',NULL,1,3),(137,'2013-03-10','16:40:04',NULL,1,3),(138,'2013-03-10','16:40:17',NULL,1,4),(139,'2013-03-10','16:41:28',NULL,1,4),(140,'2013-03-10','16:41:37',NULL,1,1),(141,'2013-03-10','16:41:56',NULL,1,1),(142,'2013-03-10','16:42:06',NULL,1,1),(143,'2013-03-10','16:42:12',NULL,1,5),(144,'2013-03-10','16:42:22',NULL,1,3),(145,'2013-03-10','16:42:55',NULL,1,3),(146,'2013-03-10','16:43:08',NULL,1,4),(147,'2013-03-10','16:43:23',NULL,1,3),(154,'2013-03-10','16:51:41',NULL,1,1),(155,'2013-03-10','16:53:29',NULL,1,1),(156,'2013-03-10','16:53:36',NULL,1,3),(157,'2013-03-10','17:06:28',NULL,1,2),(158,'2013-03-10','17:08:12',NULL,1,1),(159,'2013-03-10','17:08:47',NULL,1,5),(160,'2013-03-10','17:09:48',NULL,1,3),(161,'2013-03-10','17:10:43',NULL,1,6),(162,'2013-03-10','17:11:02',NULL,1,1),(163,'2013-03-10','17:13:11',NULL,1,1),(164,'2013-03-10','17:13:27',NULL,1,1),(165,'2013-03-10','17:15:53',NULL,1,6),(166,'2013-03-10','17:16:11',NULL,1,6),(167,'2013-03-10','17:16:45',NULL,1,6),(168,'2013-03-10','17:16:46',NULL,1,6),(169,'2013-03-10','17:17:21',NULL,7,6),(170,'2013-03-10','17:18:32',NULL,7,3),(175,'2013-03-10','17:20:46',NULL,7,4),(176,'2013-03-10','17:21:53',NULL,7,1),(177,'2013-03-10','17:22:00',NULL,1,5),(178,'2013-03-10','17:22:12',NULL,7,5),(179,'2013-03-10','17:22:20',NULL,1,2),(180,'2013-03-10','17:22:27',NULL,7,2),(181,'2013-03-10','17:27:32',NULL,1,1),(182,'2013-03-10','17:43:53',NULL,7,1),(183,'2013-03-10','17:43:57',NULL,1,1),(184,'2013-03-10','18:23:26',NULL,7,1),(185,'2013-03-10','18:23:38',NULL,1,1),(186,'2013-03-10','18:25:05',NULL,7,1),(187,'2013-03-10','18:25:09',NULL,1,5),(188,'2013-03-10','18:25:38',NULL,2,5),(189,'2013-03-10','18:29:54',NULL,7,5),(190,'2013-03-10','18:30:00',NULL,1,1),(191,'2013-03-10','18:30:01',NULL,7,1),(192,'2013-03-10','18:30:06',NULL,1,5),(193,'2013-03-10','18:30:10',NULL,7,5),(194,'2013-03-10','18:30:39',NULL,1,1),(195,'2013-03-10','18:35:32',NULL,7,1),(196,'2013-03-10','18:42:06',NULL,1,6),(197,'2013-03-10','19:05:52',NULL,7,6),(198,'2013-03-10','19:05:57',NULL,1,5),(199,'2013-03-10','19:07:31',NULL,7,5),(200,'2013-03-10','19:07:36',NULL,1,6),(201,'2013-03-10','19:07:44',NULL,7,6),(202,'2013-03-10','19:07:49',NULL,1,1),(204,'2013-03-10','19:08:49',NULL,1,1),(205,'2013-03-10','19:08:50',NULL,7,1),(206,'2013-03-10','19:08:55',NULL,1,6),(207,'2013-03-10','19:08:57',NULL,7,6),(208,'2013-03-10','19:11:24',NULL,1,1),(209,'2013-03-10','19:12:05',NULL,7,1),(210,'2013-03-10','19:12:09',NULL,1,1),(211,'2013-03-10','19:13:07',NULL,7,1),(212,'2013-03-10','19:13:11',NULL,1,1),(213,'2013-03-10','19:14:26',NULL,1,1),(214,'2013-03-10','19:16:36',NULL,7,1),(215,'2013-03-10','19:16:51',NULL,1,6),(216,'2013-03-10','19:19:07',NULL,7,6),(217,'2013-03-10','19:20:55',NULL,7,1),(218,'2013-03-10','19:22:57',NULL,1,5),(219,'2013-03-10','19:24:19',NULL,7,5),(220,'2013-03-10','19:24:23',NULL,1,6),(221,'2013-03-10','19:25:01',NULL,7,6),(222,'2013-03-10','19:25:04',NULL,1,1),(223,'2013-03-10','19:25:11',NULL,7,1),(224,'2013-03-10','19:25:16',NULL,1,6),(225,'2013-03-10','19:38:23',NULL,7,6),(226,'2013-03-10','19:38:27',NULL,1,5),(227,'2013-03-10','19:39:11',NULL,7,5),(228,'2013-03-10','19:39:15',NULL,1,6),(229,'2013-03-10','19:45:59',NULL,7,6),(230,'2013-03-10','19:46:03',NULL,1,6),(231,'2013-03-10','19:46:49',NULL,7,6),(232,'2013-03-10','19:46:54',NULL,1,6),(233,'2013-03-10','19:48:26',NULL,7,6),(234,'2013-03-10','19:48:30',NULL,1,6),(235,'2013-03-10','19:48:40',NULL,7,6),(236,'2013-03-10','19:49:57',NULL,1,6),(237,'2013-03-10','19:51:34',NULL,7,6),(238,'2013-03-10','19:51:38',NULL,1,6),(239,'2013-03-10','19:52:04',NULL,7,6),(240,'2013-03-10','19:52:08',NULL,1,6),(241,'2013-03-10','19:53:09',NULL,7,6),(242,'2013-03-10','19:53:13',NULL,1,1),(243,'2013-03-10','19:53:34',NULL,7,1),(244,'2013-03-10','19:53:41',NULL,1,6),(245,'2013-03-10','19:56:56',NULL,7,6),(246,'2013-03-10','19:57:01',NULL,1,5),(247,'2013-03-10','19:57:13',NULL,7,5),(248,'2013-03-10','19:58:28',NULL,1,1),(249,'2013-03-10','19:58:41',NULL,7,1),(250,'2013-03-10','20:01:36',NULL,1,6),(251,'2013-03-10','20:01:56',NULL,7,6),(252,'2013-03-10','20:02:00',NULL,1,6),(253,'2013-03-10','20:02:02',NULL,7,6),(254,'2013-03-10','20:03:49',NULL,1,6),(255,'2013-03-10','20:09:10',NULL,7,6),(256,'2013-03-10','20:09:33',NULL,7,6),(257,'2013-03-10','20:09:37',NULL,1,6),(258,'2013-03-10','20:09:49',NULL,7,6),(259,'2013-03-10','20:17:19',NULL,1,1),(260,'2013-03-10','20:35:53',NULL,7,1),(261,'2013-03-10','20:35:57',NULL,1,6),(262,'2013-03-10','20:39:45',NULL,7,6),(263,'2013-03-10','20:40:21',NULL,1,6),(264,'2013-03-11','09:56:17',NULL,7,6),(265,'2013-03-11','09:56:24',NULL,1,1),(266,'2013-03-11','09:57:20',NULL,7,1),(267,'2013-03-11','09:57:25',NULL,1,6),(268,'2013-03-11','09:59:04',NULL,7,6),(269,'2013-03-11','09:59:10',NULL,1,1),(270,'2013-03-11','09:59:34',NULL,7,1),(271,'2013-03-11','09:59:39',NULL,1,1),(272,'2013-03-11','10:00:51',NULL,7,1),(273,'2013-03-11','10:00:56',NULL,1,5),(274,'2013-03-11','10:01:53',NULL,7,5),(275,'2013-03-11','10:01:57',NULL,1,1),(276,'2013-03-11','10:02:03',NULL,7,1),(277,'2013-03-11','10:02:09',NULL,1,5),(278,'2013-03-11','10:02:16',NULL,7,5),(279,'2013-03-11','10:28:19',NULL,1,7),(280,'2013-03-11','10:34:57',NULL,7,7),(281,'2013-03-11','10:35:18',NULL,1,6),(282,'2013-03-11','10:39:07',NULL,7,6),(283,'2013-03-11','10:39:13',NULL,1,5),(284,'2013-03-11','10:40:08',NULL,7,5),(285,'2013-03-11','10:40:19',NULL,1,1),(286,'2013-03-11','10:49:25',NULL,7,1),(287,'2013-03-11','10:49:31',NULL,1,5),(288,'2013-03-11','10:51:08',NULL,7,5),(289,'2013-03-11','10:51:13',NULL,1,1),(290,'2013-03-11','10:51:57',NULL,7,1),(291,'2013-03-11','10:52:02',NULL,1,6),(292,'2013-03-11','13:25:53',NULL,7,6),(293,'2013-03-11','13:25:58',NULL,1,5),(294,'2013-03-11','13:30:16',NULL,7,5),(295,'2013-03-11','13:30:23',NULL,1,6),(296,'2013-03-11','13:30:30',NULL,7,6),(297,'2013-03-11','13:30:36',NULL,1,5),(298,'2013-03-11','13:30:49',NULL,7,5),(299,'2013-03-11','13:30:53',NULL,1,1),(300,'2013-03-11','13:32:43',NULL,7,1),(301,'2013-03-11','13:32:50',NULL,1,6),(302,'2013-03-11','13:33:35',NULL,7,6),(303,'2013-03-11','13:33:45',NULL,1,1),(304,'2013-03-11','13:34:00',NULL,7,1),(305,'2013-03-11','13:36:52',NULL,1,6),(306,'2013-03-11','13:37:28',NULL,7,6),(307,'2013-03-11','13:38:09',NULL,1,6),(308,'2013-03-11','13:38:32',NULL,7,6),(309,'2013-03-11','13:38:38',NULL,1,5),(310,'2013-03-11','13:41:12',NULL,7,5),(311,'2013-03-11','13:41:18',NULL,1,7),(312,'2013-03-11','13:52:43',NULL,7,7),(313,'2013-03-11','13:52:48',NULL,1,5),(314,'2013-03-11','13:52:51',NULL,7,5),(315,'2013-03-11','13:52:55',NULL,1,7),(316,'2013-03-11','13:54:05',NULL,7,7),(317,'2013-03-11','13:54:10',NULL,1,1),(318,'2013-03-11','13:54:15',NULL,7,1),(319,'2013-03-11','13:54:25',NULL,1,1),(320,'2013-03-11','13:55:02',NULL,7,1),(321,'2013-03-11','13:55:08',NULL,1,5),(322,'2013-03-11','13:56:50',NULL,7,5),(323,'2013-03-11','13:57:29',NULL,1,6),(324,'2013-03-11','14:14:27',NULL,7,6),(325,'2013-03-11','14:14:51',NULL,1,5),(326,'2013-03-11','14:15:18',NULL,7,5),(327,'2013-03-11','15:35:36',NULL,1,5),(328,'2013-03-11','15:38:08',NULL,7,5),(329,'2013-03-11','15:39:20',NULL,1,1),(330,'2013-03-11','15:41:48',NULL,7,1),(331,'2013-03-11','15:41:54',NULL,1,6),(332,'2013-03-11','15:52:30',NULL,1,5),(333,'2013-03-11','15:55:04',NULL,7,6),(334,'2013-03-11','15:55:09',NULL,1,7),(335,'2013-03-11','17:34:03',NULL,7,7),(336,'2013-03-11','17:34:14',NULL,1,6),(337,'2013-03-11','17:41:33',NULL,7,5),(338,'2013-03-11','17:41:40',NULL,1,1),(339,'2013-03-11','18:00:26',NULL,7,6),(340,'2013-03-11','18:00:39',NULL,1,6),(341,'2013-03-11','18:00:40',NULL,7,6),(342,'2013-03-11','18:00:47',NULL,1,6),(343,'2013-03-11','18:24:03',NULL,7,6),(344,'2013-03-11','18:24:15',NULL,1,7),(345,'2013-03-11','18:31:26',NULL,7,7),(346,'2013-03-11','18:31:35',NULL,1,5),(347,'2013-03-11','18:31:39',NULL,7,5),(348,'2013-03-11','18:31:43',NULL,1,6),(349,'2013-03-11','18:37:19',NULL,7,6),(350,'2013-03-11','18:37:25',NULL,1,7),(351,'2013-03-12','10:36:32',NULL,7,7),(352,'2013-03-12','10:36:36',NULL,1,6),(353,'2013-03-12','10:37:28',NULL,7,6),(354,'2013-03-12','10:37:35',NULL,1,6),(355,'2013-03-12','10:40:40',NULL,7,6),(356,'2013-03-12','10:40:45',NULL,1,7),(357,'2013-03-12','10:44:45',NULL,7,7),(358,'2013-03-12','10:44:50',NULL,1,5),(359,'2013-03-12','10:47:15',NULL,7,5),(360,'2013-03-12','10:47:23',NULL,1,5),(361,'2013-03-12','10:48:56',NULL,7,5),(362,'2013-03-12','10:49:03',NULL,1,5),(363,'2013-03-12','10:49:11',NULL,7,5),(364,'2013-03-12','10:49:20',NULL,1,7),(365,'2013-03-12','10:53:58',NULL,7,7),(366,'2013-03-12','10:54:09',NULL,1,5),(367,'2013-03-12','10:56:11',NULL,2,5),(368,'2013-03-12','10:58:33','2013-03-12',3,5),(369,'2013-03-12','11:00:06','2013-03-12',4,5),(370,'2013-03-12','11:02:10','2013-03-12',8,5),(371,'2013-03-12','11:04:22',NULL,7,5),(372,'2013-03-12','11:04:28',NULL,1,7),(373,'2013-03-12','11:04:49',NULL,7,7),(374,'2013-03-12','11:05:00',NULL,1,1),(375,'2013-03-12','11:11:52',NULL,7,1),(376,'2013-03-12','11:11:59',NULL,1,1),(377,'2013-03-12','11:17:56',NULL,7,1),(378,'2013-03-12','11:28:05',NULL,1,1),(379,'2013-03-12','12:10:29',NULL,7,1),(380,'2013-03-12','12:10:33',NULL,1,6),(381,'2013-03-12','12:15:56',NULL,7,1),(382,'2013-03-12','12:18:01',NULL,1,6),(383,'2013-03-12','12:18:27',NULL,7,6),(384,'2013-03-12','12:18:32',NULL,1,1),(385,'2013-03-12','12:18:58',NULL,7,1),(386,'2013-03-12','12:19:15',NULL,1,6),(387,'2013-03-12','12:21:37',NULL,7,6),(388,'2013-03-12','12:22:06',NULL,1,6),(389,'2013-03-12','13:43:49',NULL,7,6),(390,'2013-03-12','13:43:59',NULL,1,5),(391,'2013-03-12','13:44:04',NULL,7,5),(392,'2013-03-12','13:44:12',NULL,1,1),(393,'2013-03-12','13:52:39',NULL,7,6),(394,'2013-03-12','13:53:33',NULL,1,6),(395,'2013-03-12','13:53:48',NULL,7,6),(396,'2013-03-12','13:53:54',NULL,1,1),(397,'2013-03-12','13:54:00',NULL,7,1),(398,'2013-03-12','14:59:09',NULL,7,1),(399,'2013-03-12','20:42:15',NULL,1,1),(400,'2013-03-12','20:42:39',NULL,7,1),(401,'2013-03-12','20:42:46',NULL,1,5),(402,'2013-03-12','20:45:36',NULL,7,5),(403,'2013-03-12','20:45:42',NULL,1,1),(404,'2013-03-12','20:46:01',NULL,7,1),(405,'2013-03-12','20:46:08',NULL,1,6),(406,'2013-03-13','11:03:47',NULL,1,5),(407,'2013-03-13','11:08:04',NULL,1,1),(408,'2013-03-13','11:13:55',NULL,1,6),(409,'2013-03-13','11:32:40',NULL,7,6),(410,'2013-03-13','11:32:45',NULL,1,5),(411,'2013-03-13','12:01:58',NULL,2,5),(412,'2013-03-13','12:12:47',NULL,7,5),(413,'2013-03-13','12:12:53',NULL,1,6),(414,'2013-03-13','12:12:57',NULL,7,6),(415,'2013-03-13','12:13:35',NULL,1,5),(416,'2013-03-13','12:21:11',NULL,7,5),(417,'2013-03-13','12:23:33',NULL,1,6),(418,'2013-03-13','12:25:47',NULL,7,6),(419,'2013-03-13','12:25:52',NULL,1,5),(420,'2013-03-13','12:28:30',NULL,7,5),(421,'2013-03-13','12:28:35',NULL,1,6),(422,'2013-03-13','12:28:37',NULL,7,6),(423,'2013-03-13','12:28:42',NULL,1,4),(424,'2013-03-13','15:50:17',NULL,7,4),(425,'2013-03-13','15:50:42',NULL,1,6),(426,'2013-03-13','15:50:49',NULL,7,6),(427,'2013-03-13','15:50:56',NULL,1,5),(428,'2013-03-13','16:37:02',NULL,7,5),(429,'2013-03-13','16:37:08',NULL,1,1),(430,'2013-03-13','17:42:39',NULL,7,1),(431,'2013-03-13','17:42:49',NULL,1,5),(432,'2013-03-13','18:31:05',NULL,1,1),(433,'2013-03-13','18:43:02',NULL,7,1),(434,'2013-03-13','18:43:09',NULL,1,1),(435,'2013-03-13','19:21:35',NULL,1,1),(436,'2013-03-14','10:42:02',NULL,1,1),(437,'2013-03-14','13:46:21',NULL,1,5),(438,'2013-03-14','14:35:14',NULL,1,1),(439,'2013-03-14','14:49:11',NULL,7,5),(440,'2013-03-14','14:49:17',NULL,1,1),(441,'2013-03-14','15:39:57',NULL,7,1),(442,'2013-03-14','15:40:01',NULL,1,5),(443,'2013-03-14','07:23:00',NULL,9,5),(444,'2013-03-14','07:23:00',NULL,10,5),(445,'2013-03-14','15:50:51',NULL,2,1),(446,'2013-03-14','15:55:32',NULL,7,5),(447,'2013-03-14','15:55:51',NULL,7,1),(448,'2013-03-14','15:56:04',NULL,1,5),(449,'2013-03-14','15:56:26',NULL,2,5),(450,'2013-03-14','15:56:49','2013-03-14',3,5),(451,'2013-03-14','15:57:13',NULL,1,5),(452,'2013-03-14','07:23:00',NULL,10,5),(453,'2013-03-14','16:02:12','2013-03-14',4,5),(454,'2013-03-14','07:23:00',NULL,10,5),(455,'2013-03-14','07:23:00',NULL,10,5),(456,'2013-03-14','07:23:00',NULL,10,5),(457,'2013-03-14','07:23:00',NULL,9,5),(458,'2013-03-14','16:08:20','2013-03-14',4,5),(459,'2013-03-14','16:17:42','2013-03-14',4,5),(460,'2013-03-14','16:19:56','2013-03-07',4,5),(461,'2013-03-14','16:20:27','2013-03-14',4,5),(462,'2013-03-14','16:21:19','2013-03-14',4,5),(463,'2013-03-14','16:21:38','2013-03-14',4,5),(464,'2013-03-14','16:23:17','2013-03-14',4,5),(465,'2013-03-14','16:27:42','2013-03-14',4,5),(466,'2013-03-14','16:28:09','2013-03-14',4,5),(467,'2013-03-14','16:29:21','2013-03-14',4,5),(468,'2013-03-14','16:33:22','2013-03-14',4,5),(469,'2013-03-14','07:23:00',NULL,9,5),(470,'2013-03-14','16:34:41','2013-03-14',4,5),(471,'2013-03-14','16:36:06','2013-03-14',4,5),(472,'2013-03-14','16:36:53','2013-03-14',4,5),(473,'2013-03-14','16:42:53','2013-03-14',4,5),(474,'2013-03-14','16:43:35','2013-03-14',4,5),(475,'2013-03-14','16:44:24','2013-03-14',4,5),(476,'2013-03-14','16:45:02','2013-03-14',4,5),(477,'2013-03-14','16:46:04','2013-03-14',4,5),(478,'2013-03-14','16:47:03','2013-03-14',4,5),(479,'2013-03-14','16:47:44','2013-03-14',4,5),(480,'2013-03-14','16:48:51','2013-03-14',4,5),(481,'2013-03-14','16:49:30','2013-03-14',4,5),(482,'2013-03-14','16:50:08','2013-03-14',4,5),(483,'2013-03-14','16:57:07','2013-03-14',4,5),(484,'2013-03-14','16:58:27','2013-03-14',4,5),(485,'2013-03-14','17:00:13','2013-03-14',4,5),(486,'2013-03-14','07:23:00',NULL,9,5),(487,'2013-03-14','07:23:00',NULL,9,5),(488,'2013-03-14','07:23:00',NULL,9,5),(489,'2013-03-14','07:23:00',NULL,9,5),(490,'2013-03-14','17:03:10','2013-03-14',4,5),(491,'2013-03-14','07:23:00',NULL,9,5),(492,'2013-03-14','07:23:00',NULL,9,5),(493,'2013-03-14','07:23:00',NULL,9,5),(494,'2013-03-14','07:23:00',NULL,9,5),(495,'2013-03-14','07:23:00',NULL,9,5),(496,'2013-03-14','07:23:00',NULL,9,5),(497,'2013-03-14','07:23:00',NULL,9,5),(498,'2013-03-14','07:23:00',NULL,9,5),(499,'2013-03-14','17:05:17','2013-03-07',3,5),(500,'2013-03-14','17:06:11',NULL,7,5),(501,'2013-03-14','17:06:14','2013-03-14',4,5),(502,'2013-03-14','17:06:16',NULL,1,1),(503,'2013-03-14','17:08:23',NULL,7,1),(504,'2013-03-14','17:08:50',NULL,1,5),(505,'2013-03-14','17:08:55',NULL,2,5),(506,'2013-03-14','07:23:00',NULL,10,5),(507,'2013-03-14','07:23:00',NULL,10,5),(508,'2013-03-14','17:09:26','2013-03-14',3,5),(509,'2013-03-14','17:09:54','2013-03-14',4,5),(510,'2013-03-14','07:23:00',NULL,9,5),(511,'2013-03-14','17:12:24','2013-03-14',4,5),(512,'2013-03-14','17:14:12','2013-03-14',4,5),(513,'2013-03-14','17:19:12','2013-03-14',4,5),(514,'2013-03-14','17:21:30','2013-03-14',4,5),(515,'2013-03-14','17:22:32','2013-03-14',4,5),(516,'2013-03-14','17:23:21','2013-03-14',4,5),(517,'2013-03-14','17:24:28','2013-03-14',4,5),(518,'2013-03-14','17:25:15','2013-03-14',4,5),(519,'2013-03-14','17:25:52','2013-03-14',4,5),(520,'2013-03-14','17:26:42','2013-03-14',4,5),(521,'2013-03-14','17:27:18','2013-03-14',4,5),(522,'2013-03-14','17:39:03','2013-03-14',4,5),(523,'2013-03-14','17:42:27','2013-03-14',4,5),(524,'2013-03-14','17:43:41','2013-03-14',4,5),(525,'2013-03-14','17:44:56','2013-03-14',4,5),(526,'2013-03-14','17:53:10','2013-03-14',4,5),(527,'2013-03-14','17:53:48','2013-03-14',4,5),(528,'2013-03-14','17:54:26','2013-03-14',4,5),(529,'2013-03-14','17:55:01','2013-03-14',4,5),(530,'2013-03-14','17:55:36','2013-03-14',4,5),(531,'2013-03-14','17:56:09','2013-03-14',4,5),(532,'2013-03-14','17:56:38','2013-03-14',4,5),(533,'2013-03-14','17:57:11','2013-03-14',4,5),(534,'2013-03-14','17:57:47','2013-03-14',4,5),(535,'2013-03-14','17:58:52','2013-03-14',4,5),(536,'2013-03-14','17:59:33','2013-03-14',4,5),(537,'2013-03-14','07:23:00',NULL,9,5),(538,'2013-03-14','07:23:00',NULL,9,5),(539,'2013-03-14','07:23:00',NULL,9,5),(540,'2013-03-14','18:01:56','2013-03-14',4,5),(541,'2013-03-14','18:02:34','2013-03-14',4,5),(542,'2013-03-14','18:03:06','2013-03-14',4,5),(543,'2013-03-14','18:03:45','2013-03-14',4,5),(544,'2013-03-14','18:04:22','2013-03-14',4,5),(545,'2013-03-14','18:05:00','2013-03-14',4,5),(546,'2013-03-14','18:05:36','2013-03-14',4,5),(547,'2013-03-14','18:06:08','2013-03-14',4,5),(548,'2013-03-14','18:07:05','2013-03-14',4,5),(549,'2013-03-14','18:07:40','2013-03-14',4,5),(550,'2013-03-14','18:14:24','2013-03-14',4,5),(551,'2013-03-14','18:14:57','2013-03-14',4,5),(552,'2013-03-14','18:15:25','2013-03-14',4,5),(553,'2013-03-14','18:21:01','2013-03-14',4,5),(554,'2013-03-14','18:27:23','2013-03-13',4,5),(555,'2013-03-14','18:28:06','2013-03-14',4,5),(556,'2013-03-14','14:40:00',NULL,9,5),(557,'2013-03-14','14:40:00',NULL,9,5),(558,'2013-03-14','19:55:00',NULL,10,5),(559,'2013-03-14','19:55:00',NULL,10,5),(560,'2013-03-14','18:30:26',NULL,2,5),(561,'2013-03-14','08:00:00',NULL,10,5),(562,'2013-03-14','09:05:00',NULL,10,5),(563,'2013-03-14','08:10:00',NULL,10,5),(564,'2013-03-14','08:10:00',NULL,10,5),(565,'2013-03-14','08:00:00',NULL,10,5),(566,'2013-03-14','08:00:00',NULL,10,5),(567,'2013-03-14','17:00:00',NULL,9,5),(568,'2013-03-14','17:00:00',NULL,9,5),(569,'2013-03-14','14:00:00',NULL,10,5),(570,'2013-03-14','14:00:00',NULL,10,5),(571,'2013-03-15','15:41:19',NULL,1,5),(572,'2013-03-15','15:41:38',NULL,7,5),(573,'2013-03-15','15:41:44',NULL,1,1),(574,'2013-03-18','10:44:22',NULL,1,1),(575,'2013-03-18','10:57:18',NULL,1,1),(576,'2013-03-18','17:04:17',NULL,7,1),(577,'2013-03-18','18:02:03',NULL,1,1),(578,'2013-03-18','18:15:19',NULL,7,1),(579,'2013-03-18','18:34:28',NULL,1,5),(580,'2013-03-19','10:14:44',NULL,1,5),(581,'2013-03-19','10:18:59',NULL,1,5),(582,'2013-03-19','10:31:01',NULL,1,5),(583,'2013-03-19','10:31:32','2013-03-13',4,5),(584,'2013-03-19','10:35:32','2013-03-13',4,5),(585,'2013-03-19','10:35:53','2013-03-13',4,5),(586,'2013-03-19','10:36:12','2013-03-13',4,5),(587,'2013-03-19','10:38:39','2013-03-13',4,5),(588,'2013-03-19','11:02:12','2013-03-13',4,5),(589,'2013-03-19','14:56:25',NULL,7,5),(590,'2013-03-19','15:05:34',NULL,1,1),(591,'2013-03-19','18:17:32',NULL,7,1),(592,'2013-03-19','18:17:37',NULL,1,5),(593,'2013-03-19','18:17:57',NULL,1,5),(594,'2013-03-19','13:00:00',NULL,9,5),(595,'2013-03-19','13:00:00',NULL,9,5),(596,'2013-03-19','19:00:00',NULL,9,5),(597,'2013-03-19','19:00:00',NULL,9,5),(598,'2013-03-19','13:00:00',NULL,9,5),(599,'2013-03-19','13:00:00',NULL,9,5),(600,'2013-03-19','13:00:00',NULL,9,5),(601,'2013-03-19','13:00:00',NULL,9,5),(602,'2013-03-19','18:23:32',NULL,2,5),(603,'2013-03-19','18:24:26','2013-03-19',3,5),(604,'2013-03-19','18:31:12',NULL,1,5),(605,'2013-03-19','18:32:52',NULL,7,5),(606,'2013-03-19','18:32:58',NULL,1,3),(607,'2013-03-19','13:00:00',NULL,10,5),(608,'2013-03-19','13:00:00',NULL,10,5),(609,'2013-03-19','15:00:00',NULL,10,5),(610,'2013-03-19','08:00:00',NULL,10,5),(611,'2013-03-19','08:00:00',NULL,10,5),(612,'2013-03-19','18:42:37',NULL,7,5),(613,'2013-03-19','19:12:14',NULL,2,5),(614,'2013-03-19','19:13:10',NULL,2,5),(615,'2013-03-19','19:13:35',NULL,2,5),(616,'2013-03-19','19:27:02',NULL,7,5),(617,'2013-03-19','19:27:06',NULL,1,6),(618,'2013-03-19','19:34:29',NULL,7,6),(619,'2013-03-19','19:34:34',NULL,1,5),(620,'2013-03-19','19:36:24','2013-03-19',3,5),(621,'2013-03-19','19:41:39',NULL,2,5),(622,'2013-03-19','19:43:05',NULL,2,5),(623,'2013-03-19','19:44:46',NULL,2,5),(624,'2013-03-19','19:45:53',NULL,2,5),(625,'2013-03-19','19:47:08',NULL,2,5),(626,'2013-03-19','19:47:54',NULL,2,5),(627,'2013-03-19','19:48:15',NULL,2,5),(628,'2013-03-19','19:49:12',NULL,2,5),(629,'2013-03-19','19:49:23',NULL,2,5),(630,'2013-03-20','10:18:14',NULL,1,5),(631,'2013-03-20','11:40:03',NULL,7,5),(632,'2013-03-20','11:40:09',NULL,1,1),(633,'2013-03-20','12:05:55',NULL,1,5),(634,'2013-03-20','12:06:13',NULL,2,5),(635,'2013-03-20','12:13:05',NULL,7,5),(636,'2013-03-20','12:13:11',NULL,1,4),(637,'2013-03-20','12:13:26',NULL,2,4),(638,'2013-03-20','14:54:38',NULL,7,5),(639,'2013-03-20','14:54:50',NULL,1,5),(640,'2013-03-20','15:19:25',NULL,2,5),(641,'2013-03-20','15:24:07',NULL,2,5),(642,'2013-03-20','15:24:48',NULL,2,5),(643,'2013-03-20','15:27:48',NULL,2,5),(644,'2013-03-20','15:48:43',NULL,7,5),(645,'2013-03-20','15:48:54',NULL,1,1),(647,'2013-03-20','16:16:27',NULL,1,5),(648,'2013-03-20','16:20:58','2013-03-20',3,5),(649,'2013-03-20','18:39:15',NULL,7,1),(650,'2013-03-20','18:39:31',NULL,1,5),(651,'2013-03-20','18:40:15',NULL,2,5),(652,'2013-03-20','18:48:42',NULL,1,4),(653,'2013-03-20','18:50:00',NULL,2,4),(654,'2013-03-21','14:48:47',NULL,7,1),(655,'2013-03-21','14:48:52',NULL,1,1),(656,'2013-03-21','16:02:18',NULL,1,5),(657,'2013-03-21','08:00:00',NULL,9,5),(658,'2013-03-21','08:00:00',NULL,9,5),(659,'2013-03-21','16:05:09',NULL,1,1),(660,'2013-03-21','16:49:31',NULL,1,5),(661,'2013-03-21','16:49:40',NULL,2,5),(662,'2013-03-21','16:52:46','2013-03-21',3,5),(663,'2013-03-21','16:53:22','2013-03-21',4,5),(664,'2013-03-21','16:53:33','2013-03-21',8,5),(665,'2013-03-21','20:55:00',NULL,10,5),(666,'2013-03-21','17:16:06',NULL,7,5),(667,'2013-03-21','17:16:19',NULL,1,7),(668,'2013-03-21','17:16:24',NULL,7,7),(669,'2013-03-21','17:16:32',NULL,1,7),(670,'2013-03-21','17:16:35',NULL,7,7),(671,'2013-03-21','17:16:40',NULL,1,6),(672,'2013-03-22','10:08:01',NULL,1,1),(673,'2013-03-25','10:01:51',NULL,1,1),(674,'2013-03-25','10:10:06',NULL,1,1),(675,'2013-03-25','17:27:47',NULL,1,5),(676,'2013-03-25','08:30:00',NULL,9,5),(677,'2013-03-25','08:30:00',NULL,9,5),(678,'2013-03-25','18:08:20',NULL,7,5),(679,'2013-03-25','18:08:25',NULL,1,4),(680,'2013-03-25','09:00:00',NULL,9,4),(681,'2013-03-25','09:00:00',NULL,9,4),(683,'2013-03-25','19:08:48',NULL,1,6),(684,'2013-03-25','19:21:39',NULL,7,6),(685,'2013-03-25','19:21:44',NULL,1,5),(686,'2013-03-25','19:21:57',NULL,2,5),(687,'2013-03-25','19:22:04',NULL,7,5),(688,'2013-03-25','19:22:10',NULL,1,5),(689,'2013-03-25','19:22:38','2013-03-21',3,5),(690,'2013-03-25','19:29:30','2013-03-21',4,5),(691,'2013-03-25','19:30:26','2013-03-25',8,5),(692,'2013-03-25','19:30:35',NULL,7,5),(693,'2013-03-25','19:30:40',NULL,1,4),(694,'2013-03-25','19:30:53',NULL,2,4),(695,'2013-03-25','19:31:31','2013-03-25',4,4),(696,'2013-03-26','10:11:15',NULL,1,1),(697,'2013-03-26','10:58:13',NULL,7,4),(698,'2013-03-26','12:01:30',NULL,7,1),(699,'2013-03-26','12:01:47',NULL,1,5),(700,'2013-03-26','12:02:06',NULL,2,5),(701,'2013-03-26','12:03:34',NULL,7,1),(702,'2013-03-26','12:03:39',NULL,1,5),(703,'2013-03-26','12:11:48',NULL,2,5),(704,'2013-03-26','12:14:09',NULL,2,5),(705,'2013-03-26','13:24:54',NULL,2,5),(706,'2013-03-26','13:25:40',NULL,2,5),(707,'2013-03-26','13:28:36','2013-03-20',4,5),(708,'2013-03-26','13:36:28','2013-03-21',3,5),(709,'2013-03-26','14:11:34',NULL,7,5),(710,'2013-03-26','14:11:41',NULL,1,1),(711,'2013-03-26','14:11:52',NULL,7,1),(712,'2013-03-26','14:13:00',NULL,1,5),(713,'2013-03-26','14:27:55',NULL,7,5),(714,'2013-03-26','14:32:29',NULL,1,8),(715,'2013-03-26','14:33:33',NULL,2,8),(716,'2013-03-26','16:38:18',NULL,7,8),(717,'2013-03-26','16:38:27',NULL,1,5),(718,'2013-03-26','16:40:09',NULL,7,5),(719,'2013-03-26','16:40:18',NULL,1,8),(720,'2013-03-26','16:46:00',NULL,7,8),(721,'2013-03-26','16:46:13',NULL,1,8),(722,'2013-03-26','16:46:50',NULL,2,8),(723,'2013-03-26','17:05:16','2013-03-20',3,8),(724,'2013-03-26','17:06:02','2013-03-20',4,8),(725,'2013-03-26','17:06:21','2013-03-20',8,8),(726,'2013-03-26','17:07:35',NULL,7,8),(727,'2013-03-26','17:07:42',NULL,1,5),(728,'2013-03-26','17:38:28',NULL,1,8),(729,'2013-03-26','17:44:56',NULL,2,8),(730,'2013-03-26','17:45:18','2013-03-20',8,5),(731,'2013-03-26','17:55:29',NULL,1,8),(732,'2013-03-26','17:55:32',NULL,7,8),(733,'2013-03-26','17:55:37',NULL,1,8),(734,'2013-03-26','17:57:44',NULL,7,8),(735,'2013-03-26','17:57:49',NULL,1,1),(736,'2013-03-26','18:00:12',NULL,7,1),(737,'2013-03-26','18:00:19',NULL,1,8),(738,'2013-03-26','18:00:34',NULL,7,8),(739,'2013-03-26','18:00:39',NULL,1,5),(740,'2013-03-26','18:00:42',NULL,7,5),(741,'2013-03-26','18:14:00',NULL,1,5),(742,'2013-03-26','18:14:26','2013-03-25',4,5),(743,'2013-03-26','18:15:16',NULL,7,5),(744,'2013-03-26','18:15:28',NULL,1,8),(745,'2013-03-26','18:15:55',NULL,2,8),(746,'2013-03-26','18:16:39','2013-03-25',3,5),(747,'2013-03-27','10:23:03',NULL,7,8),(748,'2013-03-27','10:23:57',NULL,7,1),(749,'2013-03-27','10:24:05',NULL,1,1),(750,'2013-03-27','10:24:07',NULL,7,1),(751,'2013-03-27','10:24:18',NULL,1,1),(752,'2013-03-27','10:24:44',NULL,7,1),(753,'2013-03-27','10:25:05',NULL,1,1),(754,'2013-03-27','11:48:23',NULL,1,5),(755,'2013-03-27','08:00:00',NULL,9,5),(756,'2013-03-27','08:00:00',NULL,9,5),(757,'2013-03-27','11:48:42',NULL,2,5),(758,'2013-03-27','11:49:35','2013-03-26',4,5),(759,'2013-03-27','11:56:13',NULL,7,1),(760,'2013-03-27','11:56:36',NULL,1,1),(761,'2013-03-27','12:39:10',NULL,1,5),(762,'2013-03-27','12:50:39',NULL,7,5),(763,'2013-03-27','12:50:46',NULL,1,8),(764,'2013-03-27','13:00:00',NULL,9,8),(765,'2013-03-27','13:00:00',NULL,9,8),(766,'2013-03-27','12:51:12',NULL,2,8),(767,'2013-03-27','12:56:34',NULL,1,3),(768,'2013-03-27','13:04:26','2013-03-26',3,8),(769,'2013-03-27','13:17:07',NULL,7,3),(770,'2013-03-27','13:17:15',NULL,7,5),(771,'2013-03-27','13:17:22',NULL,1,5),(772,'2013-03-27','13:17:30',NULL,1,3),(773,'2013-03-27','13:54:26','2013-03-22',2,8),(774,'2013-03-27','16:43:37',NULL,1,1),(775,'2013-03-27','17:07:23',NULL,1,5),(776,'2013-03-27','17:07:28',NULL,7,5),(777,'2013-03-27','17:08:15',NULL,1,4),(778,'2013-04-01','10:03:59',NULL,1,1),(779,'2013-04-01','11:51:22',NULL,1,5),(780,'2013-04-02','09:47:36',NULL,1,1),(781,'2013-04-02','12:56:34',NULL,7,5),(782,'2013-04-02','13:00:01',NULL,1,5),(783,'2013-04-02','08:00:00',NULL,9,5),(784,'2013-04-02','08:00:00',NULL,9,5),(785,'2013-04-02','13:50:01','2013-04-01',2,5),(786,'2013-04-02','14:01:35','2013-04-01',8,5),(787,'2013-04-02','13:45:00',NULL,10,5),(789,'2013-04-02','14:40:51',NULL,1,1),(790,'2013-04-02','15:27:49',NULL,7,1),(791,'2013-04-02','15:27:54',NULL,1,6),(792,'2013-04-02','15:28:04',NULL,7,6),(793,'2013-04-02','15:28:09',NULL,1,7),(794,'2013-04-02','15:28:13',NULL,7,7),(795,'2013-04-02','15:28:19',NULL,1,6),(796,'2013-04-02','15:46:43',NULL,7,1),(797,'2013-04-02','15:46:54',NULL,1,8),(798,'2013-04-02','15:47:19',NULL,7,8),(799,'2013-04-02','15:47:29',NULL,1,5),(800,'2013-04-02','15:48:10',NULL,2,5),(801,'2013-04-02','15:48:45','2013-04-01',3,5),(802,'2013-04-02','15:49:35',NULL,7,5),(803,'2013-04-02','15:49:44',NULL,1,3),(804,'2013-04-02','15:56:33',NULL,2,3),(805,'2013-04-02','18:44:42','2013-04-01',3,3),(806,'2013-04-03','10:23:17',NULL,1,3),(807,'2013-04-03','10:24:16',NULL,2,3),(808,'2013-04-03','11:01:27',NULL,1,5),(809,'2013-04-03','11:13:36',NULL,1,1),(810,'2013-04-03','11:46:04',NULL,7,5),(811,'2013-04-03','11:46:14',NULL,1,8),(812,'2013-04-03','11:46:33',NULL,2,8),(813,'2013-04-03','11:49:05',NULL,7,8),(814,'2013-04-03','11:49:17',NULL,1,6),(815,'2013-04-03','12:01:58',NULL,1,1),(816,'2013-04-03','13:00:22',NULL,1,1),(817,'2013-04-03','13:00:23',NULL,1,1),(818,'2013-04-03','13:03:32',NULL,7,1),(819,'2013-04-03','13:03:38',NULL,1,1),(820,'2013-04-03','14:08:47',NULL,7,6),(821,'2013-04-03','14:08:56',NULL,1,5),(822,'2013-04-03','14:10:03',NULL,7,5),(823,'2013-04-03','14:10:13',NULL,1,1),(824,'2013-04-03','14:17:38',NULL,7,1),(825,'2013-04-03','14:17:47',NULL,1,6),(826,'2013-04-03','14:47:52',NULL,1,1),(827,'2013-04-03','16:24:38',NULL,7,6),(828,'2013-04-03','16:24:51',NULL,1,1),(829,'2013-04-03','17:35:12',NULL,1,1),(830,'2013-04-04','11:17:55',NULL,1,1),(831,'2013-04-04','11:29:15',NULL,1,1),(832,'2013-04-04','11:41:14',NULL,7,1),(833,'2013-04-04','11:41:21',NULL,1,5),(834,'2013-04-04','13:00:00',NULL,9,5),(835,'2013-04-04','11:41:34',NULL,7,5),(836,'2013-04-04','11:41:38',NULL,1,4),(837,'2013-04-04','08:00:00',NULL,9,4),(838,'2013-04-04','11:41:45',NULL,7,4),(839,'2013-04-04','11:41:51',NULL,1,8),(840,'2013-04-04','11:45:00',NULL,9,8),(841,'2013-04-04','11:42:09',NULL,7,8),(842,'2013-04-04','11:42:13',NULL,1,1),(843,'2013-04-04','11:42:27',NULL,7,1),(844,'2013-04-04','11:42:33',NULL,1,4),(845,'2013-04-04','11:42:50',NULL,7,4),(846,'2013-04-04','11:46:51',NULL,1,1),(847,'2013-04-04','21:11:55',NULL,1,1),(848,'2013-04-04','21:12:07',NULL,7,1),(849,'2013-04-04','21:47:02',NULL,1,5),(850,'2013-04-04','21:47:21',NULL,7,5),(851,'2013-04-04','21:47:28',NULL,1,1),(852,'2013-04-04','22:28:05',NULL,7,1),(853,'2013-04-04','18:17:07',NULL,7,1),(854,'2013-04-04','18:17:18',NULL,1,6),(855,'2013-04-05','12:02:47',NULL,1,1),(856,'2013-04-05','12:10:03',NULL,7,1),(857,'2013-04-05','12:10:07',NULL,1,5),(858,'2013-04-05','12:10:09',NULL,7,5),(859,'2013-04-05','12:10:21',NULL,1,8),(860,'2013-04-05','12:12:59',NULL,7,8),(861,'2013-04-05','14:39:34',NULL,1,8),(862,'2013-04-05','08:00:00',NULL,9,8),(863,'2013-04-05','14:48:06',NULL,7,8),(864,'2013-04-05','14:48:13',NULL,1,5),(865,'2013-04-05','14:51:13','0000-00-00',2,5),(866,'2013-04-05','14:54:18','2013-04-04',2,5),(867,'2013-04-05','14:54:30','2013-04-01',3,5),(868,'2013-04-05','14:54:44','2013-04-05',2,5),(869,'2013-04-05','14:55:57','2013-04-04',3,5),(870,'2013-04-05','15:01:58','2013-04-04',4,5),(871,'2013-04-05','15:05:25','2013-04-04',8,5),(872,'2013-04-05','22:29:12',NULL,1,5),(873,'2013-04-05','16:26:50',NULL,7,1),(874,'2013-04-05','16:30:53',NULL,1,1),(875,'2013-04-05','18:09:32',NULL,1,5),(876,'2013-04-05','18:25:21',NULL,1,1),(877,'2013-04-08','09:29:47',NULL,1,1),(878,'2013-04-08','16:00:06',NULL,7,5),(879,'2013-04-08','16:00:55',NULL,1,1),(880,'2013-04-08','16:03:38',NULL,7,1),(881,'2013-04-08','16:03:46',NULL,1,5),(882,'2013-04-08','16:03:55',NULL,7,5),(883,'2013-04-08','16:04:38',NULL,1,1),(884,'2013-04-08','16:17:34',NULL,7,1),(885,'2013-04-08','16:17:41',NULL,1,5),(886,'2013-04-08','13:10:39',NULL,1,1),(887,'2013-04-08','13:58:20',NULL,7,1),(888,'2013-04-08','13:58:36',NULL,1,6),(889,'2013-04-08','14:07:48',NULL,1,5),(890,'2013-04-08','14:08:14','2013-04-07',2,5),(891,'2013-04-08','14:08:53','2013-04-07',3,5),(892,'2013-04-08','14:09:26','2013-04-07',8,5),(893,'2013-04-08','14:09:58','2013-04-07',4,5),(894,'2013-04-08','14:15:46','2013-04-07',4,5),(895,'2013-04-08','14:35:07',NULL,7,6),(896,'2013-04-08','14:35:12',NULL,1,1),(897,'2013-04-08','07:00:00',NULL,9,5),(898,'2013-04-08','07:00:00',NULL,9,5),(899,'2013-04-08','13:00:00',NULL,10,5),(900,'2013-04-08','23:00:00',NULL,10,5),(901,'2013-04-08','15:52:00',NULL,1,6),(902,'2013-04-08','16:49:56',NULL,7,1),(903,'2013-04-08','16:50:02',NULL,1,6),(904,'2013-04-08','23:31:06',NULL,7,1),(905,'2013-04-08','23:31:14',NULL,1,6),(906,'2013-04-08','23:40:23',NULL,7,6),(907,'2013-04-08','23:40:27',NULL,1,1),(908,'2013-04-08','17:30:57',NULL,7,6),(909,'2013-04-08','17:31:01',NULL,1,1),(910,'2013-04-09','00:36:54',NULL,7,1),(911,'2013-04-09','00:37:00',NULL,1,6),(912,'2013-04-09','00:37:11',NULL,7,6),(913,'2013-04-09','00:37:17',NULL,1,1),(914,'2013-04-08','18:53:22',NULL,7,1),(915,'2013-04-08','18:54:14',NULL,1,1),(916,'2013-04-08','18:59:34',NULL,1,4),(917,'2013-04-08','18:59:50',NULL,7,4),(918,'2013-04-08','18:59:55',NULL,1,8),(919,'2013-04-08','19:00:04','2013-04-02',2,8),(920,'2013-04-08','19:00:36','2013-04-08',2,8),(921,'2013-04-08','19:00:43','2013-04-08',8,8),(922,'2013-04-08','19:21:54',NULL,7,1),(923,'2013-04-08','19:21:59',NULL,1,1),(924,'2013-04-09','10:13:01',NULL,1,1),(925,'2013-04-09','10:14:41',NULL,7,1),(926,'2013-04-09','10:14:51',NULL,1,6),(927,'2013-04-09','11:36:34',NULL,7,6),(928,'2013-04-09','11:36:47',NULL,1,1),(929,'2013-04-09','11:36:55',NULL,7,1),(930,'2013-04-09','11:37:08',NULL,1,6),(931,'2013-04-09','14:16:23',NULL,7,6),(932,'2013-04-09','14:16:32',NULL,1,1),(933,'2013-04-09','14:18:53',NULL,7,1),(934,'2013-04-09','14:19:02',NULL,1,6),(935,'2013-04-09','14:20:32',NULL,7,6),(936,'2013-04-09','14:22:11',NULL,1,6),(937,'2013-04-09','21:25:06',NULL,7,1),(938,'2013-04-09','21:25:13',NULL,1,6),(939,'2013-04-09','21:25:29',NULL,7,6),(940,'2013-04-09','21:25:34',NULL,1,1),(941,'2013-04-09','16:38:00',NULL,1,6),(942,'2013-04-10','15:50:15',NULL,7,1),(943,'2013-04-10','15:50:21',NULL,1,6),(944,'2013-04-10','10:07:53',NULL,1,6),(945,'2013-04-10','23:10:53',NULL,7,6),(946,'2013-04-10','23:11:01',NULL,1,1),(947,'2013-04-10','23:12:54',NULL,7,1),(948,'2013-04-10','23:12:59',NULL,1,6),(949,'2013-04-10','16:43:52',NULL,7,8),(950,'2013-04-10','16:43:57',NULL,1,1),(951,'2013-04-10','17:05:47',NULL,7,1),(952,'2013-04-10','17:05:53',NULL,1,6),(953,'2013-04-10','17:09:18',NULL,7,6),(954,'2013-04-10','17:09:29',NULL,1,1),(955,'2013-04-10','17:16:58',NULL,7,1),(956,'2013-04-10','17:17:07',NULL,1,6),(957,'2013-04-10','17:21:53',NULL,7,6),(958,'2013-04-10','17:22:01',NULL,1,1),(959,'2013-04-10','17:23:38',NULL,7,1),(960,'2013-04-10','17:23:50',NULL,1,6),(961,'2013-04-10','17:33:49',NULL,7,6),(962,'2013-04-10','17:33:56',NULL,1,1),(963,'2013-04-10','17:56:19',NULL,1,8),(964,'2013-04-10','17:56:30',NULL,7,8),(965,'2013-04-10','17:56:36',NULL,1,5),(966,'2013-04-10','07:00:00',NULL,9,5),(967,'2013-04-10','17:56:48','2013-04-09',2,5),(968,'2013-04-10','17:57:02','2013-04-09',3,5),(969,'2013-04-10','17:57:38','2013-04-09',4,5),(970,'2013-04-10','22:19:43',NULL,7,6),(971,'2013-04-10','22:20:06',NULL,1,6),(972,'2013-04-11','01:57:13',NULL,7,6),(973,'2013-04-11','01:57:23',NULL,1,1),(974,'2013-04-11','10:14:21',NULL,1,5),(975,'2013-04-11','11:24:55',NULL,7,5),(976,'2013-04-11','11:25:30',NULL,1,3),(977,'2013-04-11','11:25:56',NULL,7,3),(978,'2013-04-11','11:26:10',NULL,1,4),(979,'2013-04-11','11:26:39',NULL,7,4),(980,'2013-04-11','11:27:28',NULL,1,8),(981,'2013-04-11','11:27:54',NULL,7,8),(982,'2013-04-11','11:28:18',NULL,1,5),(983,'2013-04-11','11:28:35',NULL,7,5),(984,'2013-04-11','11:28:49',NULL,1,1),(985,'2013-04-11','11:44:16',NULL,7,1),(986,'2013-04-11','11:44:32',NULL,1,5),(987,'2013-04-11','11:58:47',NULL,7,5),(988,'2013-04-11','11:58:57',NULL,1,8),(989,'2013-04-11','12:03:26',NULL,7,8),(990,'2013-04-11','12:03:33',NULL,1,1),(991,'2013-04-11','12:04:04',NULL,7,1),(992,'2013-04-11','12:04:12',NULL,1,5),(993,'2013-04-11','13:09:22',NULL,1,1),(994,'2013-04-11','13:10:35',NULL,1,5),(995,'2013-04-11','13:30:17',NULL,7,1),(996,'2013-04-11','13:30:21',NULL,1,6),(997,'2013-04-11','13:45:37',NULL,1,6),(998,'2013-04-11','20:28:16',NULL,7,6),(999,'2013-04-11','20:28:22',NULL,1,1),(1000,'2013-04-11','14:25:47',NULL,7,6),(1001,'2013-04-11','14:29:03',NULL,1,5),(1002,'2013-04-11','14:29:12',NULL,7,5),(1003,'2013-04-11','14:29:17',NULL,1,8),(1004,'2013-04-11','14:37:18',NULL,7,8),(1005,'2013-04-11','14:37:26',NULL,1,6),(1006,'2013-04-12','00:04:42',NULL,1,6),(1007,'2013-04-12','20:08:11',NULL,7,6),(1008,'2013-04-12','20:08:16',NULL,1,1),(1009,'2013-04-12','21:06:43',NULL,7,1),(1010,'2013-04-12','21:06:48',NULL,1,5),(1011,'2013-04-12','14:47:13',NULL,1,5),(1012,'2013-04-12','14:59:21',NULL,7,5),(1013,'2013-04-12','14:59:28',NULL,1,1),(1014,'2013-04-12','17:18:31',NULL,7,5),(1015,'2013-04-12','17:18:36',NULL,1,1),(1016,'2013-04-15','10:27:39',NULL,1,5),(1017,'2013-04-15','11:07:33',NULL,7,5),(1018,'2013-04-15','11:07:41',NULL,1,5),(1019,'2013-04-15','11:07:59',NULL,7,5),(1020,'2013-04-15','11:08:06',NULL,1,1),(1021,'2013-04-15','11:17:06',NULL,1,1),(1022,'2013-04-15','14:13:22',NULL,7,1),(1023,'2013-04-15','14:13:31',NULL,1,1),(1024,'2013-04-15','14:28:57',NULL,1,1),(1025,'2013-04-15','14:41:07',NULL,7,1),(1026,'2013-04-15','14:41:25',NULL,1,5),(1027,'2013-04-16','10:48:44',NULL,1,1),(1028,'2013-04-16','11:08:49',NULL,1,1),(1029,'2013-04-16','11:21:33',NULL,7,1),(1030,'2013-04-16','11:21:47',NULL,1,6),(1031,'2013-04-16','11:42:29',NULL,7,6),(1032,'2013-04-16','11:42:39',NULL,1,1),(1033,'2013-04-16','11:42:50',NULL,7,1),(1034,'2013-04-16','11:43:06',NULL,1,5),(1035,'2013-04-16','11:43:05',NULL,7,1),(1036,'2013-04-16','11:43:15',NULL,1,5),(1037,'2013-04-16','11:48:34',NULL,7,5),(1038,'2013-04-16','11:48:42',NULL,1,1),(1039,'2013-04-16','11:50:05',NULL,7,1),(1040,'2013-04-16','11:50:12',NULL,1,5),(1041,'2013-04-16','12:01:52',NULL,7,5),(1042,'2013-04-16','12:02:00',NULL,1,1),(1044,'2013-04-16','14:56:39',NULL,7,5),(1045,'2013-04-16','14:56:47',NULL,1,5),(1048,'2013-04-16','15:09:07',NULL,7,1),(1049,'2013-04-16','15:54:51',NULL,1,5),(1050,'2013-04-16','15:58:06',NULL,1,5),(1051,'2013-04-16','16:20:10',NULL,1,1),(1052,'2013-04-16','16:20:47',NULL,7,1),(1053,'2013-04-16','16:20:56',NULL,1,5),(1055,'2013-04-16','15:00:00',NULL,10,5),(1056,'2013-04-16','15:00:00',NULL,10,5),(1061,'2013-04-16','17:05:57',NULL,1,1),(1062,'2013-04-16','17:06:18',NULL,7,1),(1063,'2013-04-16','17:06:25',NULL,1,8),(1064,'2013-04-16','17:07:05',NULL,7,8),(1065,'2013-04-16','17:07:10',NULL,1,1),(1072,'2013-04-16','17:28:15',NULL,7,5),(1073,'2013-04-16','17:28:20',NULL,1,1),(1082,'2013-04-16','17:31:16',NULL,1,1),(1097,'2013-04-16','08:00:00',NULL,9,5),(1098,'2013-04-16','08:00:00',NULL,9,5),(1099,'2013-04-16','08:00:00',NULL,9,5),(1100,'2013-04-16','08:00:00',NULL,9,5),(1101,'2013-04-16','08:00:00',NULL,9,5),(1102,'2013-04-16','08:00:00',NULL,9,5),(1103,'2013-04-16','18:25:33',NULL,7,1),(1104,'2013-04-16','18:25:49',NULL,1,6),(1105,'2013-04-16','18:45:13',NULL,7,6),(1106,'2013-04-16','18:45:19',NULL,1,1),(1117,'2013-04-17','09:55:12',NULL,1,5),(1150,'2013-04-17','13:56:50',NULL,7,5),(1151,'2013-04-17','13:56:55',NULL,1,1),(1152,'2013-04-17','14:02:51',NULL,7,1),(1153,'2013-04-17','14:02:59',NULL,1,5),(1168,'2013-04-17','14:33:55',NULL,7,5),(1169,'2013-04-17','14:34:05',NULL,1,1),(1194,'2013-04-17','16:13:52',NULL,7,5),(1195,'2013-04-17','16:13:57',NULL,1,5),(1206,'2013-04-17','16:57:29',NULL,7,5),(1207,'2013-04-17','16:57:37',NULL,1,5),(1211,'2013-04-17','17:03:38',NULL,7,5),(1212,'2013-04-17','17:03:50',NULL,1,1),(1213,'2013-04-17','17:03:52',NULL,7,1),(1214,'2013-04-17','17:03:58',NULL,1,5),(1215,'2013-04-17','17:04:43',NULL,1,1),(1216,'2013-04-17','17:05:52',NULL,7,5),(1217,'2013-04-17','17:05:59',NULL,1,5),(1218,'2013-04-17','17:06:56',NULL,7,5),(1219,'2013-04-17','17:07:01',NULL,1,5),(1221,'2013-04-17','17:11:49',NULL,7,5),(1222,'2013-04-17','17:11:57',NULL,1,1),(1223,'2013-04-17','17:12:01',NULL,7,1),(1224,'2013-04-17','17:12:07',NULL,1,5),(1226,'2013-04-17','17:18:40',NULL,7,5),(1227,'2013-04-17','17:18:47',NULL,1,1),(1228,'2013-04-17','17:18:49',NULL,7,1),(1229,'2013-04-17','17:18:56',NULL,1,5),(1233,'2013-04-17','17:45:51',NULL,7,5),(1234,'2013-04-17','17:45:56',NULL,1,1),(1235,'2013-04-17','17:45:57',NULL,7,1),(1236,'2013-04-17','17:46:03',NULL,1,5),(1238,'2013-04-17','17:47:24',NULL,7,5),(1239,'2013-04-17','17:47:36',NULL,1,1),(1240,'2013-04-17','17:47:40',NULL,7,1),(1241,'2013-04-17','17:49:26',NULL,1,5),(1243,'2013-04-17','17:51:01',NULL,7,5),(1244,'2013-04-17','17:51:06',NULL,1,1),(1245,'2013-04-17','17:51:09',NULL,7,1),(1246,'2013-04-17','17:51:15',NULL,1,5),(1247,'2013-04-17','08:00:00',NULL,9,5),(1248,'2013-04-17','14:00:00',NULL,10,5),(1249,'2013-04-17','17:57:39',NULL,7,5),(1250,'2013-04-17','17:57:46',NULL,1,6),(1251,'2013-04-17','18:00:20',NULL,1,6),(1252,'2013-04-17','18:19:20',NULL,7,6),(1253,'2013-04-17','18:19:33',NULL,1,6),(1254,'2013-04-17','18:32:53',NULL,1,6),(1255,'2013-04-17','18:34:38',NULL,7,6),(1256,'2013-04-17','18:34:46',NULL,1,1),(1257,'2013-04-17','18:39:00',NULL,7,6),(1258,'2013-04-17','18:39:07',NULL,1,1),(1259,'2013-04-17','18:47:59',NULL,7,1),(1260,'2013-04-17','18:48:11',NULL,1,6),(1261,'2013-04-18','10:02:20',NULL,1,1),(1262,'2013-04-18','10:43:50',NULL,7,1),(1263,'2013-04-18','10:43:58',NULL,1,5),(1264,'2013-04-18','11:15:49',NULL,1,6),(1265,'2013-04-18','11:36:34',NULL,7,6),(1266,'2013-04-18','11:36:40',NULL,1,1),(1267,'2013-04-18','12:05:22',NULL,1,1),(1268,'2013-04-18','12:18:32',NULL,7,1),(1269,'2013-04-18','12:18:43',NULL,1,5),(1270,'2013-04-18','12:25:19',NULL,7,5),(1271,'2013-04-18','12:25:28',NULL,1,1),(1272,'2013-04-18','12:31:23',NULL,7,6),(1273,'2013-04-18','12:31:29',NULL,1,1),(1274,'2013-04-18','12:51:02',NULL,1,1),(1275,'2013-04-18','13:29:45',NULL,1,1),(1276,'2013-04-18','13:41:14',NULL,7,1),(1277,'2013-04-18','13:41:20',NULL,1,6),(1278,'2013-04-18','14:07:31',NULL,7,6),(1279,'2013-04-18','14:07:37',NULL,1,1),(1280,'2013-04-18','14:18:53',NULL,7,1),(1281,'2013-04-18','14:19:08',NULL,1,6),(1282,'2013-04-18','14:20:38',NULL,7,1),(1283,'2013-04-18','14:20:47',NULL,1,5),(1284,'2013-04-18','14:26:21',NULL,7,5),(1285,'2013-04-18','14:26:26',NULL,1,1),(1286,'2013-04-18','14:34:05',NULL,1,1),(1287,'2013-04-18','14:58:14',NULL,1,1),(1288,'2013-04-18','15:33:00',NULL,7,1),(1289,'2013-04-18','15:34:29',NULL,1,1),(1291,'2013-04-18','15:50:09',NULL,1,1),(1292,'2013-04-18','15:55:25',NULL,7,1),(1293,'2013-04-18','15:55:32',NULL,1,6),(1294,'2013-04-18','17:12:22',NULL,1,1),(1295,'2013-04-18','17:35:33',NULL,1,1),(1296,'2013-04-18','17:38:53',NULL,7,1),(1297,'2013-04-18','17:38:58',NULL,1,5),(1298,'2013-04-18','17:44:58',NULL,7,1),(1299,'2013-04-18','17:45:33',NULL,7,1),(1300,'2013-04-18','18:10:23',NULL,1,1),(1301,'2013-04-18','18:19:05',NULL,7,5),(1302,'2013-04-18','18:19:09',NULL,1,1),(1303,'2013-04-18','18:24:42',NULL,1,10),(1304,'2013-04-18','18:24:56',NULL,1,6),(1305,'2013-04-18','18:25:33',NULL,7,6),(1306,'2013-04-18','18:25:46',NULL,1,6),(1307,'2013-04-18','18:26:06',NULL,7,6),(1308,'2013-04-18','18:27:02',NULL,1,1),(1309,'2013-04-18','18:27:59',NULL,7,1),(1310,'2013-04-18','18:28:12',NULL,1,6),(1311,'2013-04-18','18:33:19',NULL,7,6),(1312,'2013-04-18','18:33:34',NULL,1,1),(1313,'2013-04-18','18:34:43',NULL,1,1),(1314,'2013-04-18','18:37:51',NULL,7,1),(1315,'2013-04-18','18:38:11',NULL,1,1),(1316,'2013-04-18','18:38:31',NULL,7,1),(1317,'2013-04-18','18:38:40',NULL,1,1),(1318,'2013-04-18','18:52:15',NULL,7,1),(1319,'2013-04-18','18:52:22',NULL,1,1),(1320,'2013-04-18','18:52:42',NULL,7,1),(1321,'2013-04-18','18:52:51',NULL,1,6),(1322,'2013-04-18','18:53:16',NULL,7,6),(1323,'2013-04-18','18:53:35',NULL,1,1),(1324,'2013-04-22','09:43:10',NULL,1,1),(1325,'2013-04-22','09:46:18',NULL,7,1),(1326,'2013-04-22','09:46:26',NULL,1,1),(1327,'2013-04-22','09:46:59',NULL,7,1),(1328,'2013-04-22','09:47:08',NULL,1,1),(1329,'2013-04-22','09:48:01',NULL,7,1),(1330,'2013-04-22','09:48:08',NULL,1,1),(1331,'2013-04-22','09:48:18',NULL,7,1),(1332,'2013-04-22','09:49:00',NULL,1,1),(1333,'2013-04-22','09:49:23',NULL,7,1),(1334,'2013-04-22','09:49:40',NULL,1,1),(1335,'2013-04-22','09:50:28',NULL,7,1),(1336,'2013-04-22','09:50:36',NULL,1,1),(1337,'2013-04-22','09:50:40',NULL,7,1),(1338,'2013-04-22','09:51:17',NULL,1,1),(1339,'2013-04-22','09:51:39',NULL,7,1),(1340,'2013-04-22','09:51:48',NULL,1,1),(1341,'2013-04-22','09:54:22',NULL,7,1),(1342,'2013-04-22','09:54:33',NULL,1,1),(1343,'2013-04-22','09:57:02',NULL,7,1),(1344,'2013-04-22','09:57:10',NULL,1,1),(1345,'2013-04-22','09:57:28',NULL,7,1),(1346,'2013-04-22','09:58:26',NULL,1,1),(1347,'2013-04-22','12:06:07',NULL,7,1),(1348,'2013-04-22','12:06:12',NULL,1,5),(1349,'2013-04-22','12:09:21',NULL,7,5),(1350,'2013-04-22','12:09:25',NULL,1,1),(1351,'2013-04-22','12:38:11',NULL,1,1),(1352,'2013-04-22','12:38:52',NULL,7,1),(1353,'2013-04-22','12:39:22',NULL,1,1),(1354,'2013-04-22','12:46:45',NULL,1,1),(1355,'2013-04-22','15:25:24',NULL,7,1),(1356,'2013-04-22','15:31:24',NULL,1,1),(1357,'2013-04-22','15:47:44',NULL,1,1),(1358,'2013-04-22','16:17:21',NULL,7,1),(1359,'2013-04-22','16:17:29',NULL,1,6),(1360,'2013-04-22','16:32:07',NULL,7,10),(1361,'2013-04-22','16:32:13',NULL,1,1),(1362,'2013-04-22','17:22:57',NULL,7,1),(1363,'2013-04-22','17:23:20',NULL,1,1),(1364,'2013-04-22','17:23:21',NULL,7,6),(1365,'2013-04-22','17:23:29',NULL,1,5),(1366,'2013-04-22','17:23:42',NULL,7,5),(1367,'2013-04-22','17:23:54',NULL,1,6),(1368,'2013-04-22','17:25:52',NULL,1,1),(1369,'2013-04-22','17:37:05',NULL,1,1),(1370,'2013-04-22','17:51:17',NULL,7,6),(1371,'2013-04-22','17:51:23',NULL,1,5),(1372,'2013-04-22','17:55:30','2013-04-22',2,5),(1373,'2013-04-22','18:00:00',NULL,1,6),(1374,'2013-04-22','18:00:50','0000-00-00',2,5),(1375,'2013-04-22','18:03:58','2013-04-22',2,5),(1376,'2013-04-22','18:27:35','2013-04-22',2,5),(1377,'2013-04-22','18:28:01',NULL,7,5),(1378,'2013-04-22','18:28:06',NULL,1,1),(1379,'2013-04-22','19:25:37',NULL,1,6),(1380,'2013-04-22','19:28:32',NULL,7,1),(1381,'2013-04-22','19:28:38',NULL,1,6),(1382,'2013-04-22','19:34:34',NULL,7,6),(1383,'2013-04-22','19:34:40',NULL,1,1),(1384,'2013-04-22','19:35:25',NULL,7,6),(1385,'2013-04-22','19:35:30',NULL,1,5),(1386,'2013-04-22','19:36:47','2013-04-21',2,5),(1387,'2013-04-22','19:37:19','2013-04-21',3,5),(1388,'2013-04-23','10:10:49',NULL,7,5),(1389,'2013-04-23','10:10:55',NULL,1,6),(1390,'2013-04-23','11:04:21',NULL,7,1),(1391,'2013-04-23','11:04:27',NULL,1,5),(1392,'2013-04-23','11:08:35',NULL,1,1),(1393,'2013-04-23','11:09:44',NULL,1,5),(1394,'2013-04-23','11:55:33',NULL,1,1),(1395,'2013-04-23','11:55:55',NULL,7,1),(1396,'2013-04-23','11:56:02',NULL,1,6),(1397,'2013-04-23','12:05:00','2013-04-23',2,5),(1398,'2013-04-23','12:06:38','2013-04-17',2,5),(1399,'2013-04-23','12:24:34','2013-04-18',2,5),(1400,'2013-04-23','12:26:46','2013-04-19',2,5),(1401,'2013-04-23','12:27:47','2013-04-18',2,5),(1402,'2013-04-23','12:28:14','2013-04-19',2,5),(1403,'2013-04-23','12:31:27','2013-04-18',2,5),(1404,'2013-04-23','12:32:18','2013-04-19',2,5),(1405,'2013-04-23','12:34:11','2013-04-18',2,5),(1406,'2013-04-23','12:34:42','2013-04-19',2,5),(1407,'2013-04-23','12:35:47','2013-04-20',2,5),(1408,'2013-04-23','12:39:56','2013-04-18',2,5),(1409,'2013-04-23','12:41:20','2013-04-23',2,5),(1410,'2013-04-23','12:45:01','2013-04-23',2,5),(1411,'2013-04-23','12:55:13','2013-04-23',2,5),(1412,'2013-04-23','13:03:55','2013-04-23',2,5),(1413,'2013-04-23','13:09:51','2013-04-23',2,5),(1414,'2013-04-23','13:26:15',NULL,1,1),(1415,'2013-04-23','13:31:56',NULL,7,5),(1416,'2013-04-23','13:32:12',NULL,1,1),(1417,'2013-04-23','13:33:49',NULL,7,1),(1418,'2013-04-23','13:34:00',NULL,1,10),(1419,'2013-04-23','13:35:57',NULL,7,10),(1420,'2013-04-23','13:36:01',NULL,1,1),(1421,'2013-04-23','13:36:06',NULL,7,1),(1422,'2013-04-23','13:36:12',NULL,1,10),(1424,'2013-04-23','14:05:54',NULL,1,10),(1425,'2013-04-23','14:11:32',NULL,7,10),(1426,'2013-04-23','14:31:20',NULL,7,10),(1427,'2013-04-23','14:31:24',NULL,1,1),(1428,'2013-04-23','14:44:54',NULL,7,1),(1429,'2013-04-23','14:44:58',NULL,1,5),(1430,'2013-04-23','14:45:12','2013-04-23',2,5),(1431,'2013-04-23','14:48:53',NULL,1,1),(1432,'2013-04-23','15:39:08',NULL,1,1),(1433,'2013-04-23','15:47:51',NULL,7,1),(1434,'2013-04-23','15:48:03',NULL,1,6),(1435,'2013-04-23','16:04:56',NULL,7,6),(1436,'2013-04-23','16:05:01',NULL,1,1),(1437,'2013-04-23','16:13:27',NULL,7,1),(1438,'2013-04-23','16:13:33',NULL,1,6),(1440,'2013-04-23','17:35:04',NULL,1,10),(1441,'2013-04-23','17:37:06',NULL,7,1),(1442,'2013-04-23','17:37:12',NULL,1,6),(1443,'2013-04-23','17:43:28',NULL,7,10),(1444,'2013-04-23','17:43:36',NULL,1,5),(1445,'2013-04-23','17:44:14',NULL,1,5),(1446,'2013-04-23','17:50:22',NULL,1,1),(1447,'2013-04-23','17:50:52',NULL,7,5),(1448,'2013-04-23','17:50:56',NULL,1,1),(1449,'2013-04-23','17:53:51',NULL,7,1),(1450,'2013-04-23','17:53:55',NULL,1,5),(1451,'2013-04-23','17:53:56',NULL,7,5),(1452,'2013-04-23','17:54:03',NULL,1,5),(1453,'2013-04-23','17:58:32',NULL,7,1),(1454,'2013-04-23','17:58:40',NULL,1,1),(1455,'2013-04-23','18:07:51',NULL,7,6),(1456,'2013-04-23','18:11:57',NULL,1,5),(1457,'2013-04-23','18:12:01',NULL,7,5),(1458,'2013-04-23','18:12:09',NULL,1,1),(1459,'2013-04-23','18:16:26',NULL,7,1),(1460,'2013-04-23','18:16:36',NULL,7,1),(1461,'2013-04-23','18:16:32',NULL,1,1),(1462,'2013-04-23','18:16:42',NULL,1,5),(1463,'2013-04-23','18:17:56',NULL,7,1),(1464,'2013-04-23','18:18:01',NULL,1,1),(1465,'2013-04-23','18:18:19',NULL,7,5),(1466,'2013-04-23','18:18:23',NULL,1,1),(1467,'2013-04-23','18:21:28',NULL,7,5),(1468,'2013-04-23','18:21:36',NULL,1,1),(1469,'2013-04-23','18:22:28',NULL,7,1),(1470,'2013-04-23','18:23:18',NULL,7,1),(1471,'2013-04-23','18:24:09',NULL,1,1),(1472,'2013-04-23','18:27:02',NULL,1,5),(1473,'2013-04-23','18:41:44',NULL,1,1),(1474,'2013-04-23','18:45:11',NULL,1,1),(1475,'2013-04-23','18:48:30',NULL,1,1),(1476,'2013-04-23','19:02:23',NULL,7,1),(1477,'2013-04-23','19:02:35',NULL,1,1),(1478,'2013-04-23','19:07:06',NULL,7,1),(1479,'2013-04-23','19:07:12',NULL,1,5),(1480,'2013-04-23','08:00:00',NULL,9,5),(1481,'2013-04-23','23:00:00',NULL,10,5),(1482,'2013-04-23','19:12:21','2013-04-22',3,5),(1483,'2013-04-23','19:12:45','2013-04-22',4,5),(1484,'2013-04-23','19:13:47',NULL,7,5),(1485,'2013-04-23','19:14:26',NULL,1,5),(1486,'2013-04-23','19:15:20',NULL,7,5),(1487,'2013-04-23','19:15:25',NULL,1,5),(1488,'2013-04-23','19:15:55',NULL,7,5),(1489,'2013-04-23','19:16:04',NULL,1,6),(1490,'2013-04-23','19:20:18',NULL,7,6),(1491,'2013-04-23','19:20:24',NULL,1,1),(1492,'2013-04-23','19:22:56',NULL,7,1),(1493,'2013-04-23','19:23:04',NULL,1,10),(1494,'2013-04-23','19:47:04',NULL,7,5),(1495,'2013-04-23','19:47:11',NULL,1,5),(1496,'2013-04-23','19:47:24',NULL,7,5),(1497,'2013-04-23','19:47:30',NULL,1,1),(1498,'2013-04-23','19:47:41',NULL,7,1),(1499,'2013-04-23','19:47:57',NULL,1,1),(1500,'2013-04-23','19:51:16',NULL,7,5),(1501,'2013-04-23','19:51:23',NULL,1,1),(1502,'2013-04-23','19:54:47',NULL,1,1),(1503,'2013-04-23','19:57:28',NULL,7,1),(1504,'2013-04-23','20:00:25',NULL,1,5),(1505,'2013-04-24','08:58:35',NULL,7,10),(1506,'2013-04-24','09:11:14',NULL,1,1),(1507,'2013-04-24','09:51:02',NULL,7,1),(1508,'2013-04-24','09:51:30',NULL,1,1),(1509,'2013-04-24','09:51:57',NULL,1,1),(1510,'2013-04-24','10:03:11',NULL,7,1),(1511,'2013-04-24','10:03:16',NULL,1,5),(1512,'2013-04-24','10:05:08',NULL,1,1),(1513,'2013-04-24','10:05:26',NULL,7,1),(1514,'2013-04-24','10:05:36',NULL,1,5),(1515,'2013-04-24','10:19:09',NULL,1,5),(1516,'2013-04-24','10:24:21',NULL,7,5),(1517,'2013-04-24','10:25:18',NULL,7,5),(1518,'2013-04-24','10:25:58',NULL,1,1),(1519,'2013-04-24','10:26:23',NULL,7,1),(1520,'2013-04-24','10:26:35',NULL,1,5),(1521,'2013-04-24','10:35:03',NULL,7,1),(1522,'2013-04-24','10:35:09',NULL,1,5),(1523,'2013-04-24','10:35:21',NULL,7,5),(1524,'2013-04-24','10:35:26',NULL,1,1),(1525,'2013-04-24','10:36:22',NULL,7,5),(1526,'2013-04-24','10:40:21',NULL,1,1),(1527,'2013-04-24','10:46:44',NULL,7,5),(1528,'2013-04-24','10:47:10',NULL,1,1),(1529,'2013-04-24','10:48:19',NULL,7,1),(1530,'2013-04-24','10:49:03',NULL,1,1),(1531,'2013-04-24','10:49:11',NULL,7,1),(1532,'2013-04-24','10:50:25',NULL,1,1),(1533,'2013-04-24','10:51:16',NULL,1,1),(1534,'2013-04-24','10:51:21',NULL,7,1),(1535,'2013-04-24','10:51:38',NULL,1,1),(1536,'2013-04-24','10:52:52',NULL,7,1),(1537,'2013-04-24','10:54:05',NULL,1,1),(1538,'2013-04-24','10:54:08',NULL,7,1),(1539,'2013-04-24','10:54:39',NULL,1,1),(1540,'2013-04-24','10:54:42',NULL,7,1),(1541,'2013-04-24','10:54:50',NULL,1,5),(1542,'2013-04-24','10:54:54',NULL,7,5),(1543,'2013-04-24','11:01:52',NULL,1,1),(1544,'2013-04-24','11:31:36',NULL,1,1),(1545,'2013-04-24','11:34:51',NULL,7,1),(1546,'2013-04-24','11:34:57',NULL,1,5),(1547,'2013-04-24','11:55:16',NULL,7,1),(1548,'2013-04-24','11:55:20',NULL,1,6),(1549,'2013-04-24','11:59:24',NULL,7,5),(1550,'2013-04-24','11:59:32',NULL,1,8),(1551,'2013-04-24','12:00:46',NULL,7,6),(1552,'2013-04-24','12:00:51',NULL,1,5),(1553,'2013-04-24','12:02:56',NULL,7,5),(1554,'2013-04-24','12:10:30',NULL,1,1),(1555,'2013-04-24','12:13:38',NULL,1,1),(1556,'2013-04-24','12:23:09',NULL,7,1),(1557,'2013-04-24','12:23:15',NULL,1,7),(1558,'2013-04-24','12:29:09',NULL,1,1),(1559,'2013-04-24','12:30:55',NULL,7,7),(1560,'2013-04-24','12:31:00',NULL,1,6),(1561,'2013-04-24','12:31:07',NULL,7,6),(1562,'2013-04-24','12:31:11',NULL,1,1),(1563,'2013-04-24','12:48:29',NULL,1,1),(1564,'2013-04-24','13:05:28',NULL,1,5),(1565,'2013-04-24','13:12:40',NULL,7,1),(1566,'2013-04-24','13:12:47',NULL,1,8),(1567,'2013-04-24','13:13:15',NULL,7,8),(1568,'2013-04-24','13:13:21',NULL,1,5),(1569,'2013-04-24','13:18:07',NULL,7,5),(1570,'2013-04-24','13:18:13',NULL,1,1),(1571,'2013-04-24','13:58:27',NULL,1,1),(1572,'2013-04-24','14:00:45',NULL,1,1),(1573,'2013-04-24','14:08:11',NULL,1,1),(1574,'2013-04-24','14:11:05',NULL,7,1),(1575,'2013-04-24','14:11:13',NULL,1,6),(1576,'2013-04-24','14:12:28',NULL,7,1),(1577,'2013-04-24','14:12:38',NULL,1,5),(1578,'2013-04-24','14:13:21',NULL,7,5),(1579,'2013-04-24','14:13:31',NULL,1,8),(1580,'2013-04-24','14:15:38',NULL,1,1),(1581,'2013-04-24','14:16:46',NULL,1,8),(1582,'2013-04-24','14:24:29',NULL,7,8),(1583,'2013-04-24','14:24:41',NULL,1,5),(1584,'2013-04-24','14:25:26',NULL,7,5),(1585,'2013-04-24','14:25:33',NULL,1,1),(1586,'2013-04-24','14:35:23',NULL,7,1),(1587,'2013-04-24','14:35:28',NULL,1,5),(1588,'2013-04-24','14:51:02',NULL,7,1),(1589,'2013-04-24','14:51:16',NULL,1,7),(1590,'2013-04-24','15:54:49',NULL,7,1),(1591,'2013-04-24','15:55:02',NULL,1,6),(1592,'2013-04-24','16:21:31',NULL,7,6),(1593,'2013-04-24','16:21:56',NULL,1,1),(1594,'2013-04-24','17:24:42',NULL,7,5),(1595,'2013-04-24','17:24:48',NULL,1,7),(1596,'2013-04-24','17:27:54',NULL,7,7),(1597,'2013-04-24','17:28:01',NULL,1,5),(1598,'2013-04-24','17:34:51',NULL,7,7),(1599,'2013-04-24','17:34:56',NULL,1,5),(1600,'2013-04-24','17:35:14',NULL,7,5),(1601,'2013-04-24','17:35:17',NULL,1,1),(1602,'2013-04-24','18:38:17',NULL,1,1),(1603,'2013-04-24','18:53:40',NULL,7,1),(1604,'2013-04-24','18:53:47',NULL,1,6),(1605,'2013-04-24','18:54:12',NULL,7,6),(1606,'2013-04-24','18:54:27',NULL,1,7),(1607,'2013-04-24','19:27:23',NULL,7,1),(1608,'2013-04-24','19:27:30',NULL,1,1),(1609,'2013-04-24','19:31:20',NULL,7,1),(1610,'2013-04-24','19:31:30',NULL,1,5),(1611,'2013-04-24','19:41:15',NULL,7,5),(1612,'2013-04-24','19:47:32',NULL,1,5),(1613,'2013-04-25','09:32:49',NULL,7,1),(1614,'2013-04-25','09:33:25',NULL,1,5),(1615,'2013-04-25','10:00:25',NULL,7,5),(1616,'2013-04-25','10:00:32',NULL,1,6),(1617,'2013-04-25','10:17:37',NULL,7,6),(1618,'2013-04-25','10:17:46',NULL,1,5),(1619,'2013-04-25','11:19:39','2013-04-18',2,5),(1620,'2013-04-25','11:19:48','2013-04-18',4,5),(1621,'2013-04-25','11:30:59','2013-04-18',4,5),(1622,'2013-04-25','11:40:07',NULL,1,7),(1623,'2013-04-25','12:46:23','2013-04-18',4,5),(1624,'2013-04-25','12:48:13','2013-04-18',4,5),(1625,'2013-04-25','13:08:27','2013-04-23',4,5),(1626,'2013-04-25','13:10:54','2013-04-24',2,5),(1627,'2013-04-25','13:12:12','2013-04-24',4,5),(1628,'2013-04-25','14:42:08','2013-04-18',4,5),(1629,'2013-04-25','14:43:03','2013-04-18',4,5),(1630,'2013-04-25','14:43:21','2013-04-18',4,5),(1631,'2013-04-25','14:43:57','2013-04-18',4,5),(1632,'2013-04-25','14:47:31','2013-04-18',4,5),(1633,'2013-04-25','14:48:02','2013-04-18',4,5),(1634,'2013-04-25','14:48:16','2013-04-18',4,5),(1635,'2013-04-25','15:26:08','2013-04-18',4,5),(1636,'2013-04-25','17:58:05','2013-04-18',4,5),(1637,'2013-04-25','18:13:55',NULL,7,5),(1638,'2013-04-25','18:14:00',NULL,1,1),(1639,'2013-04-25','18:14:45',NULL,1,1),(1640,'2013-04-25','18:15:17',NULL,1,1),(1641,'2013-04-25','18:34:41',NULL,7,1),(1642,'2013-04-25','18:34:48',NULL,1,7),(1643,'2013-04-25','18:36:59',NULL,7,5),(1644,'2013-04-26','09:23:00',NULL,1,1),(1645,'2013-04-26','09:23:05',NULL,7,1),(1646,'2013-04-26','09:23:13',NULL,1,5),(1647,'2013-04-26','09:44:17',NULL,7,5),(1648,'2013-04-26','09:44:22',NULL,1,1),(1649,'2013-04-26','09:44:54',NULL,7,1),(1650,'2013-04-26','09:45:03',NULL,1,6),(1651,'2013-04-26','09:45:54',NULL,7,6),(1652,'2013-04-26','09:46:11',NULL,1,7),(1653,'2013-04-26','10:03:07',NULL,7,7),(1654,'2013-04-26','10:04:36',NULL,1,5),(1655,'2013-04-26','10:23:55',NULL,1,7),(1656,'2013-04-26','11:20:15',NULL,7,5),(1657,'2013-04-26','11:20:21',NULL,1,6),(1658,'2013-04-26','12:14:47',NULL,7,6),(1659,'2013-04-26','12:15:13',NULL,1,6),(1660,'2013-04-26','12:30:12',NULL,7,7),(1661,'2013-04-26','12:30:20',NULL,1,1),(1662,'2013-04-26','12:30:38',NULL,7,1),(1663,'2013-04-26','12:30:46',NULL,1,10),(1664,'2013-04-26','12:31:12',NULL,7,10),(1665,'2013-04-26','12:31:19',NULL,1,1),(1666,'2013-04-26','12:31:32',NULL,7,1),(1667,'2013-04-26','12:31:43',NULL,1,5),(1668,'2013-04-26','12:32:09',NULL,7,5),(1669,'2013-04-26','12:32:21',NULL,1,1),(1670,'2013-04-26','12:32:39',NULL,7,1),(1671,'2013-04-26','12:32:49',NULL,1,5),(1672,'2013-04-26','12:33:04',NULL,7,5),(1673,'2013-04-26','12:53:29',NULL,1,7),(1674,'2013-04-26','13:17:53',NULL,7,1),(1675,'2013-04-26','13:18:19',NULL,1,5),(1676,'2013-04-26','13:23:04',NULL,7,7),(1677,'2013-04-26','13:24:05',NULL,1,1),(1678,'2013-04-26','13:24:12',NULL,7,1),(1679,'2013-04-26','13:24:18',NULL,1,10),(1680,'2013-04-26','13:24:28',NULL,7,10),(1681,'2013-04-26','13:24:36',NULL,1,5),(1682,'2013-04-26','13:24:56',NULL,7,5),(1683,'2013-04-26','13:25:03',NULL,1,6),(1684,'2013-04-26','13:25:14',NULL,7,6),(1685,'2013-04-26','13:25:20',NULL,1,7),(1686,'2013-04-26','13:25:27',NULL,7,7),(1687,'2013-04-26','13:31:03',NULL,7,5),(1688,'2013-04-26','13:32:10',NULL,1,1),(1689,'2013-04-26','16:08:14',NULL,7,1),(1690,'2013-04-26','16:08:19',NULL,1,6),(1691,'2013-04-26','16:56:34',NULL,1,7),(1692,'2013-04-26','19:05:10',NULL,7,6),(1693,'2013-04-26','19:05:20',NULL,1,6),(1694,'2013-04-26','19:09:22',NULL,7,6),(1695,'2013-04-26','19:09:27',NULL,1,5),(1696,'2013-04-26','19:11:27',NULL,1,7),(1697,'2013-04-28','11:30:55',NULL,7,6),(1698,'2013-04-28','11:31:09',NULL,1,7),(1699,'2013-04-29','09:47:18',NULL,1,6),(1700,'2013-04-29','10:44:22',NULL,1,7),(1701,'2013-04-29','10:48:21',NULL,7,5),(1702,'2013-04-29','10:48:25',NULL,1,1),(1703,'2013-04-29','15:41:50',NULL,7,6),(1704,'2013-04-29','15:41:57',NULL,1,5),(1705,'2013-04-29','15:55:07',NULL,7,7),(1706,'2013-04-29','15:55:11',NULL,1,1),(1707,'2013-04-29','15:55:27',NULL,7,1),(1708,'2013-04-29','15:55:30',NULL,1,1),(1709,'2013-04-29','15:55:31',NULL,7,1),(1710,'2013-04-29','15:55:35',NULL,1,5),(1711,'2013-04-29','16:26:45',NULL,7,5),(1712,'2013-04-29','16:27:03',NULL,1,7),(1713,'2013-04-29','17:11:07',NULL,1,1),(1714,'2013-04-29','17:18:43',NULL,7,1),(1715,'2013-04-29','17:19:08',NULL,1,6),(1716,'2013-04-29','17:22:04',NULL,7,6),(1717,'2013-04-29','17:22:57',NULL,1,6),(1718,'2013-04-29','17:48:17',NULL,7,7),(1719,'2013-04-29','17:48:36',NULL,1,7),(1720,'2013-04-29','17:49:17',NULL,7,7),(1721,'2013-04-29','17:49:27',NULL,1,7),(1722,'2013-04-29','18:00:52',NULL,7,6),(1723,'2013-04-29','18:01:01',NULL,1,6),(1724,'2013-04-29','18:04:53',NULL,7,7),(1725,'2013-04-29','18:04:57',NULL,1,1),(1726,'2013-04-29','18:24:21',NULL,7,1),(1727,'2013-04-29','18:24:26',NULL,1,7),(1728,'2013-04-29','19:05:06',NULL,7,7),(1729,'2013-04-29','19:05:10',NULL,1,1),(1730,'2013-04-30','10:14:36',NULL,1,1),(1731,'2013-04-30','10:15:16',NULL,7,1),(1732,'2013-04-30','10:15:25',NULL,1,5),(1733,'2013-04-30','10:46:57',NULL,1,8),(1734,'2013-04-30','10:48:19',NULL,7,8),(1735,'2013-04-30','10:48:26',NULL,1,1),(1736,'2013-04-30','11:04:40',NULL,7,5),(1737,'2013-04-30','11:04:46',NULL,1,8),(1738,'2013-04-30','11:05:26',NULL,7,8),(1739,'2013-04-30','11:05:35',NULL,1,5),(1740,'2013-04-30','12:01:33',NULL,7,1),(1741,'2013-04-30','12:01:42',NULL,1,7),(1742,'2013-04-30','12:02:38',NULL,7,5),(1743,'2013-04-30','12:02:43',NULL,1,1),(1744,'2013-04-30','12:05:46',NULL,7,1),(1745,'2013-04-30','12:05:52',NULL,1,8),(1746,'2013-04-30','12:06:15',NULL,7,8),(1747,'2013-04-30','12:06:22',NULL,1,10),(1748,'2013-04-30','12:22:43',NULL,7,10),(1749,'2013-04-30','12:22:49',NULL,1,1),(1750,'2013-04-30','12:26:19',NULL,7,1),(1751,'2013-04-30','12:26:25',NULL,1,10),(1752,'2013-04-30','12:26:34',NULL,7,10),(1753,'2013-04-30','12:26:40',NULL,1,1),(1754,'2013-04-30','12:26:48',NULL,7,1),(1755,'2013-04-30','12:26:59',NULL,1,10),(1756,'2013-04-30','12:27:09',NULL,7,10),(1757,'2013-04-30','12:27:14',NULL,1,5),(1758,'2013-04-30','12:27:26',NULL,7,5),(1759,'2013-04-30','12:27:32',NULL,1,8),(1760,'2013-04-30','12:28:09',NULL,1,5),(1761,'2013-04-30','12:56:06',NULL,7,8),(1762,'2013-04-30','12:56:15',NULL,1,5),(1763,'2013-04-30','13:06:12',NULL,7,7),(1764,'2013-04-30','13:07:44',NULL,1,1),(1765,'2013-04-30','13:08:20',NULL,7,1),(1766,'2013-04-30','13:28:27',NULL,7,5),(1767,'2013-04-30','15:04:28',NULL,1,7),(1768,'2013-04-30','15:06:46',NULL,7,7),(1769,'2013-04-30','15:06:51',NULL,1,5),(1770,'2013-04-30','15:15:39',NULL,7,5),(1771,'2013-04-30','15:15:44',NULL,1,1),(1772,'2013-04-30','16:27:24',NULL,1,5),(1773,'2013-04-30','08:00:00',NULL,9,5),(1774,'2013-04-30','16:31:38',NULL,7,5),(1775,'2013-04-30','16:31:44',NULL,1,8),(1776,'2013-04-30','08:00:00',NULL,9,8),(1777,'2013-04-30','16:41:03','2013-04-29',2,8),(1778,'2013-04-30','16:56:32',NULL,7,1),(1779,'2013-04-30','16:56:44',NULL,1,5),(1780,'2013-04-30','17:16:15',NULL,7,8),(1781,'2013-04-30','17:16:22',NULL,1,1),(1782,'2013-04-30','17:59:05',NULL,7,1),(1783,'2013-04-30','17:59:12',NULL,1,5),(1784,'2013-04-30','18:00:03',NULL,7,5),(1785,'2013-04-30','18:02:21',NULL,1,10),(1786,'2013-04-30','18:03:43',NULL,7,10),(1787,'2013-04-30','18:03:49',NULL,1,5),(1788,'2013-04-30','19:09:37',NULL,1,1),(1789,'2013-04-30','19:12:20',NULL,1,1),(1790,'2013-04-30','19:14:14',NULL,7,1),(1791,'2013-05-02','08:37:26',NULL,7,5),(1792,'2013-05-02','08:37:40',NULL,1,7),(1793,'2013-05-02','08:40:06',NULL,1,5),(1794,'2013-05-02','08:51:03','0000-00-00',2,5),(1795,'2013-05-02','10:00:02',NULL,1,7),(1796,'2013-05-02','11:44:46',NULL,7,7),(1797,'2013-05-02','11:44:57',NULL,1,6),(1798,'2013-05-02','11:55:18',NULL,7,6),(1799,'2013-05-02','11:55:22',NULL,1,5),(1800,'2013-05-02','11:56:28',NULL,2,5),(1801,'2013-05-02','11:58:09',NULL,7,5),(1802,'2013-05-02','11:58:15',NULL,1,1),(1803,'2013-05-02','11:59:24',NULL,7,1),(1804,'2013-05-02','11:59:32',NULL,1,5),(1805,'2013-05-02','11:59:50',NULL,2,5),(1806,'2013-05-02','11:59:55',NULL,7,5),(1807,'2013-05-02','11:59:59',NULL,1,1),(1808,'2013-05-02','12:03:04',NULL,1,5),(1809,'2013-05-02','12:03:24','2013-04-28',2,5),(1810,'2013-05-02','12:19:29','2013-04-28',3,5),(1811,'2013-05-02','12:23:01',NULL,7,1),(1812,'2013-05-02','12:23:08',NULL,1,5),(1813,'2013-05-02','12:23:35','2013-04-28',4,5),(1814,'2013-05-02','12:35:35','2013-04-28',4,5),(1815,'2013-05-02','12:36:40','2013-04-28',4,5),(1816,'2013-05-02','12:37:10','2013-04-28',4,5),(1817,'2013-05-02','14:18:14',NULL,1,1),(1818,'2013-05-02','14:25:02',NULL,7,5),(1819,'2013-05-02','14:25:34',NULL,1,1),(1820,'2013-05-02','17:04:36',NULL,7,1),(1821,'2013-05-02','17:04:42',NULL,1,5),(1822,'2013-05-02','17:55:36',NULL,1,1),(1823,'2013-05-03','11:24:55','2013-05-02',2,5),(1824,'2013-05-03','11:29:00','2013-05-02',2,5),(1825,'2013-05-03','11:30:43','2013-05-02',2,5),(1826,'2013-05-03','11:32:50',NULL,1,1),(1827,'2013-05-03','11:35:22','2013-05-02',2,5),(1828,'2013-05-03','11:50:34','2013-05-02',2,5),(1829,'2013-05-03','11:55:59','2013-05-02',2,5),(1830,'2013-05-03','11:57:24','2013-05-02',2,5),(1831,'2013-05-03','12:06:47','2013-05-02',2,5),(1832,'2013-05-03','12:06:59','2013-05-02',2,5),(1833,'2013-05-03','12:20:18','2013-05-02',2,5),(1834,'2013-05-03','12:23:26','2013-05-02',2,5),(1835,'2013-05-03','13:29:27',NULL,7,5),(1836,'2013-05-03','13:29:33',NULL,1,1),(1837,'2013-05-03','14:46:04',NULL,1,5),(1838,'2013-05-03','14:46:10',NULL,7,5),(1839,'2013-05-03','14:46:16',NULL,1,5),(1840,'2013-05-03','08:00:00',NULL,9,5),(1841,'2013-05-03','14:48:11',NULL,7,5),(1842,'2013-05-03','14:48:19',NULL,1,3),(1843,'2013-05-03','08:00:00',NULL,9,3),(1844,'2013-05-03','15:14:54',NULL,7,3),(1845,'2013-05-03','15:15:06',NULL,1,7),(1846,'2013-05-03','15:42:49',NULL,7,1),(1847,'2013-05-03','15:43:00',NULL,1,7),(1848,'2013-05-03','15:52:35',NULL,7,7),(1849,'2013-05-03','15:53:45',NULL,1,5),(1850,'2013-05-03','15:58:22','2013-05-01',4,5),(1851,'2013-05-03','16:02:29',NULL,7,1),(1852,'2013-05-03','16:02:42',NULL,1,5),(1853,'2013-05-03','16:12:50','2013-05-01',2,5),(1854,'2013-05-03','16:15:01','2013-05-02',2,5),(1855,'2013-05-03','17:08:04','2013-05-01',4,5),(1856,'2013-05-03','18:05:50',NULL,7,5),(1857,'2013-05-03','18:05:57',NULL,1,1),(1858,'2013-05-06','09:49:50',NULL,1,7),(1859,'2013-05-06','10:55:20',NULL,7,5),(1860,'2013-05-06','10:55:25',NULL,1,1),(1861,'2013-05-06','11:40:59',NULL,7,7),(1862,'2013-05-06','11:41:08',NULL,1,5),(1863,'2013-05-06','11:41:43',NULL,7,5),(1864,'2013-05-06','11:41:48',NULL,1,1),(1865,'2013-05-06','11:51:13',NULL,7,1),(1866,'2013-05-06','11:51:24',NULL,1,7),(1867,'2013-05-06','12:39:53',NULL,7,7),(1868,'2013-05-06','12:39:56',NULL,1,1),(1869,'2013-05-06','12:53:00',NULL,7,1),(1870,'2013-05-06','12:53:07',NULL,1,7),(1871,'2013-05-06','12:56:10',NULL,7,7),(1872,'2013-05-06','12:56:14',NULL,1,1),(1873,'2013-05-06','14:32:54',NULL,7,1),(1874,'2013-05-06','14:33:05',NULL,1,5),(1875,'2013-05-06','15:36:12',NULL,7,1),(1876,'2013-05-06','15:36:16',NULL,1,1),(1877,'2013-05-06','15:42:56',NULL,7,1),(1878,'2013-05-06','15:43:05',NULL,1,5),(1879,'2013-05-06','15:43:10',NULL,7,5),(1880,'2013-05-06','15:43:15',NULL,1,8),(1881,'2013-05-06','15:44:39',NULL,7,8),(1882,'2013-05-06','15:44:44',NULL,1,6),(1883,'2013-05-06','15:45:10',NULL,7,6),(1884,'2013-05-06','15:45:14',NULL,1,1),(1885,'2013-05-06','15:47:19',NULL,7,5),(1886,'2013-05-06','15:47:31',NULL,1,5),(1887,'2013-05-06','16:44:24',NULL,1,1),(1888,'2013-05-06','16:44:44',NULL,7,1),(1889,'2013-05-06','16:47:52',NULL,1,6),(1890,'2013-05-06','16:59:24',NULL,7,6),(1891,'2013-05-06','16:59:32',NULL,1,5),(1892,'2013-05-06','17:04:30',NULL,7,5),(1893,'2013-05-06','17:04:42',NULL,1,7),(1894,'2013-05-06','18:09:16',NULL,7,7),(1895,'2013-05-06','19:14:02',NULL,1,1),(1896,'2013-05-08','11:49:45',NULL,1,1),(1897,'2013-05-08','14:05:45',NULL,7,1),(1898,'2013-05-08','14:06:10',NULL,1,5),(1899,'2013-05-08','18:40:24',NULL,1,1),(1900,'2013-05-08','18:42:14',NULL,1,1),(1901,'2013-05-09','09:32:44','2013-05-09',2,5),(1902,'2013-05-09','10:18:12',NULL,1,1),(1903,'2013-05-09','10:46:50','2013-05-09',2,5),(1904,'2013-05-09','10:56:02',NULL,1,1),(1905,'2013-05-09','10:57:18','2013-05-09',2,5),(1906,'2013-05-09','12:02:50',NULL,1,1),(1907,'2013-05-09','16:47:56',NULL,7,1),(1908,'2013-05-09','16:49:14',NULL,7,1),(1909,'2013-05-09','16:49:55',NULL,7,1),(1910,'2013-05-09','16:50:00',NULL,1,1),(1911,'2013-05-09','17:00:32',NULL,7,5),(1912,'2013-05-09','17:00:46',NULL,1,1),(1913,'2013-05-09','17:11:10',NULL,7,1),(1914,'2013-05-09','17:49:46',NULL,7,1),(1915,'2013-05-09','17:49:51',NULL,1,5),(1916,'2013-05-10','11:01:17',NULL,7,1),(1917,'2013-05-10','11:01:22',NULL,1,5),(1918,'2013-05-10','11:35:46',NULL,7,5),(1919,'2013-05-10','11:35:52',NULL,1,1),(1920,'2013-05-10','12:30:16',NULL,1,5),(1921,'2013-05-10','12:35:44',NULL,7,5),(1922,'2013-05-10','12:35:56',NULL,1,1),(1923,'2013-05-10','13:39:53',NULL,7,5),(1924,'2013-05-10','13:40:03',NULL,1,7),(1925,'2013-05-10','13:44:12',NULL,1,5),(1926,'2013-05-13','12:44:09',NULL,7,7),(1927,'2013-05-13','12:44:15',NULL,1,5),(1928,'2013-05-13','12:44:38',NULL,7,5),(1929,'2013-05-13','12:44:44',NULL,1,7),(1930,'2013-05-14','10:06:40',NULL,1,1),(1931,'2013-05-14','10:44:11',NULL,7,7),(1932,'2013-05-14','11:32:44',NULL,1,1),(1933,'2013-05-14','11:43:01',NULL,7,1),(1934,'2013-05-14','12:13:17',NULL,1,1),(1935,'2013-05-15','16:57:23',NULL,1,7),(1936,'2013-05-15','17:19:47',NULL,7,1),(1937,'2013-05-15','17:19:56',NULL,1,5),(1938,'2013-05-15','17:22:14',NULL,1,5),(1939,'2013-05-15','18:27:13',NULL,7,5),(1940,'2013-05-15','18:27:26',NULL,1,7),(1941,'2013-05-16','10:25:15','2013-05-15',2,5),(1942,'2013-05-16','10:34:39',NULL,7,1),(1943,'2013-05-16','10:34:46',NULL,1,5),(1944,'2013-05-16','10:40:58',NULL,7,5),(1945,'2013-05-16','10:41:05',NULL,1,1),(1946,'2013-05-16','10:59:07',NULL,7,5),(1947,'2013-05-16','10:59:12',NULL,1,5),(1948,'2013-05-16','10:59:36',NULL,7,5),(1949,'2013-05-16','10:59:40',NULL,1,5),(1950,'2013-05-16','11:07:29',NULL,1,5),(1951,'2013-05-16','12:27:38',NULL,7,5),(1952,'2013-05-16','12:27:53',NULL,1,7),(1953,'2013-05-16','13:02:03',NULL,1,5),(1954,'2013-05-16','13:03:11',NULL,7,5),(1955,'2013-05-16','13:03:18',NULL,1,7),(1956,'2013-05-16','13:14:26',NULL,7,7),(1957,'2013-05-16','13:14:30',NULL,1,5),(1958,'2013-05-16','13:15:43',NULL,7,5),(1959,'2013-05-16','13:15:49',NULL,1,7),(1960,'2013-05-16','13:17:07',NULL,7,7),(1961,'2013-05-16','13:17:12',NULL,1,5),(1962,'2013-05-16','13:20:45',NULL,7,7),(1963,'2013-05-16','13:20:53',NULL,1,5),(1964,'2013-05-16','13:26:32',NULL,7,5),(1965,'2013-05-16','13:26:37',NULL,1,7),(1966,'2013-05-16','13:27:59',NULL,7,7),(1967,'2013-05-16','13:28:07',NULL,1,5),(1968,'2013-05-16','13:28:16',NULL,7,5),(1969,'2013-05-16','13:28:22',NULL,1,7),(1970,'2013-05-16','13:32:44',NULL,7,7),(1971,'2013-05-16','13:32:48',NULL,1,5),(1972,'2013-05-16','13:34:03',NULL,7,5),(1973,'2013-05-16','13:34:12',NULL,1,7),(1974,'2013-05-16','13:36:58',NULL,7,7),(1975,'2013-05-16','13:37:02',NULL,1,5),(1976,'2013-05-16','13:42:38',NULL,1,5),(1977,'2013-05-16','14:49:35',NULL,7,5),(1978,'2013-05-16','14:49:44',NULL,1,7),(1979,'2013-05-16','14:52:51',NULL,1,1),(1980,'2013-05-16','14:53:15',NULL,7,7),(1981,'2013-05-16','14:53:27',NULL,1,7),(1982,'2013-05-16','15:32:28',NULL,7,7),(1983,'2013-05-16','15:32:33',NULL,1,5),(1984,'2013-05-16','15:33:08',NULL,1,1),(1985,'2013-05-16','16:08:44',NULL,1,1),(1986,'2013-05-16','16:21:29',NULL,7,1),(1987,'2013-05-16','16:21:33',NULL,1,5),(1988,'2013-05-16','16:33:26',NULL,1,1),(1989,'2013-05-16','16:42:26','2013-05-11',2,5),(1990,'2013-05-16','16:47:31','2013-05-11',4,5),(1991,'2013-05-16','17:37:53',NULL,7,5),(1992,'2013-05-16','17:37:57',NULL,1,1),(1993,'2013-05-16','17:38:06',NULL,7,1),(1994,'2013-05-16','17:40:42',NULL,1,5),(1995,'2013-05-16','17:53:44',NULL,1,5),(1999,'2013-05-16','18:20:12','2013-05-15',8,5),(2000,'2013-05-17','10:20:34',NULL,7,5),(2001,'2013-05-17','10:20:38',NULL,1,1),(2002,'2013-05-17','10:30:25',NULL,1,7),(2005,'2013-05-17','10:35:29',NULL,1,1),(2006,'2013-05-17','10:40:08',NULL,7,1),(2007,'2013-05-17','10:44:56',NULL,7,1),(2008,'2013-05-17','10:45:03',NULL,1,1),(2009,'2013-05-17','10:46:57',NULL,7,1),(2010,'2013-05-17','10:47:03',NULL,1,1),(2011,'2013-05-17','10:56:30',NULL,7,1),(2012,'2013-05-17','10:56:38',NULL,1,1),(2013,'2013-05-17','10:56:40',NULL,7,1),(2014,'2013-05-17','15:06:24',NULL,1,7),(2015,'2013-05-17','15:21:30',NULL,7,7),(2016,'2013-05-17','15:21:43',NULL,1,1),(2017,'2013-05-17','16:21:59',NULL,1,7),(2018,'2013-05-17','17:17:25',NULL,7,7),(2019,'2013-05-17','17:17:37',NULL,1,5),(2020,'2013-05-17','19:05:55',NULL,1,1),(2021,'2013-05-17','19:13:34',NULL,7,1),(2022,'2013-05-17','19:13:40',NULL,1,5),(2023,'2013-05-17','19:15:33',NULL,7,5),(2024,'2013-05-17','19:15:37',NULL,1,1),(2025,'2013-05-17','19:20:40',NULL,1,1),(2026,'2013-05-20','11:57:03',NULL,1,1),(2027,'2013-05-20','12:07:28',NULL,1,1),(2028,'2013-05-20','12:08:59',NULL,1,1),(2029,'2013-05-20','12:10:11',NULL,1,1),(2030,'2013-05-20','12:38:20',NULL,1,1),(2031,'2013-05-20','12:38:51',NULL,1,1),(2032,'2013-05-20','14:20:29',NULL,1,1),(2033,'2013-05-20','17:11:11',NULL,7,1),(2034,'2013-05-20','17:11:21',NULL,1,1),(2035,'2013-05-21','11:20:24',NULL,7,1),(2036,'2013-05-21','11:20:30',NULL,1,6),(2037,'2013-05-21','11:26:35',NULL,7,6),(2038,'2013-05-21','11:26:41',NULL,1,5),(2039,'2013-05-21','11:26:47',NULL,7,5),(2040,'2013-05-21','11:26:51',NULL,1,8),(2041,'2013-05-21','11:27:02','2013-05-20',2,8),(2042,'2013-05-21','11:27:15','2013-05-20',3,8),(2043,'2013-05-21','11:28:40','2013-05-20',4,8),(2044,'2013-05-21','11:28:42',NULL,7,8),(2045,'2013-05-21','11:28:47',NULL,1,6),(2046,'2013-05-22','11:23:40',NULL,1,1),(2047,'2013-05-22','11:28:53',NULL,1,1),(2048,'2013-05-22','14:34:00',NULL,1,1),(2049,'2013-05-22','15:27:46',NULL,7,1),(2050,'2013-05-22','15:59:14',NULL,1,1),(2051,'2013-05-22','17:18:21',NULL,7,1),(2052,'2013-05-22','18:03:24',NULL,1,1),(2053,'2013-05-22','18:04:59',NULL,7,1),(2054,'2013-05-22','18:05:07',NULL,1,7),(2055,'2013-05-22','18:05:25',NULL,7,7),(2056,'2013-05-22','18:28:45',NULL,1,1),(2057,'2013-05-22','18:29:29',NULL,7,1),(2058,'2013-05-22','18:29:36',NULL,1,7),(2059,'2013-05-23','10:35:34',NULL,1,1),(2060,'2013-05-23','10:38:55',NULL,1,1),(2061,'2013-05-23','10:39:00',NULL,7,1),(2062,'2013-05-23','10:39:08',NULL,1,6),(2063,'2013-05-23','11:33:53',NULL,1,1),(2064,'2013-05-23','11:56:29',NULL,7,1),(2065,'2013-05-23','11:56:37',NULL,1,7),(2066,'2013-05-23','11:59:08',NULL,7,7),(2067,'2013-05-23','12:12:38',NULL,1,1),(2068,'2013-05-23','12:20:04',NULL,1,5),(2069,'2013-05-23','12:23:19',NULL,1,5),(2070,'2013-05-23','12:32:38',NULL,7,5),(2071,'2013-05-23','12:32:46',NULL,1,1),(2072,'2013-05-23','16:01:35',NULL,1,1),(2073,'2013-05-23','16:30:57',NULL,7,1),(2074,'2013-05-23','16:53:33',NULL,7,6),(2075,'2013-05-23','16:53:40',NULL,1,1),(2076,'2013-05-24','10:08:13',NULL,7,1),(2077,'2013-05-24','10:09:20',NULL,1,5),(2078,'2013-05-24','12:00:00',NULL,9,5),(2079,'2013-05-24','10:17:59',NULL,7,5),(2080,'2013-05-24','10:18:04',NULL,1,1),(2081,'2013-05-24','11:12:39',NULL,1,1),(2082,'2013-05-24','17:17:33',NULL,1,1),(2083,'2013-05-24','17:17:55',NULL,1,1),(2084,'2013-05-24','18:24:46',NULL,1,1),(2085,'2013-05-27','10:05:25',NULL,1,5),(2086,'2013-05-27','11:10:14',NULL,1,6),(2087,'2013-05-27','11:49:08',NULL,7,6),(2088,'2013-05-27','11:57:05',NULL,7,1),(2089,'2013-05-27','11:57:11',NULL,1,5),(2090,'2013-05-27','12:39:14',NULL,7,1),(2091,'2013-05-27','12:39:36',NULL,1,1),(2092,'2013-05-27','14:02:43',NULL,1,5),(2093,'2013-05-27','14:03:06',NULL,7,5),(2094,'2013-05-27','14:03:30',NULL,1,1),(2095,'2013-05-27','14:50:24',NULL,7,5),(2096,'2013-05-27','14:50:30',NULL,1,1),(2097,'2013-05-27','14:52:20',NULL,7,1),(2098,'2013-05-27','14:52:27',NULL,1,5),(2099,'2013-05-27','15:54:32',NULL,1,1),(2100,'2013-05-27','17:12:44',NULL,7,5),(2101,'2013-05-27','17:12:49',NULL,1,1),(2102,'2013-05-27','17:17:52',NULL,7,1),(2103,'2013-05-27','17:18:00',NULL,1,5),(2104,'2013-05-27','17:22:36',NULL,7,5),(2105,'2013-05-27','17:22:43',NULL,1,1),(2106,'2013-05-27','17:36:58',NULL,1,1),(2107,'2013-05-27','17:37:04',NULL,7,1),(2108,'2013-05-27','17:37:18',NULL,1,1),(2109,'2013-05-28','10:58:25',NULL,7,1),(2110,'2013-05-28','10:58:58',NULL,1,5),(2111,'2013-05-28','11:37:18',NULL,7,5),(2112,'2013-05-28','11:37:23',NULL,1,1),(2113,'2013-05-28','11:37:38',NULL,7,1),(2114,'2013-05-28','11:37:43',NULL,1,5),(2115,'2013-05-28','12:01:25',NULL,7,5),(2116,'2013-05-28','12:01:30',NULL,1,1),(2117,'2013-05-28','12:26:28',NULL,7,1),(2118,'2013-05-28','12:26:41',NULL,1,5),(2119,'2013-05-28','12:26:49',NULL,7,5),(2120,'2013-05-28','12:26:55',NULL,1,1),(2121,'2013-05-28','12:47:46',NULL,7,1),(2122,'2013-05-28','12:47:53',NULL,1,5),(2123,'2013-05-28','12:47:59',NULL,7,5),(2124,'2013-05-28','12:48:04',NULL,1,1),(2125,'2013-05-28','13:37:19',NULL,7,1),(2126,'2013-05-28','13:37:25',NULL,1,5),(2127,'2013-05-28','13:47:26',NULL,7,1),(2128,'2013-05-28','13:48:45',NULL,1,1),(2129,'2013-05-28','14:24:38',NULL,7,1),(2130,'2013-05-28','14:24:47',NULL,1,5),(2131,'2013-05-28','14:31:32',NULL,7,5),(2132,'2013-05-28','14:31:36',NULL,1,1),(2133,'2013-05-28','15:15:08',NULL,1,1),(2134,'2013-05-28','15:22:15',NULL,7,1),(2135,'2013-05-28','15:22:21',NULL,1,5),(2137,'2013-05-28','15:22:59',NULL,7,5),(2138,'2013-05-28','15:23:04',NULL,1,1),(2139,'2013-05-28','15:47:52',NULL,7,1),(2140,'2013-05-28','15:47:56',NULL,1,5),(2146,'2013-05-28','16:23:18',NULL,7,5),(2147,'2013-05-28','16:23:23',NULL,1,5),(2150,'2013-05-28','10:35:00',NULL,9,5),(2151,'2013-05-28','16:31:31',NULL,7,5),(2152,'2013-05-28','16:31:36',NULL,1,1),(2153,'2013-05-28','17:10:25',NULL,7,5),(2154,'2013-05-28','17:10:29',NULL,1,1),(2155,'2013-05-28','17:12:47',NULL,1,1),(2156,'2013-05-29','10:17:00',NULL,1,1),(2157,'2013-05-29','14:50:20',NULL,1,5),(2162,'2013-05-29','15:27:51',NULL,7,5),(2163,'2013-05-29','15:27:55',NULL,1,5),(2177,'2013-05-29','09:35:00',NULL,9,5),(2178,'2013-05-30','09:31:44',NULL,1,1),(2179,'2013-05-31','11:58:25',NULL,1,6),(2182,'2013-05-31','12:35:45',NULL,1,8),(2183,'2013-05-31','12:35:47',NULL,7,8),(2184,'2013-05-31','12:38:30',NULL,1,5),(2185,'2013-05-31','09:00:00',NULL,9,5),(2186,'2013-05-31','13:01:55',NULL,7,1),(2187,'2013-05-31','13:02:10',NULL,1,6),(2188,'2013-05-31','13:04:22',NULL,7,1),(2189,'2013-05-31','13:04:28',NULL,1,6),(2190,'2013-05-31','15:00:18',NULL,7,6),(2191,'2013-05-31','15:04:25',NULL,1,6),(2192,'2013-06-03','16:00:30',NULL,7,7),(2193,'2013-06-03','16:00:34',NULL,1,1),(2204,'2013-06-03','08:00:00',NULL,9,5),(2205,'2013-06-03','17:47:00','2013-06-02',2,5),(2206,'2013-06-03','18:00:00','2013-06-02',3,5),(2207,'2013-06-03','18:00:00','2013-06-01',4,5),(2208,'2013-06-03','18:02:00','2013-06-02',8,5),(2209,'2013-06-03','19:05:00',NULL,7,1),(2210,'2013-06-03','19:05:10',NULL,1,5),(2211,'2013-06-04','10:04:59',NULL,7,7),(2212,'2013-06-04','10:05:04',NULL,1,1),(2213,'2013-06-04','12:00:30',NULL,7,7),(2214,'2013-06-04','12:00:38',NULL,1,4),(2215,'2013-06-04','08:00:00',NULL,9,5),(2216,'2013-06-05','12:01:16',NULL,1,2),(2217,'2013-06-05','08:00:00',NULL,9,5),(2218,'2013-06-05','10:00:00',NULL,9,8),(2219,'2013-06-05','13:02:37','2013-06-05',2,5),(2220,'2013-06-05','13:04:08','2013-06-04',3,5),(2221,'2013-06-05','13:07:30',NULL,7,2),(2222,'2013-06-05','13:07:38',NULL,1,5),(2223,'2013-06-05','13:21:03',NULL,7,5),(2224,'2013-06-05','17:04:45',NULL,1,1),(2225,'2013-06-05','17:32:56',NULL,1,1),(2228,'2013-06-05','17:48:51',NULL,1,4),(2229,'2013-06-05','17:49:25','2013-06-03',2,4),(2230,'2013-06-05','17:49:37','2013-06-03',3,4),(2231,'2013-06-05','17:50:05','2013-06-03',4,4),(2232,'2013-06-05','17:50:33','2013-06-04',2,4),(2233,'2013-06-05','17:55:39',NULL,7,2),(2234,'2013-06-05','17:55:45',NULL,1,6),(2235,'2013-06-05','18:00:02',NULL,7,1),(2236,'2013-06-05','18:00:10',NULL,1,6),(2237,'2013-06-05','18:08:34',NULL,7,4),(2238,'2013-06-05','18:08:38',NULL,1,5),(2239,'2013-06-05','18:09:05','2013-06-02',3,5),(2240,'2013-06-05','18:09:33','2013-06-02',4,5),(2241,'2013-06-05','18:10:08','2013-06-03',3,5),(2242,'2013-06-05','18:11:42','2013-06-03',4,5),(2243,'2013-06-05','18:12:16','2013-06-04',4,5),(2244,'2013-06-05','18:22:54',NULL,7,6),(2245,'2013-06-05','18:22:59',NULL,1,7),(2246,'2013-06-05','19:00:55',NULL,7,7),(2247,'2013-06-05','19:01:05',NULL,1,1),(2248,'2013-06-05','19:01:10',NULL,7,1),(2249,'2013-06-05','19:01:20',NULL,1,7),(2250,'2013-06-05','19:40:19',NULL,7,1),(2251,'2013-06-05','19:40:27',NULL,1,1),(2254,'2013-06-06','13:17:00',NULL,1,1),(2255,'2013-06-06','13:21:44',NULL,7,7),(2256,'2013-06-06','13:21:51',NULL,1,6),(2257,'2013-06-06','13:21:53',NULL,7,6),(2258,'2013-06-06','13:21:57',NULL,1,7),(2259,'2013-06-06','14:39:09',NULL,1,1),(2260,'2013-06-06','14:50:28',NULL,7,1),(2261,'2013-06-06','14:50:36',NULL,1,1),(2262,'2013-06-07','11:59:06',NULL,1,1),(2263,'2013-06-07','17:14:17',NULL,1,1),(2264,'2013-06-10','11:34:47',NULL,7,1),(2265,'2013-06-10','11:34:55',NULL,1,7),(2266,'2013-06-10','12:25:29',NULL,1,7),(2267,'2013-06-10','16:12:23',NULL,1,1),(2268,'2013-06-10','16:25:41',NULL,1,1),(2269,'2013-06-10','16:25:45',NULL,7,1),(2270,'2013-06-10','16:25:51',NULL,1,7),(2271,'2013-06-10','16:41:45',NULL,7,7),(2272,'2013-06-10','16:41:57',NULL,1,7),(2273,'2013-06-10','16:43:08',NULL,7,7),(2274,'2013-06-10','16:43:12',NULL,1,1),(2275,'2013-06-10','16:44:12',NULL,7,1),(2276,'2013-06-10','16:44:21',NULL,1,7),(2277,'2013-06-10','16:44:35',NULL,1,1),(2278,'2013-06-10','16:45:56',NULL,7,1),(2279,'2013-06-10','16:46:05',NULL,1,7),(2280,'2013-06-10','16:52:24',NULL,7,7),(2281,'2013-06-10','16:52:32',NULL,1,1),(2282,'2013-06-10','17:12:04',NULL,7,1),(2283,'2013-06-10','17:12:08',NULL,1,7),(2284,'2013-06-10','17:37:59',NULL,1,7),(2285,'2013-06-10','17:39:20',NULL,7,7),(2286,'2013-06-10','17:39:32',NULL,1,7),(2287,'2013-06-10','17:39:58',NULL,7,7),(2288,'2013-06-10','17:40:17',NULL,7,7),(2289,'2013-06-10','17:40:24',NULL,1,5),(2290,'2013-06-10','17:41:00',NULL,1,8),(2291,'2013-06-10','17:43:40',NULL,1,7),(2294,'2013-06-10','17:46:55',NULL,1,5),(2295,'2013-06-10','17:46:53',NULL,7,7),(2296,'2013-06-10','17:46:57',NULL,1,1),(2297,'2013-06-10','17:48:06',NULL,1,5),(2298,'2013-06-10','17:48:15',NULL,7,5),(2299,'2013-06-10','18:03:05',NULL,7,1),(2300,'2013-06-10','18:03:55',NULL,7,7),(2301,'2013-06-10','18:04:00',NULL,1,1),(2302,'2013-06-10','18:30:10',NULL,1,1),(2303,'2013-06-10','18:52:28',NULL,7,1),(2304,'2013-06-10','18:52:35',NULL,1,7),(2305,'2013-06-10','19:08:03',NULL,7,7),(2306,'2013-06-10','19:08:08',NULL,1,7),(2307,'2013-06-11','09:35:59',NULL,7,1),(2308,'2013-06-11','09:36:09',NULL,1,7),(2309,'2013-06-11','10:22:27',NULL,7,7),(2310,'2013-06-11','10:22:37',NULL,1,7),(2311,'2013-06-11','10:27:22',NULL,1,1),(2312,'2013-06-11','10:56:30',NULL,1,5),(2313,'2013-06-11','10:56:38',NULL,7,5),(2314,'2013-06-11','10:56:41',NULL,1,1),(2315,'2013-06-11','11:10:21',NULL,7,7),(2317,'2013-06-11','11:12:59',NULL,1,1),(2318,'2013-06-11','11:13:01',NULL,7,1),(2319,'2013-06-11','11:13:06',NULL,1,2),(2320,'2013-06-11','11:38:24',NULL,7,1),(2321,'2013-06-11','11:38:32',NULL,1,7),(2322,'2013-06-11','11:40:02',NULL,7,7),(2323,'2013-06-11','11:40:12',NULL,1,6),(2324,'2013-06-11','11:40:54',NULL,7,6),(2325,'2013-06-11','11:41:05',NULL,1,5),(2326,'2013-06-11','11:42:10',NULL,7,5),(2327,'2013-06-11','11:42:19',NULL,1,10),(2328,'2013-06-11','12:54:49',NULL,7,1),(2329,'2013-06-11','12:54:53',NULL,1,7),(2330,'2013-06-11','12:57:58',NULL,7,7),(2331,'2013-06-11','12:58:05',NULL,1,1),(2332,'2013-06-11','13:34:45',NULL,1,1),(2333,'2013-06-11','14:19:46',NULL,7,10),(2334,'2013-06-11','14:19:56',NULL,1,1),(2335,'2013-06-11','16:55:43',NULL,7,1),(2336,'2013-06-11','16:55:51',NULL,1,10),(2337,'2013-06-12','11:17:01',NULL,1,7),(2338,'2013-06-12','15:27:52',NULL,7,10),(2339,'2013-06-12','15:27:59',NULL,1,1),(2340,'2013-06-12','15:34:20',NULL,7,7),(2341,'2013-06-12','15:34:24',NULL,1,1),(2342,'2013-06-12','15:38:48',NULL,1,7),(2343,'2013-06-12','15:49:30',NULL,7,7),(2344,'2013-06-12','15:55:17',NULL,1,1),(2345,'2013-06-12','16:40:32',NULL,1,1),(2346,'2013-06-13','12:04:44',NULL,1,1),(2347,'2013-06-13','12:32:50',NULL,1,7),(2348,'2013-06-13','14:43:22',NULL,1,1),(2349,'2013-06-13','17:24:15',NULL,1,7),(2350,'2013-06-14','11:43:19',NULL,7,1),(2351,'2013-06-14','11:43:24',NULL,1,7),(2352,'2013-06-14','12:27:53',NULL,1,1),(2353,'2013-06-14','16:34:30',NULL,1,1),(2354,'2013-06-17','15:07:37',NULL,1,1),(2355,'2013-06-17','15:11:32',NULL,7,1),(2356,'2013-06-17','15:19:17',NULL,1,1),(2357,'2013-06-17','15:24:12',NULL,7,1),(2358,'2013-06-17','15:24:17',NULL,1,7),(2359,'2013-06-18','11:29:04',NULL,7,7),(2360,'2013-06-18','12:14:33',NULL,1,1),(2361,'2013-06-18','18:44:34',NULL,1,1),(2362,'2013-06-18','23:52:45',NULL,1,1),(2363,'2013-06-19','00:50:13',NULL,1,1),(2364,'2013-06-19','17:18:04',NULL,1,1),(2365,'2013-06-19','12:19:12',NULL,1,1),(2366,'2013-06-19','12:19:17',NULL,7,1),(2367,'2013-06-19','12:19:22',NULL,1,7),(2368,'2013-06-19','19:56:46',NULL,1,10),(2369,'2013-06-19','19:57:17',NULL,7,10),(2370,'2013-06-19','19:57:29',NULL,1,1),(2371,'2013-06-19','19:57:45',NULL,7,1),(2372,'2013-06-19','19:57:56',NULL,1,10),(2373,'2013-06-19','20:09:45',NULL,1,1),(2374,'2013-06-19','21:30:00',NULL,1,1),(2375,'2013-06-20','01:21:37',NULL,1,1),(2376,'2013-06-20','01:21:51',NULL,7,1),(2377,'2013-06-20','01:26:00',NULL,7,1),(2378,'2013-06-20','01:31:37',NULL,7,1),(2379,'2013-06-20','01:34:30',NULL,7,1),(2380,'2013-06-20','01:50:51',NULL,7,1),(2381,'2013-06-20','01:52:53',NULL,1,1),(2382,'2013-06-20','02:03:53',NULL,7,1),(2383,'2013-06-20','02:06:40',NULL,1,1),(2384,'2013-06-20','02:06:58',NULL,7,1),(2385,'2013-06-20','02:10:43',NULL,1,1),(2386,'2013-06-20','17:30:38',NULL,1,1),(2387,'2013-06-20','17:32:12',NULL,7,1),(2388,'2013-06-20','17:32:19',NULL,1,1),(2389,'2013-06-20','17:32:47',NULL,7,1),(2390,'2013-06-20','17:33:05',NULL,1,1),(2391,'2013-06-20','17:33:56',NULL,1,1),(2392,'2013-06-20','17:34:10',NULL,7,1),(2393,'2013-06-20','11:18:14',NULL,1,1),(2394,'2013-06-20','18:33:30',NULL,1,1),(2395,'2013-06-20','18:34:55',NULL,1,1),(2396,'2013-06-20','18:36:38',NULL,1,1),(2397,'2013-06-20','18:41:15',NULL,1,1),(2398,'2013-06-20','18:42:24',NULL,1,1),(2399,'2013-06-20','18:47:10',NULL,1,1),(2400,'2013-06-20','18:48:07',NULL,1,1),(2401,'2013-06-20','18:50:55',NULL,1,1),(2402,'2013-06-20','18:51:21',NULL,1,1),(2403,'2013-06-20','18:52:01',NULL,1,1),(2404,'2013-06-20','18:54:51',NULL,1,1),(2405,'2013-06-20','18:56:51',NULL,1,1),(2406,'2013-06-20','18:59:49',NULL,1,1),(2407,'2013-06-20','19:08:06',NULL,1,1),(2408,'2013-06-20','19:08:51',NULL,1,1),(2409,'2013-06-20','19:10:58',NULL,1,1),(2410,'2013-06-20','19:11:03',NULL,7,1),(2411,'2013-06-20','19:11:09',NULL,1,1),(2412,'2013-06-20','19:11:56',NULL,1,1),(2413,'2013-06-20','19:15:12',NULL,1,1),(2414,'2013-06-20','19:24:31',NULL,1,1),(2415,'2013-06-20','19:27:16',NULL,1,1),(2416,'2013-06-20','19:27:23',NULL,7,1),(2417,'2013-06-20','19:27:30',NULL,1,1),(2418,'2013-06-20','19:30:42',NULL,1,1),(2419,'2013-06-20','19:30:44',NULL,7,1),(2420,'2013-06-20','19:30:59',NULL,1,1),(2421,'2013-06-20','19:31:59',NULL,1,1),(2422,'2013-06-20','19:53:24',NULL,1,1),(2423,'2013-06-20','20:21:16',NULL,1,1),(2424,'2013-06-20','20:58:34',NULL,1,1),(2425,'2013-06-20','20:59:27',NULL,1,1),(2426,'2013-06-20','21:00:56',NULL,1,1),(2427,'2013-06-20','21:02:25',NULL,1,1),(2428,'2013-06-20','21:05:14',NULL,1,1),(2429,'2013-06-20','21:06:19',NULL,1,1),(2430,'2013-06-20','21:06:44',NULL,1,1),(2431,'2013-06-20','21:07:59',NULL,1,1),(2432,'2013-06-20','21:08:39',NULL,1,1),(2433,'2013-06-20','21:09:49',NULL,1,1),(2434,'2013-06-20','21:11:57',NULL,1,1),(2435,'2013-06-20','21:13:03',NULL,1,1),(2436,'2013-06-20','21:14:02',NULL,1,1),(2437,'2013-06-20','21:15:29',NULL,1,1),(2438,'2013-06-20','21:17:38',NULL,1,1),(2439,'2013-06-20','21:18:31',NULL,1,1),(2440,'2013-06-20','21:20:34',NULL,1,1),(2441,'2013-06-20','21:23:47',NULL,1,1),(2442,'2013-06-20','21:24:22',NULL,1,1),(2443,'2013-06-20','21:26:12',NULL,1,1),(2444,'2013-06-20','21:26:53',NULL,1,1),(2445,'2013-06-20','21:27:20',NULL,1,1),(2446,'2013-06-20','21:28:07',NULL,1,1),(2447,'2013-06-20','21:29:57',NULL,1,1),(2448,'2013-06-20','21:30:27',NULL,1,1),(2449,'2013-06-20','21:31:15',NULL,1,1),(2450,'2013-06-20','21:32:10',NULL,1,1),(2451,'2013-06-20','21:32:32',NULL,1,1),(2452,'2013-06-20','21:33:07',NULL,1,1),(2453,'2013-06-20','21:34:11',NULL,1,1),(2454,'2013-06-20','21:34:52',NULL,1,1),(2455,'2013-06-20','21:40:30',NULL,1,1),(2456,'2013-06-20','21:41:29',NULL,1,1),(2457,'2013-06-20','21:42:43',NULL,1,1),(2458,'2013-06-20','21:43:29',NULL,1,1),(2459,'2013-06-20','21:44:27',NULL,1,1),(2460,'2013-06-20','21:45:08',NULL,1,1),(2461,'2013-06-20','21:47:05',NULL,1,1),(2462,'2013-06-20','21:47:56',NULL,1,1),(2463,'2013-06-20','21:48:19',NULL,1,1),(2464,'2013-06-20','21:48:42',NULL,1,1),(2465,'2013-06-20','21:49:58',NULL,1,1),(2466,'2013-06-20','21:52:47',NULL,1,1),(2467,'2013-06-20','21:53:54',NULL,1,1),(2468,'2013-06-20','21:59:26',NULL,1,1),(2469,'2013-06-20','21:59:55',NULL,1,1),(2470,'2013-06-21','00:30:48',NULL,1,1),(2471,'2013-06-21','00:31:27',NULL,1,1),(2472,'2013-06-21','00:33:52',NULL,1,1),(2473,'2013-06-21','00:34:26',NULL,1,1),(2474,'2013-06-21','00:36:27',NULL,1,1),(2475,'2013-06-21','00:37:18',NULL,1,1),(2476,'2013-06-21','00:40:44',NULL,1,1),(2477,'2013-06-21','00:44:36',NULL,1,1),(2478,'2013-06-21','10:29:46',NULL,1,5),(2479,'2013-06-21','10:41:49',NULL,7,5),(2480,'2013-06-21','10:41:55',NULL,1,1),(2481,'2013-06-21','13:33:23',NULL,7,1),(2482,'2013-06-21','15:40:11',NULL,1,7),(2483,'2013-06-25','17:56:30',NULL,1,7),(2484,'2013-06-25','11:29:00',NULL,7,7),(2485,'2013-06-25','11:29:06',NULL,1,1),(2486,'2013-06-25','18:00:28',NULL,1,1),(2487,'2013-06-25','18:18:35',NULL,7,1),(2488,'2013-06-25','18:18:43',NULL,1,1),(2489,'2013-06-25','18:18:53',NULL,7,1),(2490,'2013-06-25','18:18:59',NULL,1,7),(2491,'2013-06-25','12:30:52',NULL,7,1),(2492,'2013-06-25','12:30:57',NULL,1,7),(2493,'2013-06-25','12:57:30',NULL,7,7),(2494,'2013-06-25','12:57:35',NULL,1,5),(2495,'2013-06-25','12:57:57',NULL,7,5),(2496,'2013-06-25','12:58:02',NULL,1,7),(2497,'2013-06-26','17:15:29',NULL,1,7),(2498,'2013-06-26','18:32:32',NULL,1,7),(2499,'2013-06-26','17:18:42',NULL,1,1),(2500,'2013-06-26','18:00:38',NULL,1,1),(2501,'2013-06-27','16:59:18',NULL,1,7),(2502,'2013-06-27','12:51:31',NULL,1,1),(2503,'2013-06-27','12:51:34',NULL,7,1),(2504,'2013-06-27','12:51:38',NULL,1,7),(2505,'2013-06-27','12:57:24',NULL,7,1),(2506,'2013-06-27','12:57:35',NULL,1,7),(2507,'2013-06-27','18:45:56',NULL,1,1),(2508,'2013-06-27','18:46:03',NULL,7,1),(2509,'2013-06-27','18:46:11',NULL,1,7),(2510,'2013-06-28','01:32:29',NULL,1,7),(2511,'2013-06-28','17:03:23',NULL,1,7),(2512,'2013-06-28','18:11:17',NULL,7,7),(2513,'2013-06-28','18:12:04',NULL,1,7),(2514,'2013-06-28','20:53:12',NULL,1,7),(2515,'2013-06-28','16:07:06',NULL,1,7),(2516,'2013-07-01','16:13:48',NULL,1,7),(2517,'2013-07-02','17:30:51',NULL,1,7),(2518,'2013-07-02','12:09:21',NULL,7,7),(2519,'2013-07-02','12:09:41',NULL,1,5),(2520,'2013-07-02','12:09:55','2013-07-01',2,5),(2521,'2013-07-02','12:10:25','2013-07-01',3,5),(2522,'2013-07-02','12:12:25',NULL,1,1),(2523,'2013-07-02','15:18:15',NULL,1,1),(2524,'2013-07-02','15:18:36',NULL,7,1),(2525,'2013-07-02','15:18:41',NULL,1,5),(2526,'2013-07-02','16:28:27',NULL,7,5),(2527,'2013-07-02','16:28:32',NULL,1,1),(2528,'2013-07-02','17:27:31',NULL,7,5),(2529,'2013-07-02','17:27:36',NULL,1,1),(2530,'2013-07-02','18:19:14',NULL,7,1),(2531,'2013-07-02','18:26:02',NULL,1,7),(2532,'2013-07-02','18:29:16',NULL,1,7),(2533,'2013-07-02','18:31:32',NULL,1,7),(2534,'2013-07-03','17:39:51',NULL,1,7),(2535,'2013-07-03','11:46:11',NULL,1,7),(2536,'2013-07-03','11:47:08',NULL,1,7),(2537,'2013-07-03','12:37:22',NULL,1,7),(2538,'2013-07-03','14:28:27',NULL,1,1),(2539,'2013-07-03','16:23:52',NULL,1,7),(2540,'2013-07-03','16:45:32',NULL,1,7),(2541,'2013-07-03','16:50:09',NULL,1,7),(2542,'2013-07-03','17:08:13',NULL,1,7),(2543,'2013-07-04','17:23:03',NULL,1,1),(2544,'2013-07-04','18:00:48',NULL,1,7),(2545,'2013-07-08','20:55:58',NULL,1,7),(2546,'2013-07-09','14:27:30',NULL,1,7),(2547,'2013-07-10','00:12:13',NULL,1,1),(2548,'2013-07-10','00:12:52',NULL,7,1),(2549,'2013-07-10','00:13:04',NULL,1,6),(2550,'2013-07-10','10:51:16',NULL,1,1),(2551,'2013-07-10','11:59:24',NULL,1,1),(2552,'2013-07-10','20:39:57',NULL,1,7),(2553,'2013-07-10','16:17:53',NULL,7,1),(2554,'2013-07-10','16:17:59',NULL,1,7),(2555,'2013-07-10','23:15:56',NULL,1,1),(2556,'2013-07-10','17:56:40',NULL,7,7),(2557,'2013-07-10','17:56:48',NULL,1,1),(2558,'2013-07-10','18:24:18',NULL,7,1),(2559,'2013-07-10','18:24:23',NULL,1,7),(2560,'2013-07-10','19:13:54',NULL,7,7),(2561,'2013-07-10','19:14:04',NULL,1,1),(2562,'2013-07-10','19:19:04',NULL,7,1),(2563,'2013-07-10','19:19:08',NULL,1,5),(2564,'2013-07-10','19:20:17',NULL,7,5),(2565,'2013-07-10','19:20:23',NULL,1,7),(2566,'2013-07-10','20:08:19',NULL,7,7),(2567,'2013-07-10','20:08:50',NULL,1,1),(2568,'2013-07-10','20:28:24',NULL,7,1),(2569,'2013-07-10','20:28:29',NULL,1,7),(2570,'2013-07-11','11:17:10',NULL,7,7),(2571,'2013-07-11','11:17:15',NULL,1,5),(2572,'2013-07-11','11:21:00',NULL,7,5),(2573,'2013-07-11','11:21:06',NULL,1,1),(2574,'2013-07-11','11:21:15',NULL,7,1),(2575,'2013-07-11','11:21:21',NULL,1,6),(2576,'2013-07-11','11:21:23',NULL,7,6),(2577,'2013-07-11','11:21:26',NULL,1,5),(2578,'2013-07-12','17:18:51',NULL,1,7),(2579,'2013-07-12','15:05:02',NULL,1,7),(2580,'2013-07-12','15:06:20',NULL,1,7),(2581,'2013-07-12','15:14:14',NULL,1,7),(2582,'2013-07-12','15:19:17',NULL,7,7),(2583,'2013-07-12','15:19:39',NULL,1,7),(2584,'2013-07-12','15:22:43',NULL,1,1),(2585,'2013-07-12','15:23:22',NULL,7,1),(2586,'2013-07-12','15:41:32',NULL,1,7),(2587,'2013-07-12','15:41:38',NULL,7,7),(2588,'2013-07-12','15:41:54',NULL,1,1),(2589,'2013-07-12','15:43:43',NULL,1,1),(2590,'2013-07-12','15:44:14',NULL,7,1),(2591,'2013-07-12','15:56:22',NULL,1,1),(2592,'2013-07-12','17:43:07',NULL,7,7),(2593,'2013-07-12','17:43:12',NULL,1,7),(2594,'2013-07-13','00:19:33',NULL,7,7),(2595,'2013-07-13','00:19:43',NULL,1,5),(2596,'2013-07-13','00:21:01','2013-07-12',2,5),(2597,'2013-07-13','00:21:27','2013-07-11',2,5),(2598,'2013-07-13','00:21:46','2013-07-11',3,5),(2599,'2013-07-13','00:22:20','2013-07-11',4,5),(2600,'2013-07-13','18:00:00',NULL,10,5),(2601,'2013-07-12','17:54:31',NULL,7,7),(2602,'2013-07-12','17:54:36',NULL,1,7),(2603,'2013-07-12','17:54:55',NULL,7,7),(2604,'2013-07-12','17:54:59',NULL,1,5),(2605,'2013-07-12','08:00:00',NULL,9,5),(2606,'2013-07-13','00:25:19',NULL,7,5),(2607,'2013-07-12','17:55:28',NULL,7,5),(2608,'2013-07-12','17:55:34',NULL,1,1),(2609,'2013-07-13','00:25:32',NULL,1,7),(2610,'2013-07-13','10:45:44',NULL,1,5),(2611,'2013-07-15','18:17:00',NULL,1,1),(2612,'2013-07-15','18:27:25',NULL,7,1),(2613,'2013-07-15','18:27:35',NULL,1,6),(2614,'2013-07-15','18:29:37',NULL,7,6),(2615,'2013-07-15','18:29:48',NULL,1,5),(2616,'2013-07-15','18:41:59',NULL,7,5),(2617,'2013-07-15','18:43:07',NULL,1,1),(2618,'2013-07-15','12:25:24',NULL,1,5),(2619,'2013-07-15','19:03:50',NULL,1,1),(2620,'2013-07-15','12:43:02',NULL,1,1),(2621,'2013-07-15','20:51:04',NULL,7,1),(2622,'2013-07-15','20:51:17',NULL,1,5),(2623,'2013-07-15','15:22:39',NULL,1,1),(2624,'2013-07-15','16:39:30',NULL,7,5),(2625,'2013-07-15','16:39:34',NULL,1,7),(2626,'2013-07-15','16:47:49',NULL,7,7),(2627,'2013-07-15','16:47:53',NULL,1,5),(2628,'2013-07-15','16:48:41',NULL,7,5),(2629,'2013-07-15','16:51:06',NULL,1,1),(2630,'2013-07-15','16:51:20',NULL,7,1),(2631,'2013-07-15','16:51:34',NULL,1,1),(2632,'2013-07-15','16:51:37',NULL,7,1),(2633,'2013-07-15','17:23:30',NULL,1,1),(2634,'2013-07-15','18:00:26',NULL,7,1),(2635,'2013-07-15','18:58:04',NULL,1,1),(2636,'2013-07-15','18:58:20',NULL,1,1),(2637,'2013-07-16','17:16:08',NULL,1,1),(2638,'2013-07-16','17:16:31',NULL,7,1),(2639,'2013-07-16','17:16:37',NULL,1,5),(2640,'2013-07-16','17:16:41',NULL,7,5),(2641,'2013-07-16','17:16:53',NULL,1,7),(2642,'2013-07-16','17:17:00',NULL,7,7),(2643,'2013-07-16','17:17:05',NULL,1,1),(2644,'2013-07-16','17:17:15',NULL,7,1),(2645,'2013-07-16','17:17:21',NULL,1,6),(2646,'2013-07-16','17:17:34',NULL,7,6),(2647,'2013-07-16','17:18:52',NULL,1,5),(2648,'2013-07-16','17:20:05',NULL,7,5),(2649,'2013-07-16','17:20:10',NULL,1,1),(2650,'2013-07-16','18:57:18',NULL,7,1),(2651,'2013-07-16','18:58:07',NULL,1,1),(2652,'2013-07-17','16:10:27',NULL,1,1),(2653,'2013-07-18','01:04:46',NULL,1,1),(2654,'2013-07-18','09:40:11',NULL,1,1),(2655,'2013-07-18','17:29:52',NULL,1,1),(2656,'2013-07-19','17:40:15',NULL,1,1),(2657,'2013-07-19','18:33:18',NULL,7,1),(2658,'2013-07-19','18:33:29',NULL,1,6),(2659,'2013-07-19','18:35:40',NULL,1,5),(2660,'2013-07-19','18:36:02',NULL,7,5),(2661,'2013-07-19','18:38:42',NULL,7,6),(2662,'2013-07-19','18:38:52',NULL,1,6),(2663,'2013-07-19','18:41:27',NULL,7,6),(2664,'2013-07-19','18:41:36',NULL,1,6),(2665,'2013-07-19','18:43:04',NULL,1,5),(2666,'2013-07-19','21:19:47',NULL,7,5),(2667,'2013-07-19','21:19:56',NULL,1,1),(2668,'2013-07-19','16:54:02',NULL,1,1),(2669,'2013-07-20','00:14:52',NULL,1,1),(2670,'2013-07-20','00:19:54',NULL,7,1),(2671,'2013-07-20','00:20:36',NULL,1,1),(2672,'2013-07-22','17:06:56',NULL,1,6),(2673,'2013-07-22','17:11:22',NULL,7,6),(2674,'2013-07-22','17:12:07',NULL,1,1),(2675,'2013-07-22','17:23:36',NULL,7,1),(2676,'2013-07-22','17:23:56',NULL,1,6),(2677,'2013-07-22','17:24:32',NULL,1,1),(2678,'2013-07-22','17:29:24',NULL,7,6),(2679,'2013-07-22','17:29:33',NULL,1,5),(2680,'2013-07-22','17:29:48','2013-07-21',2,5),(2681,'2013-07-22','17:29:50',NULL,7,5),(2682,'2013-07-22','17:29:55',NULL,1,6),(2683,'2013-07-22','17:29:58',NULL,7,6),(2684,'2013-07-22','17:30:03',NULL,1,5),(2685,'2013-07-22','17:31:12','2013-07-21',3,5),(2686,'2013-07-22','17:31:31','2013-07-21',4,5),(2687,'2013-07-22','17:31:38',NULL,7,5),(2688,'2013-07-22','17:31:43',NULL,1,6),(2689,'2013-07-22','17:36:12',NULL,7,1),(2690,'2013-07-22','17:36:21',NULL,1,7),(2691,'2013-07-22','17:36:22',NULL,7,7),(2692,'2013-07-22','17:36:32',NULL,1,7),(2693,'2013-07-22','17:37:07',NULL,7,7),(2694,'2013-07-22','17:37:21',NULL,1,1),(2695,'2013-07-23','15:59:16',NULL,7,6),(2696,'2013-07-23','15:59:23',NULL,1,5),(2697,'2013-07-23','09:30:00',NULL,9,5),(2698,'2013-07-23','16:00:49','2013-07-23',2,5),(2699,'2013-07-23','16:03:37','2013-07-23',8,5),(2700,'2013-07-23','12:00:00',NULL,10,5),(2701,'2013-07-23','16:38:19',NULL,7,5),(2702,'2013-07-23','16:38:27',NULL,1,6),(2703,'2013-07-23','16:41:13',NULL,1,1),(2704,'2013-07-23','16:44:13',NULL,7,1),(2705,'2013-07-23','16:44:56',NULL,1,7),(2706,'2013-07-23','16:45:06',NULL,7,7),(2707,'2013-07-23','16:45:34',NULL,1,6),(2708,'2013-07-23','16:46:03',NULL,7,6),(2709,'2013-07-23','16:46:23',NULL,1,4),(2710,'2013-07-23','16:46:49',NULL,7,4),(2711,'2013-07-23','16:47:11',NULL,1,5),(2712,'2013-07-23','16:47:19',NULL,7,5),(2713,'2013-07-23','16:47:35',NULL,1,1),(2714,'2013-07-23','16:55:56',NULL,7,6),(2715,'2013-07-23','16:56:16',NULL,1,7),(2716,'2013-07-23','16:58:48',NULL,7,7),(2717,'2013-07-23','16:58:54',NULL,1,5),(2718,'2013-07-23','17:01:27','2013-07-21',4,5),(2719,'2013-07-23','17:02:27','2013-07-21',8,5),(2720,'2013-07-23','17:03:28',NULL,7,5),(2721,'2013-07-23','17:03:37',NULL,1,6),(2722,'2013-07-23','18:08:08',NULL,7,1),(2723,'2013-07-23','18:08:15',NULL,1,5),(2724,'2013-07-23','18:09:59','2013-07-23',8,5),(2725,'2013-07-23','18:10:37',NULL,7,5),(2726,'2013-07-23','18:10:43',NULL,1,1),(2727,'2013-07-23','18:49:57',NULL,7,1),(2728,'2013-07-23','18:50:03',NULL,1,5),(2729,'2013-07-23','19:00:22',NULL,1,1),(2730,'2013-07-23','20:39:15',NULL,7,6),(2731,'2013-07-23','20:39:32',NULL,1,6),(2732,'2013-07-23','20:40:33',NULL,7,6),(2733,'2013-07-23','20:42:32',NULL,1,6),(2734,'2013-07-23','20:43:04',NULL,1,1),(2735,'2013-07-23','21:13:31',NULL,7,1),(2736,'2013-07-23','21:13:41',NULL,1,7),(2737,'2013-07-23','21:19:18',NULL,7,7),(2738,'2013-07-23','21:19:24',NULL,1,5),(2739,'2013-07-23','14:51:04',NULL,7,1),(2740,'2013-07-23','14:51:10',NULL,1,6),(2741,'2013-07-23','15:35:54',NULL,1,6),(2742,'2013-07-23','15:39:01',NULL,7,6),(2743,'2013-07-23','15:39:09',NULL,1,7),(2744,'2013-07-23','17:09:41',NULL,7,7),(2745,'2013-07-24','00:36:55',NULL,7,5),(2746,'2013-07-24','00:37:02',NULL,1,5),(2747,'2013-07-24','00:44:41',NULL,1,6),(2748,'2013-07-24','00:46:41',NULL,7,6),(2749,'2013-07-24','00:46:48',NULL,1,5),(2750,'2013-07-24','00:52:54',NULL,7,5),(2751,'2013-07-24','00:52:59',NULL,1,1),(2752,'2013-07-23','18:39:22',NULL,1,1),(2753,'2013-07-25','17:19:14',NULL,1,1),(2754,'2013-07-25','18:01:16',NULL,1,5),(2755,'2013-07-25','18:01:29',NULL,7,5),(2756,'2013-07-25','18:01:37',NULL,1,6),(2757,'2013-07-25','18:02:13',NULL,1,1),(2758,'2013-07-25','18:28:05',NULL,1,6),(2759,'2013-07-25','15:00:15',NULL,7,1),(2760,'2013-07-25','15:00:21',NULL,1,1),(2761,'2013-07-25','15:03:26',NULL,7,1),(2762,'2013-07-25','15:03:31',NULL,1,1),(2763,'2013-07-25','15:03:57',NULL,7,1),(2764,'2013-07-25','15:04:03',NULL,1,1),(2765,'2013-07-25','15:04:14',NULL,7,1),(2766,'2013-07-25','15:04:19',NULL,1,1),(2767,'2013-07-26','00:20:45',NULL,1,1),(2768,'2013-07-26','00:25:01',NULL,7,6),(2769,'2013-07-26','00:25:09',NULL,1,7),(2770,'2013-07-26','00:27:33',NULL,7,7),(2771,'2013-07-26','00:27:41',NULL,1,5),(2772,'2013-07-26','00:46:57',NULL,7,1),(2773,'2013-07-26','00:47:01',NULL,7,5),(2774,'2013-07-25','19:09:24',NULL,7,1),(2775,'2013-07-25','19:11:59',NULL,1,1),(2776,'2013-07-25','19:12:00',NULL,7,1),(2778,'2013-07-25','19:20:22',NULL,1,12),(2779,'2013-07-25','19:20:59',NULL,1,1),(2780,'2013-07-25','19:22:52',NULL,7,12),(2781,'2013-07-25','19:23:44',NULL,1,7),(2782,'2013-07-25','19:23:46',NULL,7,7),(2783,'2013-07-25','19:23:52',NULL,1,12),(2784,'2013-07-25','19:26:13',NULL,7,12),(2785,'2013-07-25','19:26:18',NULL,1,1),(2786,'2013-07-25','19:26:21',NULL,7,1),(2787,'2013-07-25','19:27:19',NULL,1,12),(2788,'2013-07-26','09:50:20',NULL,1,1),(2789,'2013-07-26','09:51:29',NULL,7,1),(2790,'2013-07-26','09:51:40',NULL,1,6),(2791,'2013-07-26','10:05:58',NULL,1,1),(2792,'2013-07-26','10:50:08',NULL,7,12),(2793,'2013-07-26','10:57:03',NULL,1,1),(2794,'2013-07-26','11:12:26',NULL,7,6),(2795,'2013-07-26','11:12:31',NULL,1,1),(2796,'2013-07-26','18:51:48',NULL,1,1),(2797,'2013-07-26','20:22:39',NULL,1,1),(2798,'2013-07-26','20:25:41',NULL,7,1),(2799,'2013-07-26','20:25:52',NULL,1,1),(2800,'2013-07-26','14:25:36',NULL,7,1),(2801,'2013-07-26','14:25:42',NULL,1,1),(2802,'2013-07-26','14:48:45',NULL,7,1),(2803,'2013-07-26','14:48:50',NULL,1,1),(2804,'2013-07-26','14:59:08',NULL,7,1),(2805,'2013-07-26','14:59:12',NULL,1,1),(2806,'2013-07-26','16:18:53',NULL,7,1),(2807,'2013-07-26','16:18:59',NULL,1,1),(2808,'2013-07-26','16:23:34',NULL,7,1),(2809,'2013-07-26','16:23:44',NULL,1,1),(2810,'2013-07-26','16:25:00',NULL,7,1),(2811,'2013-07-26','16:25:04',NULL,1,1),(2812,'2013-07-26','16:29:16',NULL,7,1),(2813,'2013-07-26','16:29:22',NULL,1,1),(2814,'2013-07-26','16:38:54',NULL,7,1),(2815,'2013-07-26','16:38:58',NULL,1,1),(2816,'2013-07-27','00:05:06',NULL,1,1),(2817,'2013-07-27','00:08:08',NULL,7,1),(2818,'2013-07-27','00:08:30',NULL,1,1),(2819,'2013-07-26','19:50:23',NULL,1,1),(2820,'2013-07-26','20:01:53',NULL,7,1),(2821,'2013-07-26','20:01:58',NULL,1,6),(2822,'2013-07-26','20:26:00',NULL,7,1),(2823,'2013-07-26','20:26:06',NULL,1,5),(2824,'2013-07-26','08:00:00',NULL,9,5),(2825,'2013-07-26','20:26:19','2013-07-25',2,5),(2826,'2013-07-26','20:26:29','2013-07-25',3,5),(2827,'2013-07-26','20:26:49','2013-07-25',4,5),(2828,'2013-07-26','20:26:58','2013-07-25',8,5),(2829,'2013-07-26','16:00:00',NULL,10,5),(2830,'2013-07-26','20:27:09',NULL,7,5),(2831,'2013-07-26','20:27:14',NULL,1,6),(2832,'2013-07-26','20:32:55',NULL,7,6),(2833,'2013-07-26','20:33:00',NULL,1,1);
/*!40000 ALTER TABLE `log` ENABLE KEYS */;
UNLOCK TABLES;

--
-- Table structure for table `novedad`
--

DROP TABLE IF EXISTS `novedad`;
/*!40101 SET @saved_cs_client     = @@character_set_client */;
/*!40101 SET character_set_client = utf8 */;
CREATE TABLE `novedad` (
  `Id` int(11) NOT NULL AUTO_INCREMENT,
  `Fecha` date NOT NULL,
  `Hora` time NOT NULL,
  `Descripcion` varchar(450) NOT NULL,
  `Num` int(11) DEFAULT NULL,
  `Puesto` int(11) DEFAULT NULL,
  `users_id` int(11) NOT NULL,
  `TIPONOVEDAD_Id` int(11) NOT NULL,
  PRIMARY KEY (`Id`),
  KEY `fk_novedad_users1_idx` (`users_id`),
  KEY `fk_novedad_tiponovedad1_idx` (`TIPONOVEDAD_Id`),
  CONSTRAINT `fk_novedad_tiponovedad1` FOREIGN KEY (`TIPONOVEDAD_Id`) REFERENCES `tiponovedad` (`Id`) ON DELETE NO ACTION ON UPDATE NO ACTION,
  CONSTRAINT `fk_novedad_users1` FOREIGN KEY (`users_id`) REFERENCES `users` (`id`) ON DELETE NO ACTION ON UPDATE NO ACTION
) ENGINE=InnoDB AUTO_INCREMENT=94 DEFAULT CHARSET=utf8;
/*!40101 SET character_set_client = @saved_cs_client */;

--
-- Dumping data for table `novedad`
--

LOCK TABLES `novedad` WRITE;
/*!40000 ALTER TABLE `novedad` DISABLE KEYS */;
INSERT INTO `novedad` VALUES (39,'2013-04-30','12:51:45','hnyrsn',NULL,NULL,5,1),(40,'2013-04-29','12:51:55','btrhb',NULL,NULL,5,3),(41,'2013-05-06','15:43:28','testeando',NULL,NULL,8,1),(42,'2013-05-06','17:01:35','thth',NULL,NULL,5,5),(43,'2013-05-06','18:55:24','adfasdfsad',NULL,NULL,5,2),(44,'2013-05-06','19:00:38','Los teléfonos de las cabinas, no tienen tono y tarifa la llamada.',NULL,NULL,5,4),(45,'2013-05-06','19:09:42','123fdasdjhlkg asdg',NULL,NULL,5,2),(46,'2013-05-06','19:10:05','adsdfasdfsad',NULL,NULL,5,2),(47,'2013-05-06','19:12:10','fadfafsa',NULL,NULL,5,1),(48,'2013-05-10','12:30:27','asdgfsagd',NULL,NULL,5,2),(49,'2013-05-10','12:51:57','he intentado muchas veces y nada',2147483647,NULL,5,1),(50,'2013-05-15','17:20:54','csxcx',1515,NULL,5,2),(51,'2013-05-15','17:22:27','test',NULL,NULL,5,1),(52,'2013-05-16','11:15:54','DSAFADSF',NULL,NULL,5,3),(53,'2013-05-16','11:17:47','FASDAG',NULL,NULL,5,1),(54,'2013-05-16','11:24:31','sdgfsdgs',NULL,NULL,5,2),(55,'2013-05-16','11:45:48','adsgasga',NULL,NULL,5,2),(56,'2013-05-16','12:37:48','asgsag',NULL,NULL,5,5),(57,'2013-05-16','12:42:37','abcdefeagad\r\ndsafsadgsadg\r\nadsgadgsagadsga\r\n asgfsag  adg',NULL,NULL,5,7),(58,'2013-05-16','12:47:12','asgagasg ',NULL,NULL,5,4),(59,'2013-05-16','12:48:33','Cabina cerrada.',NULL,NULL,5,9),(60,'2013-05-16','13:10:33','gsgfadg',NULL,NULL,5,2),(61,'2013-05-16','13:20:49','agasgasga',NULL,NULL,5,1),(62,'2013-05-16','13:21:13','askghlasjflsajfsa asgfsgafdsg 3465413613',NULL,NULL,5,4),(63,'2013-05-16','13:23:17','sdgafsa',NULL,NULL,5,3),(64,'2013-05-16','13:29:29','fadsgsad',NULL,NULL,5,2),(65,'2013-05-16','13:31:44','rteqwryt',NULL,NULL,5,2),(66,'2013-05-16','13:33:27','dsagadsg',NULL,NULL,5,2),(67,'2013-05-16','13:35:19','agaga',NULL,NULL,5,2),(68,'2013-05-17','17:17:54','asdfsadf',123,NULL,5,1),(69,'2013-05-17','17:27:27','Ruído Blanco - SodaStereo - Buenos Aires - Argentina.',182,NULL,5,7),(70,'2013-05-23','12:20:18','probando correo',2147483647,NULL,5,1),(71,'2013-05-23','12:23:53','Problemas con la recepción de la señal.',1234567,NULL,5,1),(72,'2013-05-23','12:29:52','agag',1234567,NULL,5,1),(73,'2013-05-27','12:00:04','no se oye',2125869,NULL,5,1),(74,'2013-05-27','12:53:05','Solo es una prueba',2145882,NULL,5,1),(75,'2013-05-27','14:47:21','prueba 3',254182,NULL,5,1),(76,'2013-05-27','14:50:14','Prueba 4',201254585,NULL,5,3),(77,'2013-05-27','14:52:47','prueba 5',2145882,NULL,5,2),(78,'2013-05-27','15:10:57','Prueba 6',35435,NULL,5,1),(79,'2013-05-27','15:12:19','prueba 7',2054638435,NULL,5,1),(80,'2013-05-27','15:21:05','Prueba 9',2147483647,NULL,5,3),(81,'2013-05-27','15:21:54','Prueba 10',2147483647,NULL,5,5),(82,'2013-06-03','19:12:18','test puesto',2147483647,8,5,1),(83,'2013-06-03','19:30:43','test puesto',2147483647,8,5,1),(84,'2013-06-04','12:52:13','probando envio de correo',2147483647,7,5,1),(85,'2013-06-04','13:29:37','test 2 correo',2147483647,7,5,2),(86,'2013-06-04','18:09:22','prueba de correo auto',2147483647,7,5,1),(87,'2013-06-10','17:47:36','gyjgyju',2147483647,7,5,1),(88,'2013-06-19','10:37:01','gfdds',321,5,1,1),(89,'2013-06-21','10:30:25','52151',2147483647,7,5,1),(90,'2013-06-21','10:35:06','test',2147483647,7,5,1),(91,'2013-06-21','10:38:06','test usermail',2147483647,6,5,7),(92,'2013-06-21','10:48:01','test admin',2147483647,6,1,3),(93,'2013-07-13','00:24:00','Prueba funcionamiento, antes de poner en producción.',123,33,5,1);
/*!40000 ALTER TABLE `novedad` ENABLE KEYS */;
UNLOCK TABLES;

--
-- Table structure for table `pabrightstar`
--

DROP TABLE IF EXISTS `pabrightstar`;
/*!40101 SET @saved_cs_client     = @@character_set_client */;
/*!40101 SET character_set_client = utf8 */;
CREATE TABLE `pabrightstar` (
  `Id` int(11) NOT NULL AUTO_INCREMENT,
  `Fecha` date NOT NULL,
  `Compania` int(11) NOT NULL,
  `SaldoAperturaPA` decimal(15,2) DEFAULT NULL,
  `TransferenciaPA` decimal(15,2) DEFAULT NULL,
  `ComisionPA` decimal(15,2) DEFAULT NULL,
  `SaldoCierrePA` decimal(15,2) DEFAULT NULL,
  PRIMARY KEY (`Id`),
  KEY `fk_BRIGHTSTAR_COMPANIA1_idx` (`Compania`),
  CONSTRAINT `fk_PABRIGHTSTAR_COMPANIA1` FOREIGN KEY (`Compania`) REFERENCES `compania` (`id`) ON DELETE NO ACTION ON UPDATE NO ACTION
) ENGINE=InnoDB AUTO_INCREMENT=147 DEFAULT CHARSET=utf8;
/*!40101 SET character_set_client = @saved_cs_client */;

--
-- Dumping data for table `pabrightstar`
--

LOCK TABLES `pabrightstar` WRITE;
/*!40000 ALTER TABLE `pabrightstar` DISABLE KEYS */;
INSERT INTO `pabrightstar` VALUES (12,'2013-04-28',2,NULL,22.00,NULL,NULL),(13,'2013-04-28',2,NULL,100.00,6.00,NULL),(14,'2013-04-27',2,NULL,120.00,7.20,NULL),(15,'2013-04-28',1,NULL,120.00,7.20,NULL),(16,'2013-04-26',1,NULL,22.00,1.32,NULL),(17,'2013-04-24',1,NULL,120.00,7.20,NULL),(18,'2013-04-22',2,NULL,120.00,7.20,NULL),(19,'2013-04-23',2,NULL,10.00,50.00,NULL),(20,'2013-04-25',2,NULL,10.00,80.00,NULL),(21,'2013-04-25',1,NULL,10.00,60.00,NULL),(22,'2013-04-30',2,5000.00,200.00,1600.00,6800.00),(23,'2013-04-30',1,8000.00,400.00,2400.00,10800.00),(24,'2013-04-29',1,NULL,800.00,4800.00,NULL),(25,'2013-04-29',2,NULL,120.00,960.00,NULL),(56,'2013-05-01',1,10800.00,400.00,10.00,11210.00),(57,'2013-05-01',2,6800.00,500.00,20.00,7320.00),(60,'2013-05-02',1,11210.00,NULL,NULL,11210.00),(61,'2013-05-02',2,7320.00,NULL,NULL,7320.00),(62,'2013-05-03',1,11210.00,NULL,NULL,11210.00),(63,'2013-05-03',2,7320.00,NULL,NULL,7320.00),(64,'2013-05-04',1,11210.00,NULL,NULL,11210.00),(65,'2013-05-04',2,7320.00,NULL,NULL,7320.00),(66,'2013-05-05',1,11210.00,NULL,NULL,11210.00),(67,'2013-05-05',2,7320.00,NULL,NULL,7320.00),(68,'2013-05-06',1,11210.00,NULL,NULL,11210.00),(69,'2013-05-06',2,7320.00,NULL,NULL,7320.00),(70,'2013-05-07',1,11210.00,NULL,NULL,11210.00),(71,'2013-05-07',2,7320.00,NULL,NULL,7320.00),(72,'2013-05-08',1,11210.00,NULL,NULL,11210.00),(73,'2013-05-08',2,7320.00,NULL,NULL,7320.00),(74,'2013-05-09',1,11210.00,NULL,NULL,11210.00),(75,'2013-05-09',2,7320.00,NULL,NULL,NULL),(76,'2013-05-10',1,11210.00,120.00,720.00,NULL),(85,'2013-05-13',2,1200.00,2.00,NULL,1200.00),(86,'2013-05-13',1,1500.00,120.00,720.00,2340.00),(91,'2013-05-14',2,1200.00,NULL,NULL,1200.00),(92,'2013-05-14',1,2340.00,NULL,NULL,2340.00),(95,'2013-05-15',2,1200.00,NULL,NULL,1200.00),(96,'2013-05-15',1,2340.00,NULL,NULL,2340.00),(99,'2013-05-16',2,1200.00,NULL,NULL,1200.00),(100,'2013-05-16',1,2340.00,NULL,NULL,2340.00),(113,'2013-05-17',2,1200.00,NULL,NULL,1200.00),(114,'2013-05-17',1,2340.00,NULL,NULL,2340.00),(117,'2013-05-18',2,1200.00,NULL,NULL,1200.00),(118,'2013-05-18',1,2340.00,NULL,NULL,2340.00),(121,'2013-05-18',2,1200.00,NULL,NULL,NULL),(123,'2013-05-19',2,1200.00,NULL,NULL,1200.00),(124,'2013-05-19',1,2340.00,NULL,NULL,NULL),(126,'2013-05-20',2,1200.00,NULL,NULL,NULL),(127,'2013-06-04',1,2000.00,500.00,30.00,2530.00),(128,'2013-06-04',2,1000.00,500.00,30.00,NULL),(129,'2013-06-05',1,2530.00,NULL,NULL,NULL),(132,'0000-00-00',1,2500.00,NULL,NULL,NULL),(133,'2013-06-07',1,2500.00,NULL,NULL,NULL),(134,'2013-06-10',1,1500.00,120.00,72.00,1692.00),(135,'2013-06-10',2,1000.00,120.00,66.00,NULL),(136,'2013-06-11',1,1692.00,130.00,78.00,1900.00),(137,'2013-06-11',2,1500.00,NULL,NULL,NULL),(139,'2013-06-12',1,1900.00,300.00,18.00,2218.00),(140,'2013-06-12',2,2000.00,NULL,NULL,NULL),(141,'2013-06-13',1,2218.00,NULL,NULL,2218.00),(142,'2013-06-13',2,1500.00,NULL,NULL,NULL),(143,'2013-06-14',1,2218.00,NULL,NULL,NULL),(144,'2013-06-18',1,200.00,6000.00,360.00,6560.00),(145,'2013-06-18',2,200.00,6000.00,330.00,NULL),(146,'2013-06-19',1,6560.00,NULL,NULL,NULL);
/*!40000 ALTER TABLE `pabrightstar` ENABLE KEYS */;
UNLOCK TABLES;

--
-- Table structure for table `paridad`
--

DROP TABLE IF EXISTS `paridad`;
/*!40101 SET @saved_cs_client     = @@character_set_client */;
/*!40101 SET character_set_client = utf8 */;
CREATE TABLE `paridad` (
  `Id` int(11) NOT NULL AUTO_INCREMENT,
  `Fecha` date NOT NULL,
  `Valor` decimal(15,2) NOT NULL,
  PRIMARY KEY (`Id`)
) ENGINE=InnoDB AUTO_INCREMENT=11 DEFAULT CHARSET=utf8;
/*!40101 SET character_set_client = @saved_cs_client */;

--
-- Dumping data for table `paridad`
--

LOCK TABLES `paridad` WRITE;
/*!40000 ALTER TABLE `paridad` DISABLE KEYS */;
INSERT INTO `paridad` VALUES (1,'2013-04-02',2.64),(2,'2013-04-08',2.68),(3,'2013-04-15',2.65),(4,'2013-04-18',2.87),(5,'2013-04-22',2.54),(6,'2013-04-23',2.89),(7,'2013-04-23',2.54),(8,'2013-05-06',2.67),(9,'2013-05-31',2.64),(10,'2013-05-31',2.50);
/*!40000 ALTER TABLE `paridad` ENABLE KEYS */;
UNLOCK TABLES;

--
-- Table structure for table `profiles`
--

DROP TABLE IF EXISTS `profiles`;
/*!40101 SET @saved_cs_client     = @@character_set_client */;
/*!40101 SET character_set_client = utf8 */;
CREATE TABLE `profiles` (
  `user_id` int(11) NOT NULL AUTO_INCREMENT,
  `first_name` varchar(255) DEFAULT NULL,
  `last_name` varchar(255) DEFAULT NULL,
  PRIMARY KEY (`user_id`),
  CONSTRAINT `user_profile_id` FOREIGN KEY (`user_id`) REFERENCES `users` (`id`) ON DELETE CASCADE
) ENGINE=InnoDB AUTO_INCREMENT=13 DEFAULT CHARSET=utf8;
/*!40101 SET character_set_client = @saved_cs_client */;

--
-- Dumping data for table `profiles`
--

LOCK TABLES `profiles` WRITE;
/*!40000 ALTER TABLE `profiles` DISABLE KEYS */;
INSERT INTO `profiles` VALUES (1,'Administrator','Admin'),(2,'Eduado','Makoukdji'),(3,'Pedro','Suarez'),(4,'Manuel','Rios'),(5,'Raul','Garcia tunon'),(6,'Nohelia','Etelix'),(7,'Kimberly','Etelix'),(8,'Rafael','Álvarez'),(9,'hello','world'),(10,'Alonso','V'),(12,'Vanessa','Prado');
/*!40000 ALTER TABLE `profiles` ENABLE KEYS */;
UNLOCK TABLES;

--
-- Table structure for table `profiles_fields`
--

DROP TABLE IF EXISTS `profiles_fields`;
/*!40101 SET @saved_cs_client     = @@character_set_client */;
/*!40101 SET character_set_client = utf8 */;
CREATE TABLE `profiles_fields` (
  `id` int(11) NOT NULL AUTO_INCREMENT,
  `varname` varchar(50) NOT NULL DEFAULT '',
  `title` varchar(255) NOT NULL DEFAULT '',
  `field_type` varchar(50) NOT NULL DEFAULT '',
  `field_size` int(3) NOT NULL DEFAULT '0',
  `field_size_min` int(3) NOT NULL DEFAULT '0',
  `required` int(1) NOT NULL DEFAULT '0',
  `match` varchar(255) NOT NULL DEFAULT '',
  `range` varchar(255) NOT NULL DEFAULT '',
  `error_message` varchar(255) NOT NULL DEFAULT '',
  `other_validator` text,
  `default` varchar(255) NOT NULL DEFAULT '',
  `widget` varchar(255) NOT NULL DEFAULT '',
  `widgetparams` text,
  `position` int(3) NOT NULL DEFAULT '0',
  `visible` int(1) NOT NULL DEFAULT '0',
  PRIMARY KEY (`id`)
) ENGINE=InnoDB AUTO_INCREMENT=3 DEFAULT CHARSET=utf8;
/*!40101 SET character_set_client = @saved_cs_client */;

--
-- Dumping data for table `profiles_fields`
--

LOCK TABLES `profiles_fields` WRITE;
/*!40000 ALTER TABLE `profiles_fields` DISABLE KEYS */;
INSERT INTO `profiles_fields` VALUES (1,'first_name','First Name','VARCHAR',255,3,2,'','','Incorrect First Name (length between 3 and 50 characters).','','','','',1,3),(2,'last_name','Last Name','VARCHAR',255,3,2,'','','Incorrect Last Name (length between 3 and 50 characters).','','','','',2,3);
/*!40000 ALTER TABLE `profiles_fields` ENABLE KEYS */;
UNLOCK TABLES;

--
-- Table structure for table `recargas`
--

DROP TABLE IF EXISTS `recargas`;
/*!40101 SET @saved_cs_client     = @@character_set_client */;
/*!40101 SET character_set_client = utf8 */;
CREATE TABLE `recargas` (
  `id` int(11) NOT NULL AUTO_INCREMENT,
  `FechaHora` datetime NOT NULL,
  `MontoRecarga` decimal(15,2) NOT NULL,
  `BALANCE_Id` int(11) NOT NULL,
  `PABRIGHTSTAR_Id` int(11) NOT NULL,
  PRIMARY KEY (`id`),
  KEY `fk_RECARGAS_BALANCE1_idx` (`BALANCE_Id`),
  KEY `fk_RECARGAS_PABRIGHTSTAR_idx` (`PABRIGHTSTAR_Id`),
  CONSTRAINT `fk_RECARGAS_BALANCE1` FOREIGN KEY (`BALANCE_Id`) REFERENCES `balance` (`Id`) ON DELETE NO ACTION ON UPDATE NO ACTION,
  CONSTRAINT `fk_RECARGAS_PABRIGHTSTAR` FOREIGN KEY (`PABRIGHTSTAR_Id`) REFERENCES `pabrightstar` (`Id`) ON DELETE NO ACTION ON UPDATE NO ACTION
) ENGINE=InnoDB AUTO_INCREMENT=77 DEFAULT CHARSET=utf8;
/*!40101 SET character_set_client = @saved_cs_client */;

--
-- Dumping data for table `recargas`
--

LOCK TABLES `recargas` WRITE;
/*!40000 ALTER TABLE `recargas` DISABLE KEYS */;
INSERT INTO `recargas` VALUES (6,'2013-06-04 13:06:20',1000.00,873,127),(7,'2013-06-04 13:06:58',500.00,873,127),(8,'2013-06-04 14:23:20',60.00,873,127),(9,'2013-06-04 17:18:57',60.00,873,128),(10,'2013-06-04 19:59:37',125.00,878,127),(19,'2013-06-05 11:04:08',15.00,887,127),(20,'2013-06-05 11:04:08',11.00,888,127),(21,'2013-06-05 11:04:08',20.00,894,127),(22,'2013-06-05 11:30:38',123.00,888,127),(23,'2013-06-05 12:41:03',25.00,888,127),(24,'2013-06-05 12:48:05',12.00,888,124),(25,'2013-06-05 12:50:00',12.00,888,124),(26,'2013-06-05 12:56:17',10.00,888,124),(27,'2013-06-05 13:01:23',10.00,888,129),(28,'2013-06-05 15:40:03',12.00,891,129),(29,'2013-06-05 15:41:34',12.00,893,128),(30,'2013-06-05 17:45:36',10.00,898,129),(31,'2013-06-05 17:52:44',5.00,890,129),(32,'2013-06-05 18:04:55',10.00,892,129),(33,'2013-06-05 18:06:30',5.00,893,129),(34,'2013-06-05 18:09:37',2.00,894,129),(35,'2013-06-05 18:09:37',7.00,895,129),(36,'2013-06-05 18:11:00',2.00,887,129),(37,'2013-06-05 18:11:00',3.00,896,129),(38,'2013-06-05 18:12:16',3.00,889,129),(39,'2013-06-05 18:12:16',6.00,897,129),(40,'2013-06-05 18:14:17',1.00,894,129),(41,'2013-06-05 18:14:17',2.00,896,129),(42,'2013-06-05 18:16:46',2.00,887,129),(43,'2013-06-05 18:16:46',2.00,890,129),(44,'2013-06-05 18:20:25',3.00,893,129),(45,'2013-06-05 18:20:26',2.00,894,129),(46,'2013-06-05 18:20:26',1.00,895,129),(47,'2013-06-05 18:23:34',2.00,894,129),(48,'2013-06-05 18:23:34',2.00,895,129),(49,'2013-06-05 18:23:34',2.00,896,129),(50,'2013-06-05 18:24:17',2.00,887,129),(51,'2013-06-05 18:24:17',2.00,889,129),(52,'2013-06-05 18:24:17',2.00,890,129),(53,'2013-06-05 18:28:09',1.00,887,129),(54,'2013-06-05 18:28:09',2.00,889,129),(55,'2013-06-05 18:28:09',1.00,892,129),(56,'2013-06-05 18:31:06',3.00,890,129),(57,'2013-06-05 18:31:06',1.00,898,129),(58,'2013-06-05 18:32:40',3.00,887,129),(59,'2013-06-05 18:32:40',3.00,889,129),(60,'2013-06-05 18:33:37',2.00,893,129),(61,'2013-06-05 18:33:37',2.00,894,129),(62,'2013-06-05 18:33:37',1.00,897,129),(63,'2013-06-07 12:55:35',123.00,919,133),(64,'2013-06-10 19:11:13',1.00,960,134),(67,'2013-06-11 12:00:28',123.00,983,136),(68,'2013-06-12 11:57:02',120.00,997,139),(69,'2013-06-13 11:30:00',1000.00,1002,141),(75,'2013-06-18 18:39:15',1.00,1077,144),(76,'2013-06-18 18:40:46',6558.00,1071,144);
/*!40000 ALTER TABLE `recargas` ENABLE KEYS */;
UNLOCK TABLES;

--
-- Table structure for table `tbl_migration`
--

DROP TABLE IF EXISTS `tbl_migration`;
/*!40101 SET @saved_cs_client     = @@character_set_client */;
/*!40101 SET character_set_client = utf8 */;
CREATE TABLE `tbl_migration` (
  `version` varchar(255) NOT NULL,
  `apply_time` int(11) DEFAULT NULL,
  PRIMARY KEY (`version`)
) ENGINE=InnoDB DEFAULT CHARSET=utf8;
/*!40101 SET character_set_client = @saved_cs_client */;

--
-- Dumping data for table `tbl_migration`
--

LOCK TABLES `tbl_migration` WRITE;
/*!40000 ALTER TABLE `tbl_migration` DISABLE KEYS */;
INSERT INTO `tbl_migration` VALUES ('m000000_000000_base',1362166445),('m110805_153437_installYiiUser',1362166504),('m110810_162301_userTimestampFix',1362166504);
/*!40000 ALTER TABLE `tbl_migration` ENABLE KEYS */;
UNLOCK TABLES;

--
-- Table structure for table `tipogasto`
--

DROP TABLE IF EXISTS `tipogasto`;
/*!40101 SET @saved_cs_client     = @@character_set_client */;
/*!40101 SET character_set_client = utf8 */;
CREATE TABLE `tipogasto` (
  `Id` int(11) NOT NULL AUTO_INCREMENT,
  `Nombre` varchar(145) NOT NULL,
  PRIMARY KEY (`Id`)
) ENGINE=InnoDB AUTO_INCREMENT=18 DEFAULT CHARSET=utf8;
/*!40101 SET character_set_client = @saved_cs_client */;

--
-- Dumping data for table `tipogasto`
--

LOCK TABLES `tipogasto` WRITE;
/*!40000 ALTER TABLE `tipogasto` DISABLE KEYS */;
INSERT INTO `tipogasto` VALUES (1,'Luz'),(2,'Agua'),(3,'Caja Chica'),(4,'Aseo'),(5,'Internet'),(6,'Directv'),(7,'Mesada'),(8,'Tecnico'),(9,'Albañil'),(10,'Electricista'),(16,'masajista'),(17,'fumigacion');
/*!40000 ALTER TABLE `tipogasto` ENABLE KEYS */;
UNLOCK TABLES;

--
-- Table structure for table `tiponovedad`
--

DROP TABLE IF EXISTS `tiponovedad`;
/*!40101 SET @saved_cs_client     = @@character_set_client */;
/*!40101 SET character_set_client = utf8 */;
CREATE TABLE `tiponovedad` (
  `Id` int(11) NOT NULL AUTO_INCREMENT,
  `Nombre` varchar(45) DEFAULT NULL,
  PRIMARY KEY (`Id`)
) ENGINE=InnoDB AUTO_INCREMENT=10 DEFAULT CHARSET=utf8;
/*!40101 SET character_set_client = @saved_cs_client */;

--
-- Dumping data for table `tiponovedad`
--

LOCK TABLES `tiponovedad` WRITE;
/*!40000 ALTER TABLE `tiponovedad` DISABLE KEYS */;
INSERT INTO `tiponovedad` VALUES (1,'El receptor no escucha'),(2,'El que origina la llamada no escucha'),(3,'Tarifa mientras timbra'),(4,'Tarifa y no suena nada'),(5,'Las llamadas no completan'),(6,'No hay saldo para completar llamadas'),(7,'Ruido'),(8,'No puede ingresar a SINCA'),(9,'Otra');
/*!40000 ALTER TABLE `tiponovedad` ENABLE KEYS */;
UNLOCK TABLES;

--
-- Table structure for table `tipousuario`
--

DROP TABLE IF EXISTS `tipousuario`;
/*!40101 SET @saved_cs_client     = @@character_set_client */;
/*!40101 SET character_set_client = utf8 */;
CREATE TABLE `tipousuario` (
  `Id` int(11) NOT NULL AUTO_INCREMENT,
  `Nombre` varchar(45) NOT NULL,
  PRIMARY KEY (`Id`)
) ENGINE=InnoDB AUTO_INCREMENT=7 DEFAULT CHARSET=utf8;
/*!40101 SET character_set_client = @saved_cs_client */;

--
-- Dumping data for table `tipousuario`
--

LOCK TABLES `tipousuario` WRITE;
/*!40000 ALTER TABLE `tipousuario` DISABLE KEYS */;
INSERT INTO `tipousuario` VALUES (1,'Operador de Cabina'),(2,'Gerente de Operaciones'),(3,'Administrador'),(4,'Tesorero'),(5,'Socio'),(6,'Gerente de Contabilidad');
/*!40000 ALTER TABLE `tipousuario` ENABLE KEYS */;
UNLOCK TABLES;

--
-- Table structure for table `users`
--

DROP TABLE IF EXISTS `users`;
/*!40101 SET @saved_cs_client     = @@character_set_client */;
/*!40101 SET character_set_client = utf8 */;
CREATE TABLE `users` (
  `id` int(11) NOT NULL AUTO_INCREMENT,
  `username` varchar(20) NOT NULL DEFAULT '',
  `password` varchar(128) NOT NULL DEFAULT '',
  `email` varchar(128) NOT NULL DEFAULT '',
  `activkey` varchar(128) NOT NULL DEFAULT '',
  `superuser` int(1) NOT NULL DEFAULT '0',
  `status` int(1) NOT NULL DEFAULT '0',
  `create_at` timestamp NOT NULL DEFAULT CURRENT_TIMESTAMP,
  `lastvisit_at` timestamp NOT NULL DEFAULT '0000-00-00 00:00:00',
  `CABINA_Id` int(11) DEFAULT NULL,
  `tipo` int(11) DEFAULT NULL,
  PRIMARY KEY (`id`),
  UNIQUE KEY `user_username` (`username`),
  KEY `fk_USERS_CABINA1` (`CABINA_Id`),
  KEY `fk_USERS_TIPOUSUARIO1_idx` (`tipo`),
  CONSTRAINT `fk_USERS_CABINA1` FOREIGN KEY (`CABINA_Id`) REFERENCES `cabina` (`Id`) ON DELETE NO ACTION ON UPDATE NO ACTION,
  CONSTRAINT `fk_USERS_TIPOUSUARIO1` FOREIGN KEY (`tipo`) REFERENCES `tipousuario` (`Id`) ON DELETE NO ACTION ON UPDATE NO ACTION
) ENGINE=InnoDB AUTO_INCREMENT=13 DEFAULT CHARSET=utf8;
/*!40101 SET character_set_client = @saved_cs_client */;

--
-- Dumping data for table `users`
--

LOCK TABLES `users` WRITE;
/*!40000 ALTER TABLE `users` DISABLE KEYS */;
INSERT INTO `users` VALUES (1,'admin','4297f44b13955235245b2497399d7a93','angelo08121987@gmail.com','1d6ccd492bc1a2da9fea83c081d06131',1,1,'2013-03-01 19:35:04','2013-07-27 01:03:00',NULL,3),(2,'edmaku','4297f44b13955235245b2497399d7a93','mark182182@gmail.com','1d6ccd492bc1a2da9fea83c081d06131',1,1,'2013-03-04 15:32:37','2013-06-04 22:37:51',2,3),(3,'pedro','4297f44b13955235245b2497399d7a93','mark182182@gmail.com','554a22e62f137ca9ab6ced16bbb0d3ca',0,1,'2013-03-04 19:43:26','2013-05-03 19:18:19',2,1),(4,'manuel','4297f44b13955235245b2497399d7a93','mark182182@gmail.com','7dcd267d4f779404b9dce54a06a99073',0,1,'2013-03-05 18:24:49','2013-06-05 22:18:51',18,1),(5,'raul','4297f44b13955235245b2497399d7a93','mark182182@gmail.com','5f01420df6359ae6e3ae5ae17d013a32',0,1,'2013-03-05 19:52:03','2013-06-03 23:35:10',4,1),(6,'nohelia','4297f44b13955235245b2497399d7a93','mark182182@gmail.com','56bc2fd811a19d86be391970db590aba',0,1,'2013-03-08 16:12:43','2013-07-15 22:57:35',NULL,4),(7,'nathaly','4297f44b13955235245b2497399d7a93','mark182182@gmail.com','1f170bbc2914e70f4f6caa7699160c63',0,1,'2013-03-08 16:13:50','2013-06-10 20:55:51',NULL,2),(8,'rafael','4297f44b13955235245b2497399d7a93','mark182182@gmail.com','63a0f247a57f0868d83b3083df57ac08',0,1,'2013-03-26 18:59:36','2013-06-10 22:11:00',17,1),(9,'helloworld','4297f44b13955235245b2497399d7a93','mark182182@gmail.com','78064a5d82f83aff20088d58e0a89b0d',0,0,'2013-03-27 15:26:50','0000-00-00 00:00:00',NULL,NULL),(10,'socio','4297f44b13955235245b2497399d7a93','mark182182@gmail.com','d9e127a515cb5440e10141fc94045af9',0,1,'2013-04-18 22:53:03','2013-06-20 00:27:56',NULL,5),(12,'VanessaP','4297f44b13955235245b2497399d7a93','mark182182@gmail.com','d6d836068dc6ac984212fd8c97869aff',0,1,'2013-07-25 23:50:16','2013-07-25 23:50:16',NULL,6);
/*!40000 ALTER TABLE `users` ENABLE KEYS */;
UNLOCK TABLES;

--
-- Dumping events for database 'sinca'
--
/*!50106 SET @save_time_zone= @@TIME_ZONE */ ;
/*!50106 DROP EVENT IF EXISTS `balance_ap_dia` */;
DELIMITER ;;
/*!50003 SET @saved_cs_client      = @@character_set_client */ ;;
/*!50003 SET @saved_cs_results     = @@character_set_results */ ;;
/*!50003 SET @saved_col_connection = @@collation_connection */ ;;
/*!50003 SET character_set_client  = utf8 */ ;;
/*!50003 SET character_set_results = utf8 */ ;;
/*!50003 SET collation_connection  = utf8_general_ci */ ;;
/*!50003 SET @saved_sql_mode       = @@sql_mode */ ;;
/*!50003 SET sql_mode              = '' */ ;;
/*!50003 SET @saved_time_zone      = @@time_zone */ ;;
/*!50003 SET time_zone             = 'SYSTEM' */ ;;
/*!50106 CREATE*/ /*!50117 DEFINER=`manuelz`@`192.168.1.%`*/ /*!50106 EVENT `balance_ap_dia` ON SCHEDULE EVERY 24 HOUR STARTS '2013-05-14 00:30:00' ON COMPLETION NOT PRESERVE ENABLE DO CALL variosbalances() */ ;;
/*!50003 SET time_zone             = @saved_time_zone */ ;;
/*!50003 SET sql_mode              = @saved_sql_mode */ ;;
/*!50003 SET character_set_client  = @saved_cs_client */ ;;
/*!50003 SET character_set_results = @saved_cs_results */ ;;
/*!50003 SET collation_connection  = @saved_col_connection */ ;;
/*!50106 DROP EVENT IF EXISTS `saldo_cierre` */;;
DELIMITER ;;
/*!50003 SET @saved_cs_client      = @@character_set_client */ ;;
/*!50003 SET @saved_cs_results     = @@character_set_results */ ;;
/*!50003 SET @saved_col_connection = @@collation_connection */ ;;
/*!50003 SET character_set_client  = utf8 */ ;;
/*!50003 SET character_set_results = utf8 */ ;;
/*!50003 SET collation_connection  = utf8_general_ci */ ;;
/*!50003 SET @saved_sql_mode       = @@sql_mode */ ;;
/*!50003 SET sql_mode              = '' */ ;;
/*!50003 SET @saved_time_zone      = @@time_zone */ ;;
/*!50003 SET time_zone             = 'SYSTEM' */ ;;
/*!50106 CREATE*/ /*!50117 DEFINER=`manuelz`@`192.168.1.%`*/ /*!50106 EVENT `saldo_cierre` ON SCHEDULE EVERY 24 HOUR STARTS '2013-05-17 22:00:00' ON COMPLETION NOT PRESERVE ENABLE DO CALL multiple() */ ;;
/*!50003 SET time_zone             = @saved_time_zone */ ;;
/*!50003 SET sql_mode              = @saved_sql_mode */ ;;
/*!50003 SET character_set_client  = @saved_cs_client */ ;;
/*!50003 SET character_set_results = @saved_cs_results */ ;;
/*!50003 SET collation_connection  = @saved_col_connection */ ;;
DELIMITER ;
/*!50106 SET TIME_ZONE= @save_time_zone */ ;

--
-- Dumping routines for database 'sinca'
--
/*!50003 DROP FUNCTION IF EXISTS `difCapturaActual` */;
/*!50003 SET @saved_cs_client      = @@character_set_client */ ;
/*!50003 SET @saved_cs_results     = @@character_set_results */ ;
/*!50003 SET @saved_col_connection = @@collation_connection */ ;
/*!50003 SET character_set_client  = utf8 */ ;
/*!50003 SET character_set_results = utf8 */ ;
/*!50003 SET collation_connection  = utf8_general_ci */ ;
/*!50003 SET @saved_sql_mode       = @@sql_mode */ ;
/*!50003 SET sql_mode              = '' */ ;
DELIMITER ;;
/*!50003 CREATE*/ /*!50020 DEFINER=`edmaku`@`192.168.1.%`*/ /*!50003 FUNCTION `difCapturaActual`(
									  IDBalance 	 	  VARCHAR(15),
									  TraficoCapturaNew   VARCHAR(15)
									) RETURNS varchar(30) CHARSET utf8
BEGIN

	DECLARE DiferencialCaptura 	VARCHAR(30);
	DECLARE Paridad 			VARCHAR(30);

	SELECT
		  IFNULL(p.Valor,0) INTO Paridad
	FROM
		  balance b,
		  paridad p
	WHERE
		     b.PARIDAD_Id	= p.Id
	     AND b.Id	  	  	= IDBalance;

IF TraficoCapturaNew IS NULL THEN

	RETURN NULL;

END IF;

IF TraficoCapturaNew IS NOT NULL THEN

	SELECT(
			(
			    IFNULL(FijoLocal	 ,0)
			  + IFNULL(FijoProvincia ,0)
			  + IFNULL(FijoLima		 ,0)
			  + IFNULL(Rural		 ,0)
			  + IFNULL(Celular		 ,0)
			  + IFNULL(LDI			 ,0)
			  - ( IFNULL(TraficoCapturaNew,0) * IFNULL(TRUNCATE(Paridad,2),0) )
		    ) / IFNULL(TRUNCATE(Paridad,2),0)
		  )
	INTO DiferencialCaptura
	FROM
		 balance
	WHERE
		 Id = IDBalance;

	#RETURN TRUNCATE(DiferencialCaptura,2);
	RETURN DiferencialCaptura;

END IF;

END */;;
DELIMITER ;
/*!50003 SET sql_mode              = @saved_sql_mode */ ;
/*!50003 SET character_set_client  = @saved_cs_client */ ;
/*!50003 SET character_set_results = @saved_cs_results */ ;
/*!50003 SET collation_connection  = @saved_col_connection */ ;
/*!50003 DROP FUNCTION IF EXISTS `difCapturaAcum` */;
/*!50003 SET @saved_cs_client      = @@character_set_client */ ;
/*!50003 SET @saved_cs_results     = @@character_set_results */ ;
/*!50003 SET @saved_col_connection = @@collation_connection */ ;
/*!50003 SET character_set_client  = utf8 */ ;
/*!50003 SET character_set_results = utf8 */ ;
/*!50003 SET collation_connection  = utf8_general_ci */ ;
/*!50003 SET @saved_sql_mode       = @@sql_mode */ ;
/*!50003 SET sql_mode              = '' */ ;
DELIMITER ;;
/*!50003 CREATE*/ /*!50020 DEFINER=`edmaku`@`192.168.1.%`*/ /*!50003 FUNCTION `difCapturaAcum`(
							 FechaActual 			VARCHAR(15),
							 IDBalanceActual			 VARCHAR(15),
							 CabinaIdActual			VARCHAR(15),
							 TraficoCapturaActual	VARCHAR(15)
						   ) RETURNS varchar(30) CHARSET utf8
BEGIN

DECLARE diferencialCapturaActual	VARCHAR(30);
DECLARE sumatoriaDiferencialCaptura VARCHAR(30);

IF TraficoCapturaActual IS NULL THEN

	RETURN NULL;

END IF;

IF TraficoCapturaActual IS NOT NULL THEN


#----------- COMIENZO - DIFERENCIAL CAPTURA ACTUAL ------------------------------

	SELECT difCapturaActual(IDBalanceActual,TraficoCapturaActual)
		   INTO diferencialCapturaActual;

#----------- FIN - DIFERENCIAL CAPTURA ACTUAL -----------------------------------



#----------- COMIENZO - DIFERENCIAL CAPTURA DIAS ANTERIORES ---------------------

	SELECT IFNULL(SUM(difCapturaAnteriores(Id)),0) INTO sumatoriaDiferencialCaptura

	FROM balance

	WHERE
			 CABINA_Id 	 = CabinaIdActual
		 AND Fecha    	>= CONCAT(YEAR(FechaActual),'-',MONTH(FechaActual),'-','01')
		 AND Fecha     	<  FechaActual;

#----------- FIN - DIFERENCIAL CAPTURA DIAS ANTERIORES --------------------------


	#RETURN TRUNCATE(sumatoriaDiferencialCaptura + diferencialCapturaActual,2);
	RETURN sumatoriaDiferencialCaptura + diferencialCapturaActual;

END IF;

END */;;
DELIMITER ;
/*!50003 SET sql_mode              = @saved_sql_mode */ ;
/*!50003 SET character_set_client  = @saved_cs_client */ ;
/*!50003 SET character_set_results = @saved_cs_results */ ;
/*!50003 SET collation_connection  = @saved_col_connection */ ;
/*!50003 DROP FUNCTION IF EXISTS `difCapturaAnteriores` */;
/*!50003 SET @saved_cs_client      = @@character_set_client */ ;
/*!50003 SET @saved_cs_results     = @@character_set_results */ ;
/*!50003 SET @saved_col_connection = @@collation_connection */ ;
/*!50003 SET character_set_client  = utf8 */ ;
/*!50003 SET character_set_results = utf8 */ ;
/*!50003 SET collation_connection  = utf8_general_ci */ ;
/*!50003 SET @saved_sql_mode       = @@sql_mode */ ;
/*!50003 SET sql_mode              = '' */ ;
DELIMITER ;;
/*!50003 CREATE*/ /*!50020 DEFINER=`edmaku`@`192.168.1.%`*/ /*!50003 FUNCTION `difCapturaAnteriores`(
									  IDBalance 	 	  VARCHAR(15)
									) RETURNS varchar(30) CHARSET utf8
BEGIN

	DECLARE DiferencialCaptura 	VARCHAR(30);
	DECLARE Paridad 			VARCHAR(30);

	SELECT
		  IFNULL(p.Valor,0) INTO Paridad
	FROM
		  balance b,
		  paridad p
	WHERE
		     b.PARIDAD_Id	= p.Id
	     AND b.Id	  	  	= IDBalance;


	SELECT(
			(
			    IFNULL(FijoLocal	 ,0)
			  + IFNULL(FijoProvincia ,0)
			  + IFNULL(FijoLima		 ,0)
			  + IFNULL(Rural		 ,0)
			  + IFNULL(Celular		 ,0)
			  + IFNULL(LDI			 ,0)
			  - ( IFNULL(TraficoCapturaDollar,0) * IFNULL(TRUNCATE(Paridad,2),0) )
		    ) / IFNULL(TRUNCATE(Paridad,2),0)
		  )
	INTO DiferencialCaptura
	FROM
		 balance
	WHERE
		 Id = IDBalance;

	#RETURN TRUNCATE(DiferencialCaptura,2);
	RETURN DiferencialCaptura;


END */;;
DELIMITER ;
/*!50003 SET sql_mode              = @saved_sql_mode */ ;
/*!50003 SET character_set_client  = @saved_cs_client */ ;
/*!50003 SET character_set_results = @saved_cs_results */ ;
/*!50003 SET collation_connection  = @saved_col_connection */ ;
/*!50003 DROP FUNCTION IF EXISTS `insertarSobranteYAcumulado` */;
/*!50003 SET @saved_cs_client      = @@character_set_client */ ;
/*!50003 SET @saved_cs_results     = @@character_set_results */ ;
/*!50003 SET @saved_col_connection = @@collation_connection */ ;
/*!50003 SET character_set_client  = utf8 */ ;
/*!50003 SET character_set_results = utf8 */ ;
/*!50003 SET collation_connection  = utf8_general_ci */ ;
/*!50003 SET @saved_sql_mode       = @@sql_mode */ ;
/*!50003 SET sql_mode              = '' */ ;
DELIMITER ;;
/*!50003 CREATE*/ /*!50020 DEFINER=`edmaku`@`192.168.1.%`*/ /*!50003 FUNCTION `insertarSobranteYAcumulado`(
											 CabinaIdActual		VARCHAR(4),
											 FechaInicio 		VARCHAR(15),
											 FechaFin 			VARCHAR(15)
										   ) RETURNS varchar(30) CHARSET utf8
BEGIN

	DECLARE IdNow						VARCHAR(15);
	DECLARE SobranteAcumNow				VARCHAR(15);
	DECLARE AcumuladoNow				VARCHAR(15);
	DECLARE ContadorDia					VARCHAR(15);

	SET ContadorDia = DAY(FechaInicio);

    REPEAT

BEGIN

		SELECT
				Id
					INTO IdNow
		FROM
				balance
		WHERE
				CABINA_Id 	= CabinaIdActual
			AND Fecha 		= CONCAT(YEAR(FechaInicio),'-',MONTH(FechaInicio),'-',ContadorDia);

		SELECT
				sobranteAcum(Fecha,Id,CABINA_Id,MontoBanco,RecargaVentasMov,RecargaVentasClaro,TraficoCapturaDollar)
					INTO SobranteAcumNow
		FROM
				balance
		WHERE
				CABINA_Id 	= CabinaIdActual
			AND Fecha 		= CONCAT(YEAR(FechaInicio),'-',MONTH(FechaInicio),'-',ContadorDia);


		SELECT
				difCapturaAcum(Fecha,Id,CABINA_Id,TraficoCapturaDollar)
					INTO AcumuladoNow
		FROM
				balance
		WHERE
				CABINA_Id 	= CabinaIdActual
			AND Fecha 		= CONCAT(YEAR(FechaInicio),'-',MONTH(FechaInicio),'-',ContadorDia);


		UPDATE balance SET Acumulado = AcumuladoNow, SobranteAcum = SobranteAcumNow WHERE Id = IdNow;

		SET ContadorDia = ContadorDia + 1;
END;
	UNTIL FechaFin >= CONCAT(YEAR(FechaInicio),'-',MONTH(FechaInicio),'-',ContadorDia)

	END REPEAT;

	RETURN CONCAT('¡EEExito!');

END */;;
DELIMITER ;
/*!50003 SET sql_mode              = @saved_sql_mode */ ;
/*!50003 SET character_set_client  = @saved_cs_client */ ;
/*!50003 SET character_set_results = @saved_cs_results */ ;
/*!50003 SET collation_connection  = @saved_col_connection */ ;
/*!50003 DROP FUNCTION IF EXISTS `sobranteActual` */;
/*!50003 SET @saved_cs_client      = @@character_set_client */ ;
/*!50003 SET @saved_cs_results     = @@character_set_results */ ;
/*!50003 SET @saved_col_connection = @@collation_connection */ ;
/*!50003 SET character_set_client  = utf8 */ ;
/*!50003 SET character_set_results = utf8 */ ;
/*!50003 SET collation_connection  = utf8_general_ci */ ;
/*!50003 SET @saved_sql_mode       = @@sql_mode */ ;
/*!50003 SET sql_mode              = '' */ ;
DELIMITER ;;
/*!50003 CREATE*/ /*!50020 DEFINER=`edmaku`@`192.168.1.%`*/ /*!50003 FUNCTION `sobranteActual`(
								  IDBalanceActual 				VARCHAR(15),
								  MontoBancoActual 				VARCHAR(15),
								  RecargaVentasMovActual 		VARCHAR(15),
								  RecargaVentasClaroActual 		VARCHAR(15),
								  TraficoCapturaDollarActual 	VARCHAR(15)
								) RETURNS varchar(30) CHARSET utf8
BEGIN

	DECLARE Sobrante 					VARCHAR(30);
	DECLARE Paridad 					VARCHAR(30);
	DECLARE DifBanco 					VARCHAR(30);
	DECLARE DifClaro 					VARCHAR(30);
	DECLARE DifMovistar 				VARCHAR(30);
	DECLARE DifCaptura 					VARCHAR(30);
	DECLARE DifBrightstar 				VARCHAR(30);
	DECLARE Diferenciales 				VARCHAR(30);

	SELECT 	
			IFNULL(p.Valor,0)
			INTO
					Paridad
			FROM 	
					balance b,
					paridad p 
			WHERE
				b.PARIDAD_Id  = p.Id
				AND b.Id	  = IDBalanceActual;

	SELECT
		 (
			IFNULL(MontoBancoActual,0) -
			(
				  IFNULL(FijoLocal			 ,0)
				+ IFNULL(FijoProvincia		 ,0)
				+ IFNULL(FijoLima			 ,0)
				+ IFNULL(Rural				 ,0)
				+ IFNULL(Celular			 ,0)
				+ IFNULL(LDI				 ,0)
				+ IFNULL(RecargaCelularMov	 ,0)
				+ IFNULL(RecargaFonoYaMov	 ,0)
				+ IFNULL(RecargaCelularClaro ,0)
				+ IFNULL(RecargaFonoClaro	 ,0)
				+ IFNULL(OtrosServicios		 ,0)
		    )
		 )

		 INTO
				DifBanco 
		 FROM
				balance
		 WHERE
				Id = IDBalanceActual;

	SELECT
		 (
			(
				  IFNULL(FijoLocal		,0)
				+ IFNULL(FijoProvincia	,0)
				+ IFNULL(FijoLima		,0)
				+ IFNULL(Rural			,0)
				+ IFNULL(Celular		,0)
				+ IFNULL(LDI			,0)
			)
				- ( IFNULL(TraficoCapturaDollarActual,0) * IFNULL(Paridad,0) )
		 )	

		 INTO
				DifCaptura 
		 FROM
				balance
		 WHERE
				Id = IDBalanceActual;

	SELECT
		 (
				IFNULL(RecargaVentasClaroActual ,0) -
			  ( IFNULL(RecargaCelularClaro		,0) + IFNULL(RecargaFonoClaro,0) )
		 )	

		 INTO
				DifClaro 
		 FROM
				balance
		 WHERE
				Id = IDBalanceActual;

	SELECT
		 (
				IFNULL(RecargaVentasMovActual ,0) -
			  ( IFNULL(RecargaCelularMov	  ,0) + IFNULL(RecargaFonoYaMov,0) )
		 )	

		 INTO
				DifMovistar
		 FROM
				balance
		 WHERE
				Id = IDBalanceActual;


	SET DifBrightstar = (DifClaro + DifMovistar);

	SET Diferenciales = (DifBanco + DifCaptura + DifBrightstar);

	SET Sobrante  = (Diferenciales/IFNULL(Paridad,0));

	#RETURN TRUNCATE(Sobrante,2);
	RETURN Sobrante;

END */;;
DELIMITER ;
/*!50003 SET sql_mode              = @saved_sql_mode */ ;
/*!50003 SET character_set_client  = @saved_cs_client */ ;
/*!50003 SET character_set_results = @saved_cs_results */ ;
/*!50003 SET collation_connection  = @saved_col_connection */ ;
/*!50003 DROP FUNCTION IF EXISTS `sobranteAcum` */;
/*!50003 SET @saved_cs_client      = @@character_set_client */ ;
/*!50003 SET @saved_cs_results     = @@character_set_results */ ;
/*!50003 SET @saved_col_connection = @@collation_connection */ ;
/*!50003 SET character_set_client  = utf8 */ ;
/*!50003 SET character_set_results = utf8 */ ;
/*!50003 SET collation_connection  = utf8_general_ci */ ;
/*!50003 SET @saved_sql_mode       = @@sql_mode */ ;
/*!50003 SET sql_mode              = '' */ ;
DELIMITER ;;
/*!50003 CREATE*/ /*!50020 DEFINER=`edmaku`@`192.168.1.%`*/ /*!50003 FUNCTION `sobranteAcum`(
									 FechaActual 				 VARCHAR(15),
									 IDBalanceActual			 VARCHAR(15),
									 CabinaIdActual 			 VARCHAR(15),
									 MontoBancoActual 			 VARCHAR(15),
									 RecargaVentasMovActual 	 VARCHAR(15),
									 RecargaVentasClaroActual 	 VARCHAR(15),
									 TraficoCapturaDollarActual  VARCHAR(15)
									) RETURNS varchar(30) CHARSET utf8
BEGIN

	DECLARE SobranteActual 				VARCHAR(30);
	DECLARE SobranteAcum 				VARCHAR(30);
	DECLARE IDExists					VARCHAR(30);
	DECLARE MontoBancoIsNull 			BOOLEAN;
	DECLARE RecargaVentasMovIsNull 		BOOLEAN;
	DECLARE RecargaVentasClaroIsNull 	BOOLEAN;
	DECLARE TraficoCapturaDollarIsNull 	BOOLEAN;

	SET 	SobranteAcum 				= "";
	SET 	MontoBancoIsNull 			= FALSE;
	SET 	RecargaVentasMovIsNull 		= FALSE;
	SET 	RecargaVentasClaroIsNull 	= FALSE;
	SET 	TraficoCapturaDollarIsNull  = FALSE;


IF 	   (MontoBancoActual IS NULL)
		OR(RecargaVentasMovActual IS NULL)
		OR(RecargaVentasClaroActual IS NULL)
		OR(TraficoCapturaDollarActual IS NULL) THEN
	RETURN NULL;
END IF;

	IF 	   (MontoBancoActual IS NOT NULL)
		AND(RecargaVentasMovActual IS NOT NULL)
		AND(RecargaVentasClaroActual IS NOT NULL)
		AND(TraficoCapturaDollarActual IS NOT NULL) THEN
	
	
	/*SELECT
		  Id INTO IDExists
	FROM
		  balance
	WHERE
			Id = IDBalanceActual
		 AND
			(	 MontoBancoActual 	IS NOT NULL
			  OR MontoBanco			IS NOT NULL )
		 AND
			(	 RecargaVentasMovActual IS NOT NULL
			  OR RecargaVentasMov 		IS NOT NULL )
		 AND
			(	 RecargaVentasClaroActual IS NOT NULL
			  OR RecargaVentasClaro 	  IS NOT NULL )
		 AND
			(	 TraficoCapturaDollarActual IS NOT NULL
			  OR TraficoCapturaDollar 		IS NOT NULL );


IF IDExists IS NULL THEN

	SET MontoBancoIsNull 			= TRUE;
	SET RecargaVentasMovIsNull 		= TRUE;
	SET RecargaVentasClaroIsNull 	= TRUE;
	SET TraficoCapturaDollarIsNull 	= TRUE;

END IF;


IF
		MontoBancoIsNull
	OR	RecargaVentasMovIsNull
	OR	RecargaVentasClaroIsNull
	OR 	TraficoCapturaDollarIsNull THEN

	RETURN NULL;

END IF;


IF
		NOT MontoBancoIsNull
	AND NOT RecargaVentasMovIsNull
	AND NOT RecargaVentasClaroIsNull
	AND NOT TraficoCapturaDollarIsNull THEN*/


#--------------- COMIENZO - SOBRANTE DEL REGISTRO ACTUAL --------------------------

	SELECT sobranteActual( IDBalanceActual,
								 MontoBancoActual,
								 RecargaVentasMovActual,
								 RecargaVentasClaroActual,
								 TraficoCapturaDollarActual
							   ) INTO SobranteActual;

#--------------- FIN - SOBRANTE DEL REGISTRO ACTUAL -------------------------------



#--------------- COMIENZO - SOBRANTE DE LOS DIAS ANTERIORES -----------------------

	SELECT IFNULL(SUM(sobranteAnteriores(Id)),0) INTO SobranteAcum

	FROM balance

	WHERE
			 CABINA_Id 	 = CabinaIdActual
		 AND Fecha    	>= CONCAT(YEAR(FechaActual),'-',MONTH(FechaActual),'-','01')
		 AND Fecha     	< FechaActual;

#--------------- FIN - SOBRANTE DE LOS DIAS ANTERIORES ----------------------------

	#RETURN TRUNCATE(SobranteAcum + SobranteActual,2);
	RETURN SobranteAcum + SobranteActual;
END IF;
	

END */;;
DELIMITER ;
/*!50003 SET sql_mode              = @saved_sql_mode */ ;
/*!50003 SET character_set_client  = @saved_cs_client */ ;
/*!50003 SET character_set_results = @saved_cs_results */ ;
/*!50003 SET collation_connection  = @saved_col_connection */ ;
/*!50003 DROP FUNCTION IF EXISTS `sobranteAnteriores` */;
/*!50003 SET @saved_cs_client      = @@character_set_client */ ;
/*!50003 SET @saved_cs_results     = @@character_set_results */ ;
/*!50003 SET @saved_col_connection = @@collation_connection */ ;
/*!50003 SET character_set_client  = utf8 */ ;
/*!50003 SET character_set_results = utf8 */ ;
/*!50003 SET collation_connection  = utf8_general_ci */ ;
/*!50003 SET @saved_sql_mode       = @@sql_mode */ ;
/*!50003 SET sql_mode              = '' */ ;
DELIMITER ;;
/*!50003 CREATE*/ /*!50020 DEFINER=`edmaku`@`192.168.1.%`*/ /*!50003 FUNCTION `sobranteAnteriores`(IDBalanceActual VARCHAR(15)) RETURNS varchar(30) CHARSET utf8
BEGIN

	DECLARE Sobrante 					VARCHAR(30);
	DECLARE Paridad 					VARCHAR(30);
	DECLARE DifBanco 					VARCHAR(30);
	DECLARE DifClaro 					VARCHAR(30);
	DECLARE DifMovistar 				VARCHAR(30);
	DECLARE DifCaptura 					VARCHAR(30);
	DECLARE DifBrightstar 				VARCHAR(30);
	DECLARE Diferenciales 				VARCHAR(30);

	SELECT 	
			IFNULL(p.Valor,0)
			INTO
					Paridad
			FROM 	
					balance b,
					paridad p 
			WHERE
				b.PARIDAD_Id  = p.Id
				AND b.Id	  = IDBalanceActual;

	SELECT
		 (
			IFNULL(MontoBanco,0) -
			(
				IFNULL(FijoLocal,0)
				+ IFNULL(FijoProvincia,0)
				+ IFNULL(FijoLima,0)
				+ IFNULL(Rural,0)
				+ IFNULL(Celular,0)
				+ IFNULL(LDI,0)
				+ IFNULL(RecargaCelularMov,0)
				+ IFNULL(RecargaFonoYaMov,0)
				+ IFNULL(RecargaCelularClaro,0)
				+ IFNULL(RecargaFonoClaro,0)
				+ IFNULL(OtrosServicios,0)
		    )
		 )

		 INTO
				DifBanco 
		 FROM
				balance
		 WHERE
				Id = IDBalanceActual;

	SELECT
		 (
			(
				IFNULL(FijoLocal,0)
				+ IFNULL(FijoProvincia,0)
				+ IFNULL(FijoLima,0)
				+ IFNULL(Rural,0)
				+ IFNULL(Celular,0)
				+ IFNULL(LDI,0)
			)
				- ( IFNULL(TraficoCapturaDollar,0) * IFNULL(Paridad,0) )
		 )	

		 INTO
				DifCaptura 
		 FROM
				balance
		 WHERE
				Id = IDBalanceActual;

	SELECT
		 (
				IFNULL(RecargaVentasClaro,0)  -
			  ( IFNULL(RecargaCelularClaro,0) + IFNULL(RecargaFonoClaro,0) )
		 )

		 INTO
				DifClaro 
		 FROM
				balance
		 WHERE
				Id = IDBalanceActual;

	SELECT
		 (
				IFNULL(RecargaVentasMov,0)  -
			  ( IFNULL(RecargaCelularMov,0) + IFNULL(RecargaFonoYaMov,0) )
		 )

		 INTO
				DifMovistar
		 FROM
				balance
		 WHERE
				Id = IDBalanceActual;


	SET DifBrightstar = (DifClaro + DifMovistar);

	SET Diferenciales = (DifBanco + DifCaptura + DifBrightstar);

	SET Sobrante  = (Diferenciales/IFNULL(Paridad,0));

	#RETURN TRUNCATE(Sobrante,2);
	RETURN Sobrante;

END */;;
DELIMITER ;
/*!50003 SET sql_mode              = @saved_sql_mode */ ;
/*!50003 SET character_set_client  = @saved_cs_client */ ;
/*!50003 SET character_set_results = @saved_cs_results */ ;
/*!50003 SET collation_connection  = @saved_col_connection */ ;
/*!50003 DROP FUNCTION IF EXISTS `sobranteSum` */;
/*!50003 SET @saved_cs_client      = @@character_set_client */ ;
/*!50003 SET @saved_cs_results     = @@character_set_results */ ;
/*!50003 SET @saved_col_connection = @@collation_connection */ ;
/*!50003 SET character_set_client  = utf8 */ ;
/*!50003 SET character_set_results = utf8 */ ;
/*!50003 SET collation_connection  = utf8_general_ci */ ;
/*!50003 SET @saved_sql_mode       = @@sql_mode */ ;
/*!50003 SET sql_mode              = '' */ ;
DELIMITER ;;
/*!50003 CREATE*/ /*!50020 DEFINER=`edmaku`@`192.168.1.%`*/ /*!50003 FUNCTION `sobranteSum`(FechaBalance VARCHAR(15)) RETURNS varchar(30) CHARSET utf8
BEGIN

	DECLARE Sobrante 					VARCHAR(30);
	DECLARE Paridad 					VARCHAR(30);
	DECLARE DifBanco 					VARCHAR(30);
	DECLARE DifClaro 					VARCHAR(30);
	DECLARE DifMovistar 				VARCHAR(30);
	DECLARE DifCaptura 					VARCHAR(30);
	DECLARE DifBrightstar 				VARCHAR(30);
	DECLARE Diferenciales 				VARCHAR(30);

	SELECT 	
			IFNULL(p.Valor,0)
			INTO
					Paridad
			FROM 	
					balance b,
					paridad p 
			WHERE
					b.PARIDAD_Id  	= p.Id
				AND b.Fecha	  		= FechaBalance
				LIMIT 1;

	SELECT
		 SUM(
				IFNULL(MontoBanco,0) -
				(
					  IFNULL(FijoLocal			 ,0)
					+ IFNULL(FijoProvincia		 ,0)
					+ IFNULL(FijoLima			 ,0)
					+ IFNULL(Rural				 ,0)
					+ IFNULL(Celular			 ,0)
					+ IFNULL(LDI				 ,0)
					+ IFNULL(RecargaCelularMov	 ,0)
					+ IFNULL(RecargaFonoYaMov	 ,0)
					+ IFNULL(RecargaCelularClaro ,0)
					+ IFNULL(RecargaFonoClaro	 ,0)
					+ IFNULL(OtrosServicios		 ,0)
				)
			)

		 INTO
				DifBanco 
		 FROM
				balance
		 WHERE
				Fecha = FechaBalance;

	SELECT
		 SUM(
				(
					  IFNULL(FijoLocal		,0)
					+ IFNULL(FijoProvincia	,0)
					+ IFNULL(FijoLima		,0)
					+ IFNULL(Rural			,0)
					+ IFNULL(Celular		,0)
					+ IFNULL(LDI			,0)
				)
					- ( IFNULL(TraficoCapturaDollar,0) * IFNULL(Paridad,0) )
			 )

		 INTO
				DifCaptura 
		 FROM
				balance
		 WHERE
				Fecha = FechaBalance;

	SELECT
		 SUM(
					IFNULL(RecargaVentasClaro ,0) -
				  ( IFNULL(RecargaCelularClaro,0) + IFNULL(RecargaFonoClaro,0) )
			 )	

		 INTO
				DifClaro 
		 FROM
				balance
		 WHERE
				Fecha = FechaBalance;

	SELECT
		 SUM(
					IFNULL(RecargaVentasMov ,0) -
				  ( IFNULL(RecargaCelularMov,0) + IFNULL(RecargaFonoYaMov,0) )
			 )	

		 INTO
				DifMovistar
		 FROM
				balance
		 WHERE
				Fecha = FechaBalance;


	SET DifBrightstar = (DifClaro + DifMovistar);

	SET Diferenciales = (DifBanco + DifCaptura + DifBrightstar);

	SET Sobrante  = (Diferenciales/IFNULL(Paridad,0));

	#RETURN TRUNCATE(Sobrante,2);
	RETURN Sobrante;

END */;;
DELIMITER ;
/*!50003 SET sql_mode              = @saved_sql_mode */ ;
/*!50003 SET character_set_client  = @saved_cs_client */ ;
/*!50003 SET character_set_results = @saved_cs_results */ ;
/*!50003 SET collation_connection  = @saved_col_connection */ ;
/*!50003 DROP PROCEDURE IF EXISTS `corrige` */;
/*!50003 SET @saved_cs_client      = @@character_set_client */ ;
/*!50003 SET @saved_cs_results     = @@character_set_results */ ;
/*!50003 SET @saved_col_connection = @@collation_connection */ ;
/*!50003 SET character_set_client  = utf8 */ ;
/*!50003 SET character_set_results = utf8 */ ;
/*!50003 SET collation_connection  = utf8_general_ci */ ;
/*!50003 SET @saved_sql_mode       = @@sql_mode */ ;
/*!50003 SET sql_mode              = '' */ ;
DELIMITER ;;
/*!50003 CREATE*/ /*!50020 DEFINER=`manuelz`@`192.168.1.%`*/ /*!50003 PROCEDURE `corrige`()
BEGIN
DECLARE cierre FLOAT;
DECLARE com, reg INT;
DECLARE done INT Default 0;
DECLARE cur CURSOR FOR SELECT Id FROM pabrightstar WHERE Fecha='2013-05-17';
DECLARE CONTINUE HANDLER FOR SQLSTATE '02000' SET done = 1;
OPEN cur;
REPEAT
	FETCH cur INTO reg;
		IF NOT done THEN
			START TRANSACTION;
				SELECT Compania INTO com FROM pabrightstar WHERE Id=reg;
				SELECT SaldoAperturaPA+(SELECT IFNULL(TransferenciaPA+ComisionPA,0) FROM pabrightstar WHERE Id=reg)-(SELECT IFNULL(SUM(MontoRecarga),0) FROM recargas WHERE PABRIGHTSTAR_Id=reg AND FechaHora LIKE '2013-05-17') INTO cierre FROM pabrightstar WHERE Id=reg;
				UPDATE pabrightstar SET SaldoCierrePA=cierre WHERE Id=reg;
				INSERT INTO pabrightstar(Compania, SaldoAperturaPA, Fecha) VALUES(com, cierre, '2013-05-17' + INTERVAL 1 DAY);
		END IF;
UNTIL done END REPEAT;
CLOSE cur;
END */;;
DELIMITER ;
/*!50003 SET sql_mode              = @saved_sql_mode */ ;
/*!50003 SET character_set_client  = @saved_cs_client */ ;
/*!50003 SET character_set_results = @saved_cs_results */ ;
/*!50003 SET collation_connection  = @saved_col_connection */ ;
/*!50003 DROP PROCEDURE IF EXISTS `genbalances` */;
/*!50003 SET @saved_cs_client      = @@character_set_client */ ;
/*!50003 SET @saved_cs_results     = @@character_set_results */ ;
/*!50003 SET @saved_col_connection = @@collation_connection */ ;
/*!50003 SET character_set_client  = utf8 */ ;
/*!50003 SET character_set_results = utf8 */ ;
/*!50003 SET collation_connection  = utf8_general_ci */ ;
/*!50003 SET @saved_sql_mode       = @@sql_mode */ ;
/*!50003 SET sql_mode              = '' */ ;
DELIMITER ;;
/*!50003 CREATE*/ /*!50020 DEFINER=`root`@`%`*/ /*!50003 PROCEDURE `genbalances`()
BEGIN
DECLARE reg, ultimo, par INT;
DECLARE done INT Default 0;
DECLARE cur CURSOR FOR SELECT Id FROM cabina WHERE status=1 LIMIT 0,1000;
DECLARE CONTINUE HANDLER FOR SQLSTATE '02000' SET done = 1;
SELECT Id INTO par FROM paridad WHERE Fecha<=CURDATE() ORDER BY Fecha DESC LIMIT 1;
OPEN cur;
REPEAT
	FETCH cur INTO reg;
		IF NOT done THEN
			START TRANSACTION;
				INSERT INTO balance(Fecha, SaldoApMov, SaldoApClaro, CABINA_Id, PARIDAD_Id) VALUES(CURDATE(), -1, -1, reg, par);
		END IF;
UNTIL done END REPEAT;
END */;;
DELIMITER ;
/*!50003 SET sql_mode              = @saved_sql_mode */ ;
/*!50003 SET character_set_client  = @saved_cs_client */ ;
/*!50003 SET character_set_results = @saved_cs_results */ ;
/*!50003 SET collation_connection  = @saved_col_connection */ ;
/*!50003 DROP PROCEDURE IF EXISTS `multiple` */;
/*!50003 SET @saved_cs_client      = @@character_set_client */ ;
/*!50003 SET @saved_cs_results     = @@character_set_results */ ;
/*!50003 SET @saved_col_connection = @@collation_connection */ ;
/*!50003 SET character_set_client  = utf8 */ ;
/*!50003 SET character_set_results = utf8 */ ;
/*!50003 SET collation_connection  = utf8_general_ci */ ;
/*!50003 SET @saved_sql_mode       = @@sql_mode */ ;
/*!50003 SET sql_mode              = '' */ ;
DELIMITER ;;
/*!50003 CREATE*/ /*!50020 DEFINER=`manuelz`@`192.168.1.%`*/ /*!50003 PROCEDURE `multiple`()
BEGIN
DECLARE cierre FLOAT;
DECLARE com, reg INT;
DECLARE done INT Default 0;
DECLARE cur CURSOR FOR SELECT Id FROM pabrightstar WHERE Fecha=CURDATE();
DECLARE CONTINUE HANDLER FOR SQLSTATE '02000' SET done = 1;
OPEN cur;
REPEAT
	FETCH cur INTO reg;
		IF NOT done THEN
			START TRANSACTION;
				SELECT Compania INTO com FROM pabrightstar WHERE Id=reg;
				SELECT SaldoAperturaPA+(SELECT IFNULL(TransferenciaPA+ComisionPA,0) FROM pabrightstar WHERE Id=reg)-(SELECT IFNULL(SUM(MontoRecarga),0) FROM recargas WHERE PABRIGHTSTAR_Id=reg AND FechaHora LIKE CURDATE()) INTO cierre FROM pabrightstar WHERE Id=reg;
				UPDATE pabrightstar SET SaldoCierrePA=cierre WHERE Id=reg;
				INSERT INTO pabrightstar(Compania, SaldoAperturaPA, Fecha) VALUES(com, cierre, CURDATE() + INTERVAL 1 DAY);
		END IF;
UNTIL done END REPEAT;
CLOSE cur;
END */;;
DELIMITER ;
/*!50003 SET sql_mode              = @saved_sql_mode */ ;
/*!50003 SET character_set_client  = @saved_cs_client */ ;
/*!50003 SET character_set_results = @saved_cs_results */ ;
/*!50003 SET collation_connection  = @saved_col_connection */ ;
/*!50003 DROP PROCEDURE IF EXISTS `sumatoriaDifCaptura` */;
/*!50003 SET @saved_cs_client      = @@character_set_client */ ;
/*!50003 SET @saved_cs_results     = @@character_set_results */ ;
/*!50003 SET @saved_col_connection = @@collation_connection */ ;
/*!50003 SET character_set_client  = utf8 */ ;
/*!50003 SET character_set_results = utf8 */ ;
/*!50003 SET collation_connection  = utf8_general_ci */ ;
/*!50003 SET @saved_sql_mode       = @@sql_mode */ ;
/*!50003 SET sql_mode              = '' */ ;
DELIMITER ;;
/*!50003 CREATE*/ /*!50020 DEFINER=`edmaku`@`192.168.1.%`*/ /*!50003 PROCEDURE `sumatoriaDifCaptura`(IN FechaFila VARCHAR(10),IN ParidadID INT)
BEGIN

DECLARE Paridad VARCHAR(20);
DECLARE AcumuladoSuma VARCHAR(30);

SELECT TRUNCATE(Valor,2) INTO Paridad FROM paridad WHERE Id=ParidadID;

SELECT (
  SUM(FijoLocal) 
+ SUM(FijoProvincia) 
+ SUM(FijoLima) 
+ SUM(Rural) 
+ SUM(Celular) 
+ SUM(LDI) 
- SUM(TraficoCapturaDollar * Paridad) 
) / Paridad
INTO AcumuladoSuma FROM balance 

WHERE Fecha>=CONCAT(YEAR(curdate()),'-',MONTH(curdate()),'-','01') AND Fecha<=FechaFila;

UPDATE balance SET Acumulado=SUBSTRING(AcumuladoSuma,1,LOCATE('.',AcumuladoSuma)+2) WHERE Fecha=FechaFila;

END */;;
DELIMITER ;
/*!50003 SET sql_mode              = @saved_sql_mode */ ;
/*!50003 SET character_set_client  = @saved_cs_client */ ;
/*!50003 SET character_set_results = @saved_cs_results */ ;
/*!50003 SET collation_connection  = @saved_col_connection */ ;
/*!50003 DROP PROCEDURE IF EXISTS `temp` */;
/*!50003 SET @saved_cs_client      = @@character_set_client */ ;
/*!50003 SET @saved_cs_results     = @@character_set_results */ ;
/*!50003 SET @saved_col_connection = @@collation_connection */ ;
/*!50003 SET character_set_client  = utf8 */ ;
/*!50003 SET character_set_results = utf8 */ ;
/*!50003 SET collation_connection  = utf8_general_ci */ ;
/*!50003 SET @saved_sql_mode       = @@sql_mode */ ;
/*!50003 SET sql_mode              = '' */ ;
DELIMITER ;;
/*!50003 CREATE*/ /*!50020 DEFINER=`manuelz`@`192.168.1.%`*/ /*!50003 PROCEDURE `temp`()
BEGIN
DECLARE cierre FLOAT;
DECLARE num, com, reg INT;
DECLARE cam INT Default 0;
DECLARE cur CURSOR FOR SELECT Id FROM pabrightstar WHERE Fecha='2013-05-09';
SELECT COUNT(Id) INTO num FROM pabrightstar WHERE Fecha='2013-05-09';
OPEN cur;
WHILE cam < num DO
	SET cam = cam + 1;
	FETCH cur INTO reg;
	START TRANSACTION;
		SELECT Compania INTO com FROM pabrightstar WHERE Id=reg;
		SELECT SaldoAperturaPA+(SELECT IFNULL(TransferenciaPA+ComisionPA,0) FROM pabrightstar WHERE Id=reg)-(SELECT IFNULL(SUM(MontoRecarga),0) FROM recargas WHERE PABRIGHTSTAR_Id=reg AND FechaHora LIKE CURDATE()) INTO cierre FROM pabrightstar WHERE Id=reg;
		UPDATE pabrightstar SET SaldoCierrePA=cierre WHERE Id=reg;
		INSERT INTO pabrightstar(Compania, SaldoAperturaPA, Fecha) VALUES(com, cierre, '2013-05-09' + INTERVAL 1 DAY);
END WHILE;
CLOSE cur;
END */;;
DELIMITER ;
/*!50003 SET sql_mode              = @saved_sql_mode */ ;
/*!50003 SET character_set_client  = @saved_cs_client */ ;
/*!50003 SET character_set_results = @saved_cs_results */ ;
/*!50003 SET collation_connection  = @saved_col_connection */ ;

--
-- Final view structure for view `cabina_idconcat_nombre`
--

/*!50001 DROP TABLE IF EXISTS `cabina_idconcat_nombre`*/;
/*!50001 DROP VIEW IF EXISTS `cabina_idconcat_nombre`*/;
/*!50001 SET @saved_cs_client          = @@character_set_client */;
/*!50001 SET @saved_cs_results         = @@character_set_results */;
/*!50001 SET @saved_col_connection     = @@collation_connection */;
/*!50001 SET character_set_client      = utf8 */;
/*!50001 SET character_set_results     = utf8 */;
/*!50001 SET collation_connection      = utf8_general_ci */;
/*!50001 CREATE ALGORITHM=UNDEFINED */
/*!50013 DEFINER=`edmaku`@`192.168.1.%` SQL SECURITY DEFINER */
/*!50001 VIEW `cabina_idconcat_nombre` AS select concat('/^',`cabina`.`Id`,'$/') AS `Id`,`cabina`.`Nombre` AS `Nombre` from `cabina` */;
/*!50001 SET character_set_client      = @saved_cs_client */;
/*!50001 SET character_set_results     = @saved_cs_results */;
/*!50001 SET collation_connection      = @saved_col_connection */;

--
-- Final view structure for view `cabina_usuario`
--

/*!50001 DROP TABLE IF EXISTS `cabina_usuario`*/;
/*!50001 DROP VIEW IF EXISTS `cabina_usuario`*/;
/*!50001 SET @saved_cs_client          = @@character_set_client */;
/*!50001 SET @saved_cs_results         = @@character_set_results */;
/*!50001 SET @saved_col_connection     = @@collation_connection */;
/*!50001 SET character_set_client      = utf8 */;
/*!50001 SET character_set_results     = utf8 */;
/*!50001 SET collation_connection      = utf8_general_ci */;
/*!50001 CREATE ALGORITHM=UNDEFINED */
/*!50013 DEFINER=`edmaku`@`192.168.1.%` SQL SECURITY DEFINER */
/*!50001 VIEW `cabina_usuario` AS (select `cabina`.`Nombre` AS `cabina`,`users`.`username` AS `usuario` from (`cabina` join `users`) where (`cabina`.`Id` = `users`.`CABINA_Id`)) */;
/*!50001 SET character_set_client      = @saved_cs_client */;
/*!50001 SET character_set_results     = @saved_cs_results */;
/*!50001 SET collation_connection      = @saved_col_connection */;

--
-- Final view structure for view `cicloingresos`
--

/*!50001 DROP TABLE IF EXISTS `cicloingresos`*/;
/*!50001 DROP VIEW IF EXISTS `cicloingresos`*/;
/*!50001 SET @saved_cs_client          = @@character_set_client */;
/*!50001 SET @saved_cs_results         = @@character_set_results */;
/*!50001 SET @saved_col_connection     = @@collation_connection */;
/*!50001 SET character_set_client      = utf8 */;
/*!50001 SET character_set_results     = utf8 */;
/*!50001 SET collation_connection      = utf8_general_ci */;
/*!50001 CREATE ALGORITHM=UNDEFINED */
/*!50013 DEFINER=`edmaku`@`192.168.1.%` SQL SECURITY DEFINER */
/*!50001 VIEW `cicloingresos` AS select `b`.`Fecha` AS `Inicio del Balance`,'Todas las Cabinas' AS `Nombre de Cabina`,truncate(sum(((((((((((ifnull(`b`.`FijoLocal`,0) + ifnull(`b`.`FijoProvincia`,0)) + ifnull(`b`.`FijoLima`,0)) + ifnull(`b`.`Rural`,0)) + ifnull(`b`.`Celular`,0)) + ifnull(`b`.`LDI`,0)) + ifnull(`b`.`RecargaCelularMov`,0)) + ifnull(`b`.`RecargaFonoYaMov`,0)) + ifnull(`b`.`RecargaCelularClaro`,0)) + ifnull(`b`.`RecargaFonoClaro`,0)) + ifnull(`b`.`OtrosServicios`,0))),2) AS `Total Ventas (S/.)`,truncate(sum((ifnull(`b`.`MontoBanco`,0) - ((((((((((ifnull(`b`.`FijoLocal`,0) + ifnull(`b`.`FijoProvincia`,0)) + ifnull(`b`.`FijoLima`,0)) + ifnull(`b`.`Rural`,0)) + ifnull(`b`.`Celular`,0)) + ifnull(`b`.`LDI`,0)) + ifnull(`b`.`RecargaCelularMov`,0)) + ifnull(`b`.`RecargaFonoYaMov`,0)) + ifnull(`b`.`RecargaCelularClaro`,0)) + ifnull(`b`.`RecargaFonoClaro`,0)) + ifnull(`b`.`OtrosServicios`,0)))),2) AS `Diferencial Bancario (S/.)`,truncate(sum((ifnull(`b`.`MontoBanco`,0) - ifnull(`b`.`MontoDeposito`,0))),2) AS `Conciliacion Bancaria (S/.)`,truncate(sum((ifnull(`b`.`RecargaVentasMov`,0) - (ifnull(`b`.`RecargaCelularMov`,0) + ifnull(`b`.`RecargaFonoYaMov`,0)))),2) AS `Diferencial Brightstar Movistar (S/.)`,truncate(sum((ifnull(`b`.`RecargaVentasClaro`,0) - (ifnull(`b`.`RecargaCelularClaro`,0) + ifnull(`b`.`RecargaFonoClaro`,0)))),2) AS `Diferencial Brightstar Claro (S/.)`,truncate(ifnull(`p`.`Valor`,0),2) AS `Ultima Paridad Cambiaria (S/.|$)`,truncate(sum(((((((ifnull(`b`.`FijoLocal`,0) + ifnull(`b`.`FijoProvincia`,0)) + ifnull(`b`.`FijoLima`,0)) + ifnull(`b`.`Rural`,0)) + ifnull(`b`.`Celular`,0)) + ifnull(`b`.`LDI`,0)) - (ifnull(`b`.`TraficoCapturaDollar`,0) * ifnull(`p`.`Valor`,0)))),2) AS `Diferencial Captura Soles (S/.)`,truncate(sum((((((((ifnull(`b`.`FijoLocal`,0) + ifnull(`b`.`FijoProvincia`,0)) + ifnull(`b`.`FijoLima`,0)) + ifnull(`b`.`Rural`,0)) + ifnull(`b`.`Celular`,0)) + ifnull(`b`.`LDI`,0)) - (ifnull(`b`.`TraficoCapturaDollar`,0) * ifnull(`p`.`Valor`,0))) / ifnull(`p`.`Valor`,0))),2) AS `Diferencial Captura Dollar (USD $)` from (`balance` `b` join `paridad` `p` on((`b`.`PARIDAD_Id` = `p`.`Id`))) where ((`b`.`Fecha` >= concat(year(curdate()),'-0',month(curdate()),'-','01')) and (`b`.`Fecha` <= concat(year(curdate()),'-0',month(curdate()),'-',(dayofmonth(curdate()) - 1))) and (`b`.`CABINA_Id` not in (2,11,18))) group by `b`.`Fecha` order by `b`.`Fecha` */;
/*!50001 SET character_set_client      = @saved_cs_client */;
/*!50001 SET character_set_results     = @saved_cs_results */;
/*!50001 SET collation_connection      = @saved_col_connection */;
/*!40103 SET TIME_ZONE=@OLD_TIME_ZONE */;

/*!40101 SET SQL_MODE=@OLD_SQL_MODE */;
/*!40014 SET FOREIGN_KEY_CHECKS=@OLD_FOREIGN_KEY_CHECKS */;
/*!40014 SET UNIQUE_CHECKS=@OLD_UNIQUE_CHECKS */;
/*!40101 SET CHARACTER_SET_CLIENT=@OLD_CHARACTER_SET_CLIENT */;
/*!40101 SET CHARACTER_SET_RESULTS=@OLD_CHARACTER_SET_RESULTS */;
/*!40101 SET COLLATION_CONNECTION=@OLD_COLLATION_CONNECTION */;
/*!40111 SET SQL_NOTES=@OLD_SQL_NOTES */;

-- Dump completed on 2013-07-27 12:15:59
