CREATE DATABASE  IF NOT EXISTS `sinca` /*!40100 DEFAULT CHARACTER SET utf8 */;
USE `sinca`;
-- MySQL dump 10.13  Distrib 5.5.16, for Win32 (x86)
--
-- Host: 192.168.1.140    Database: sinca
-- ------------------------------------------------------
-- Server version	5.5.27

/*!40101 SET @OLD_CHARACTER_SET_CLIENT=@@CHARACTER_SET_CLIENT */;
/*!40101 SET @OLD_CHARACTER_SET_RESULTS=@@CHARACTER_SET_RESULTS */;
/*!40101 SET @OLD_COLLATION_CONNECTION=@@COLLATION_CONNECTION */;
/*!40101 SET NAMES utf8 */;
/*!40103 SET @OLD_TIME_ZONE=@@TIME_ZONE */;
/*!40103 SET TIME_ZONE='+00:00' */;
/*!40014 SET @OLD_UNIQUE_CHECKS=@@UNIQUE_CHECKS, UNIQUE_CHECKS=0 */;
/*!40014 SET @OLD_FOREIGN_KEY_CHECKS=@@FOREIGN_KEY_CHECKS, FOREIGN_KEY_CHECKS=0 */;
/*!40101 SET @OLD_SQL_MODE=@@SQL_MODE, SQL_MODE='NO_AUTO_VALUE_ON_ZERO' */;
/*!40111 SET @OLD_SQL_NOTES=@@SQL_NOTES, SQL_NOTES=0 */;

--
-- Table structure for table `accionlog`
--

DROP TABLE IF EXISTS `accionlog`;
/*!40101 SET @saved_cs_client     = @@character_set_client */;
/*!40101 SET character_set_client = utf8 */;
CREATE TABLE `accionlog` (
  `Id` int(11) NOT NULL AUTO_INCREMENT,
  `Nombre` varchar(45) NOT NULL,
  PRIMARY KEY (`Id`)
) ENGINE=InnoDB AUTO_INCREMENT=11 DEFAULT CHARSET=utf8;
/*!40101 SET character_set_client = @saved_cs_client */;

--
-- Dumping data for table `accionlog`
--

LOCK TABLES `accionlog` WRITE;
/*!40000 ALTER TABLE `accionlog` DISABLE KEYS */;
INSERT INTO `accionlog` VALUES (1,'Inicio de Sesion'),(2,'Declarar Apertura'),(3,'Declarar Llamadas'),(4,'Declarar Deposito'),(5,'Salida Almuerzo'),(6,'Regreso Almuerzo'),(7,'Cierre de Sesion'),(8,'Declarar Cierre'),(9,'Inicio Jornada'),(10,'Fin Jornada');
/*!40000 ALTER TABLE `accionlog` ENABLE KEYS */;
UNLOCK TABLES;

--
-- Table structure for table `balance`
--

DROP TABLE IF EXISTS `balance`;
/*!40101 SET @saved_cs_client     = @@character_set_client */;
/*!40101 SET character_set_client = utf8 */;
CREATE TABLE `balance` (
  `Id` int(11) NOT NULL AUTO_INCREMENT,
  `Fecha` date NOT NULL,
  `SaldoApMov` decimal(15,2) NOT NULL,
  `SaldoApClaro` decimal(15,2) NOT NULL,
  `SaldoCierreMov` decimal(15,2) DEFAULT NULL,
  `SaldoCierreClaro` decimal(15,2) DEFAULT NULL,
  `FijoLocal` decimal(15,2) DEFAULT NULL,
  `FijoProvincia` decimal(15,2) DEFAULT NULL,
  `FijoLima` decimal(15,2) DEFAULT NULL,
  `Rural` decimal(15,2) DEFAULT NULL,
  `Celular` decimal(15,2) DEFAULT NULL,
  `LDI` decimal(15,2) DEFAULT NULL,
  `RecargaCelularMov` decimal(15,2) DEFAULT NULL,
  `RecargaFonoYaMov` decimal(15,2) DEFAULT NULL,
  `RecargaCelularClaro` decimal(15,2) DEFAULT NULL,
  `RecargaFonoClaro` decimal(15,2) DEFAULT NULL,
  `OtrosServicios` decimal(15,2) DEFAULT NULL,
  `MontoDeposito` decimal(15,2) DEFAULT NULL,
  `NumRefDeposito` varchar(45) DEFAULT NULL,
  `MontoBanco` decimal(15,2) DEFAULT NULL,
  `ConciliacionBancaria` decimal(15,2) DEFAULT NULL,
  `DiferencialBancario` decimal(15,2) DEFAULT NULL,
  `FechaIngresoLlamadas` datetime DEFAULT NULL,
  `FechaIngresoDeposito` datetime DEFAULT NULL,
  `TraficoCapturaDollar` decimal(15,2) DEFAULT NULL,
  `RecargaVentasMov` decimal(15,2) DEFAULT NULL,
  `RecargaVentasClaro` decimal(15,2) DEFAULT NULL,
  `FechaDep` date DEFAULT NULL,
  `HoraDep` time DEFAULT NULL,
  `Depositante` varchar(45) DEFAULT NULL,
  `TiempoCierre` int(11) DEFAULT '0',
  `CABINA_Id` int(11) DEFAULT NULL,
  `PARIDAD_Id` int(11) DEFAULT NULL,
  `Acumulado` decimal(15,2) DEFAULT NULL,
  `MinutosCaptura` decimal(15,2) DEFAULT NULL,
  `SobranteAcum` decimal(15,2) DEFAULT NULL,
  PRIMARY KEY (`Id`),
  UNIQUE KEY `SobranteAcum_UNIQUE` (`SobranteAcum`),
  KEY `fk_BALANCE_CABINA1_idx` (`CABINA_Id`),
  KEY `fk_BALANCE_PARIDAD1_idx` (`PARIDAD_Id`),
  CONSTRAINT `fk_BALANCE_CABINA1` FOREIGN KEY (`CABINA_Id`) REFERENCES `cabina` (`Id`) ON DELETE NO ACTION ON UPDATE NO ACTION,
  CONSTRAINT `fk_BALANCE_PARIDAD1` FOREIGN KEY (`PARIDAD_Id`) REFERENCES `paridad` (`Id`) ON DELETE NO ACTION ON UPDATE NO ACTION
) ENGINE=InnoDB AUTO_INCREMENT=787 DEFAULT CHARSET=utf8;
/*!40101 SET character_set_client = @saved_cs_client */;

--
-- Dumping data for table `balance`
--

LOCK TABLES `balance` WRITE;
/*!40000 ALTER TABLE `balance` DISABLE KEYS */;
INSERT INTO `balance` VALUES (1,'2013-05-21',-1.00,-1.00,NULL,NULL,NULL,NULL,NULL,NULL,NULL,NULL,NULL,NULL,NULL,NULL,NULL,NULL,NULL,NULL,NULL,NULL,NULL,NULL,NULL,NULL,NULL,NULL,NULL,NULL,0,1,NULL,NULL,NULL,NULL),(114,'2013-03-08',123.20,155.80,444.00,555.00,1000.00,6.40,23.00,0.00,119.70,54.40,245.00,0.00,272.00,23.00,54.00,852.00,'1111111111111111111',NULL,NULL,NULL,'2013-03-10 14:58:34','2013-03-10 14:58:53',NULL,86.00,45.00,NULL,NULL,'jorge',NULL,4,5,NULL,NULL,NULL),(115,'2013-03-07',122.50,187.00,444.00,0.00,0.00,0.00,0.00,0.00,0.00,0.00,0.00,0.00,0.00,0.00,0.00,123.54,'122-4184888-11656-15010005',NULL,NULL,NULL,'2013-03-14 17:05:17','2013-03-14 16:19:56',NULL,75.00,40.00,'0000-00-00','08:00:00','3123213',30,4,5,NULL,NULL,NULL),(116,'2013-03-08',888.00,24.00,NULL,NULL,1000.00,6.40,0.00,0.00,0.00,0.00,245.00,0.00,272.00,0.00,0.00,1561.00,'5615616dwe',NULL,NULL,NULL,'2013-03-10 15:01:08','2013-03-10 15:01:24',NULL,118.00,138.00,NULL,NULL,NULL,NULL,2,5,NULL,NULL,NULL),(117,'2013-03-09',123.20,187.00,NULL,NULL,NULL,NULL,NULL,NULL,NULL,NULL,NULL,NULL,NULL,NULL,NULL,NULL,NULL,NULL,NULL,NULL,NULL,NULL,NULL,35.00,70.00,NULL,NULL,NULL,NULL,4,5,NULL,NULL,NULL),(118,'2013-03-12',123.00,2515.61,245.23,345.15,125.54,253.54,55.44,123.00,1225.41,123.50,245.32,0.00,287.48,0.00,57.41,123.54,'122-4184888-11656-15010005',NULL,NULL,NULL,'2013-03-12 10:58:33','2013-03-12 11:00:06',NULL,82.00,40.00,NULL,NULL,'Pablo',NULL,4,5,NULL,NULL,NULL),(119,'2013-03-13',123.00,2515.61,NULL,NULL,NULL,NULL,NULL,NULL,NULL,NULL,NULL,NULL,NULL,NULL,NULL,123.54,'122-4184888-11656-15010005',NULL,NULL,NULL,NULL,'2013-03-19 11:02:12',NULL,165.00,118.00,'2013-03-13','13:00:00','Pablo',NULL,4,5,NULL,NULL,NULL),(123,'2013-03-14',123.00,545.00,NULL,NULL,NULL,NULL,NULL,NULL,NULL,NULL,NULL,NULL,NULL,NULL,NULL,NULL,NULL,NULL,NULL,NULL,NULL,NULL,NULL,58.00,25.00,NULL,NULL,'Pablo',NULL,4,5,NULL,NULL,NULL),(124,'2013-03-19',1212.00,54.00,NULL,NULL,111.00,111.00,222.00,222.00,1225.41,0.00,12.00,0.00,287.48,23.00,57.41,NULL,NULL,NULL,NULL,NULL,'2013-03-19 19:36:24',NULL,NULL,NULL,NULL,NULL,NULL,NULL,0,4,5,NULL,NULL,NULL),(125,'0000-00-00',123.00,545.00,NULL,NULL,NULL,NULL,NULL,NULL,NULL,NULL,NULL,NULL,NULL,NULL,NULL,NULL,NULL,NULL,NULL,NULL,NULL,NULL,NULL,NULL,NULL,NULL,NULL,NULL,0,4,5,NULL,NULL,NULL),(126,'0000-00-00',123.00,2515.61,NULL,NULL,NULL,NULL,NULL,NULL,NULL,NULL,NULL,NULL,NULL,NULL,NULL,NULL,NULL,NULL,NULL,NULL,NULL,NULL,NULL,NULL,NULL,NULL,NULL,NULL,0,4,5,NULL,NULL,NULL),(127,'0000-00-00',123.00,545.00,NULL,NULL,NULL,NULL,NULL,NULL,NULL,NULL,NULL,NULL,NULL,NULL,NULL,NULL,NULL,NULL,NULL,NULL,NULL,NULL,NULL,NULL,NULL,NULL,NULL,NULL,0,4,5,NULL,NULL,NULL),(128,'0000-00-00',123.00,545.00,NULL,NULL,NULL,NULL,NULL,NULL,NULL,NULL,NULL,NULL,NULL,NULL,NULL,NULL,NULL,NULL,NULL,NULL,NULL,NULL,NULL,NULL,NULL,NULL,NULL,NULL,0,4,5,NULL,NULL,NULL),(129,'1969-12-31',333.00,545.00,NULL,NULL,NULL,NULL,NULL,NULL,NULL,NULL,NULL,NULL,NULL,NULL,NULL,NULL,NULL,NULL,NULL,NULL,NULL,NULL,NULL,NULL,NULL,NULL,NULL,NULL,0,4,5,NULL,NULL,NULL),(130,'1969-12-31',333.00,545.00,NULL,NULL,NULL,NULL,NULL,NULL,NULL,NULL,NULL,NULL,NULL,NULL,NULL,NULL,NULL,NULL,NULL,NULL,NULL,NULL,NULL,NULL,NULL,NULL,NULL,NULL,0,4,5,NULL,NULL,NULL),(131,'1969-12-31',333.00,444.00,NULL,NULL,NULL,NULL,NULL,NULL,NULL,NULL,NULL,NULL,NULL,NULL,NULL,NULL,NULL,NULL,NULL,NULL,NULL,NULL,NULL,NULL,NULL,NULL,NULL,NULL,0,4,5,NULL,NULL,NULL),(132,'2012-02-05',123.00,2515.61,NULL,NULL,NULL,NULL,NULL,NULL,NULL,NULL,NULL,NULL,NULL,NULL,NULL,NULL,NULL,NULL,NULL,NULL,NULL,NULL,NULL,NULL,NULL,NULL,NULL,NULL,0,4,5,NULL,NULL,NULL),(133,'2012-02-05',123.00,545.00,NULL,NULL,NULL,NULL,NULL,NULL,NULL,NULL,NULL,NULL,NULL,NULL,NULL,NULL,NULL,NULL,NULL,NULL,NULL,NULL,NULL,NULL,NULL,NULL,NULL,NULL,0,4,5,NULL,NULL,NULL),(134,'2013-03-13',123.00,545.00,NULL,NULL,NULL,NULL,NULL,NULL,NULL,NULL,NULL,NULL,NULL,NULL,NULL,NULL,NULL,NULL,NULL,NULL,NULL,NULL,NULL,165.00,118.00,NULL,NULL,NULL,0,4,5,NULL,NULL,NULL),(135,'2013-03-16',123.00,545.00,NULL,NULL,NULL,NULL,NULL,NULL,NULL,NULL,NULL,NULL,NULL,NULL,NULL,NULL,NULL,NULL,NULL,NULL,NULL,NULL,NULL,NULL,NULL,NULL,NULL,NULL,0,4,5,NULL,NULL,NULL),(136,'2013-03-17',333.00,444.00,NULL,NULL,NULL,NULL,NULL,NULL,NULL,NULL,NULL,NULL,NULL,NULL,NULL,NULL,NULL,NULL,NULL,NULL,NULL,NULL,NULL,NULL,NULL,NULL,NULL,NULL,0,4,5,NULL,NULL,NULL),(149,'2013-03-26',12.50,15.50,NULL,NULL,NULL,NULL,NULL,NULL,NULL,NULL,NULL,NULL,NULL,NULL,NULL,1505.00,'dcdwe',NULL,NULL,NULL,NULL,'2013-03-27 11:49:35',NULL,NULL,NULL,'2013-03-27','09:00:00','raul',30,4,5,NULL,NULL,NULL),(150,'2013-03-25',2.50,5.30,NULL,NULL,0.00,0.00,0.00,0.00,0.00,0.00,0.00,0.00,0.00,0.00,0.00,0.00,'',NULL,NULL,NULL,'2013-03-26 18:16:39','2013-03-26 18:14:26',NULL,NULL,NULL,'0000-00-00',NULL,'',NULL,4,5,NULL,NULL,NULL),(151,'2013-03-21',1.00,1.00,NULL,NULL,125.54,12.30,1332.22,22.04,45.60,121.30,546.40,545.50,55.60,48.30,5.55,NULL,NULL,NULL,NULL,NULL,'2013-03-26 13:36:28',NULL,NULL,NULL,NULL,NULL,NULL,NULL,0,4,5,NULL,NULL,NULL),(152,'2013-03-20',2.50,5.30,112.00,41.00,NULL,NULL,NULL,NULL,NULL,NULL,NULL,NULL,NULL,NULL,NULL,23.45,'122-4184888-11656-15010005',NULL,NULL,NULL,NULL,'2013-03-26 13:28:36',NULL,NULL,NULL,'2013-03-23','15:00:00','monica',15,4,5,NULL,NULL,NULL),(154,'2013-03-20',100.50,0.00,123.00,0.00,12.33,33.44,3.55,44.55,44.44,22.44,33.55,3.55,0.00,0.00,12.44,55.22,'123456',NULL,NULL,NULL,'2013-03-26 17:05:16','2013-03-26 17:06:02',NULL,877.00,NULL,'2013-03-20','09:35:00','Rafael',30,17,5,NULL,NULL,NULL),(155,'2013-03-21',12.33,0.00,NULL,NULL,NULL,NULL,NULL,NULL,NULL,NULL,NULL,NULL,NULL,NULL,NULL,NULL,NULL,NULL,NULL,NULL,NULL,NULL,NULL,2740.00,NULL,NULL,NULL,NULL,0,17,5,NULL,NULL,NULL),(156,'2013-03-26',333.00,0.00,NULL,NULL,2321.00,1221.00,1212.00,2121.00,2112.00,1221.00,12.00,12.00,0.00,0.00,12.00,NULL,NULL,NULL,NULL,NULL,'2013-03-27 13:04:26',NULL,NULL,51.00,NULL,NULL,NULL,NULL,0,17,5,NULL,NULL,NULL),(157,'2013-03-27',12.54,515.00,NULL,NULL,NULL,NULL,NULL,NULL,NULL,NULL,NULL,NULL,NULL,NULL,NULL,NULL,NULL,NULL,NULL,NULL,NULL,NULL,NULL,NULL,NULL,NULL,NULL,NULL,0,4,5,NULL,NULL,NULL),(158,'2013-03-27',123.00,0.00,NULL,NULL,NULL,NULL,NULL,NULL,NULL,NULL,NULL,NULL,NULL,NULL,NULL,NULL,NULL,NULL,NULL,NULL,NULL,NULL,NULL,290.00,NULL,NULL,NULL,NULL,0,17,5,NULL,NULL,NULL),(159,'2013-03-22',12.00,0.00,NULL,NULL,NULL,NULL,NULL,NULL,NULL,NULL,NULL,NULL,NULL,NULL,NULL,NULL,NULL,NULL,NULL,NULL,NULL,NULL,NULL,1043.00,NULL,NULL,NULL,NULL,0,17,5,NULL,NULL,NULL),(160,'2013-04-01',222.00,4848.00,21.00,15.00,1.00,1.00,1.00,1.00,1.00,1.00,0.00,0.00,0.00,0.00,0.00,NULL,NULL,NULL,NULL,NULL,'2013-04-05 14:54:30',NULL,45.12,NULL,NULL,NULL,NULL,'mazzz88nuel',0,4,5,NULL,230.82,NULL),(161,'2013-04-02',12.22,23.45,NULL,NULL,1.00,1.00,1.00,1.00,1.00,1.00,NULL,NULL,NULL,NULL,NULL,NULL,NULL,NULL,NULL,NULL,NULL,NULL,59.64,NULL,NULL,NULL,NULL,'mazzz88nuel',0,4,5,NULL,237.08,NULL),(162,'2013-04-01',123.12,1.20,NULL,NULL,9.00,9.00,9.00,9.00,9.00,9.00,9.00,9.00,9.00,9.00,9.00,NULL,NULL,NULL,NULL,NULL,'2013-04-02 18:44:42',NULL,NULL,NULL,NULL,NULL,NULL,NULL,0,2,5,NULL,NULL,NULL),(163,'2013-04-02',1111.00,111.00,NULL,NULL,NULL,NULL,NULL,NULL,NULL,NULL,NULL,NULL,NULL,NULL,NULL,NULL,NULL,NULL,NULL,NULL,NULL,NULL,NULL,NULL,NULL,NULL,NULL,NULL,0,2,5,NULL,NULL,NULL),(164,'2013-04-03',123.52,0.00,NULL,NULL,NULL,NULL,NULL,NULL,NULL,NULL,NULL,NULL,NULL,NULL,NULL,NULL,NULL,NULL,NULL,NULL,NULL,NULL,35.82,NULL,NULL,NULL,NULL,NULL,0,17,5,NULL,267.03,NULL),(165,'0000-00-00',125.60,140.80,NULL,NULL,NULL,NULL,NULL,NULL,NULL,NULL,NULL,NULL,NULL,NULL,NULL,NULL,NULL,NULL,NULL,NULL,NULL,NULL,NULL,NULL,NULL,NULL,NULL,NULL,0,4,5,NULL,NULL,NULL),(166,'2013-04-04',222.00,4848.00,21.00,132.00,1.00,1.00,1.00,1.00,1.00,1.00,55.00,55.00,55.00,55.00,555.00,1600.00,'45345443',NULL,NULL,NULL,'2013-04-05 14:55:57','2013-04-05 15:01:58',47.39,NULL,NULL,'2013-04-05','10:00:00','mazzz88nuel',30,4,5,NULL,234.75,NULL),(167,'2013-04-05',222.00,4848.00,NULL,NULL,1.00,1.00,1.00,1.00,1.00,1.00,NULL,NULL,NULL,NULL,NULL,NULL,NULL,NULL,NULL,NULL,NULL,NULL,47.65,NULL,NULL,NULL,NULL,'mazzz88nuel',0,4,5,NULL,225.98,NULL),(168,'2013-04-07',200.00,300.00,50.00,150.00,1.00,1.00,1.00,1.00,1.00,1.00,50.00,100.00,100.00,50.00,120.00,1325.00,'33664',NULL,NULL,NULL,'2013-04-08 14:08:53','2013-04-08 14:15:46',35.60,NULL,NULL,'2013-04-08','08:40:00','mazzz88nuel',NULL,4,5,NULL,176.87,NULL),(260,'2013-04-02',222.00,0.00,NULL,NULL,NULL,NULL,NULL,NULL,NULL,NULL,NULL,NULL,NULL,NULL,NULL,NULL,NULL,NULL,NULL,NULL,NULL,NULL,57.67,NULL,NULL,NULL,NULL,NULL,0,17,5,NULL,504.77,NULL),(261,'2013-04-08',222.00,0.00,21.00,0.00,NULL,NULL,NULL,NULL,NULL,NULL,NULL,NULL,NULL,NULL,NULL,NULL,NULL,NULL,NULL,NULL,NULL,NULL,119.13,NULL,NULL,NULL,NULL,NULL,0,17,5,NULL,1.00,NULL),(262,'2013-04-09',222.00,222.00,0.00,0.00,21.00,23.00,131.00,231.00,2312.00,121.00,21.00,121.00,12.00,21.00,212.00,3225.00,'23423423423',NULL,NULL,NULL,'2013-04-10 17:57:02','2013-04-10 17:57:38',45.79,NULL,NULL,'2013-04-10','09:00:00','Eureka',NULL,4,5,NULL,194.32,NULL),(266,'2013-04-22',222.00,222.00,NULL,NULL,34234.00,23423.00,344.00,234.00,343.00,34.00,3434.00,25.50,3434.00,4343.00,54.00,1505.00,'dcdwe',500.00,-1005.00,-69402.50,'2013-04-23 19:12:21','2013-04-23 19:12:45',41.92,NULL,NULL,'2013-04-23','09:00:00','raul',30,4,5,NULL,189.80,NULL),(267,'2013-04-21',222.00,4848.00,NULL,NULL,123.00,55.00,55.00,55.00,55.00,55.00,55.00,5.00,55.00,5.00,55.00,NULL,NULL,NULL,NULL,NULL,'2013-04-22 19:37:19',NULL,14.00,NULL,NULL,NULL,NULL,NULL,0,4,5,NULL,64.87,NULL),(285,'2013-04-23',222.00,4848.00,NULL,NULL,NULL,NULL,NULL,NULL,NULL,NULL,NULL,NULL,NULL,NULL,NULL,123.00,'jmfgj121',NULL,NULL,NULL,NULL,'2013-04-25 13:08:27',42.65,NULL,NULL,'2013-04-24','08:00:00','Eureka',NULL,4,1,NULL,226.38,NULL),(286,'2013-04-18',123.00,123.00,NULL,NULL,NULL,NULL,NULL,NULL,NULL,NULL,NULL,NULL,NULL,NULL,NULL,0.00,'',NULL,NULL,NULL,NULL,'2013-04-25 17:58:05',44.45,NULL,NULL,'0000-00-00','12:00:00','',NULL,4,NULL,NULL,179.77,NULL),(288,'2013-04-29',3.00,0.00,NULL,NULL,NULL,NULL,NULL,NULL,NULL,NULL,NULL,NULL,NULL,NULL,NULL,NULL,'2013-04-29',NULL,NULL,NULL,NULL,NULL,134.98,NULL,NULL,NULL,NULL,NULL,0,17,NULL,NULL,1.00,NULL),(331,'2013-04-30',-1.00,-1.00,NULL,NULL,NULL,NULL,NULL,NULL,NULL,NULL,NULL,NULL,NULL,NULL,NULL,NULL,NULL,NULL,NULL,NULL,NULL,NULL,76.22,NULL,NULL,NULL,NULL,NULL,0,1,NULL,NULL,407.45,NULL),(332,'2013-04-30',-1.00,-1.00,NULL,NULL,NULL,NULL,NULL,NULL,NULL,NULL,NULL,NULL,NULL,NULL,NULL,NULL,NULL,NULL,NULL,NULL,NULL,NULL,NULL,NULL,NULL,NULL,NULL,NULL,0,2,NULL,NULL,NULL,NULL),(333,'2013-04-30',-1.00,-1.00,NULL,NULL,NULL,NULL,NULL,NULL,NULL,NULL,NULL,NULL,NULL,NULL,NULL,NULL,NULL,NULL,NULL,NULL,NULL,NULL,43.27,NULL,NULL,NULL,NULL,NULL,0,4,NULL,NULL,227.95,NULL),(334,'2013-04-30',-1.00,-1.00,NULL,NULL,NULL,NULL,NULL,NULL,NULL,NULL,NULL,NULL,NULL,NULL,NULL,NULL,NULL,NULL,NULL,NULL,NULL,NULL,75.67,NULL,NULL,NULL,NULL,NULL,0,5,NULL,NULL,327.57,NULL),(335,'2013-04-30',-1.00,-1.00,NULL,NULL,NULL,NULL,NULL,NULL,NULL,NULL,NULL,NULL,NULL,NULL,NULL,NULL,NULL,NULL,NULL,NULL,NULL,NULL,68.96,NULL,NULL,NULL,NULL,NULL,0,6,NULL,NULL,343.65,NULL),(336,'2013-04-30',-1.00,-1.00,NULL,NULL,NULL,NULL,NULL,NULL,NULL,NULL,NULL,NULL,NULL,NULL,NULL,NULL,NULL,NULL,NULL,NULL,NULL,NULL,65.52,NULL,NULL,NULL,NULL,NULL,0,8,NULL,NULL,237.77,NULL),(337,'2013-04-30',-1.00,-1.00,NULL,NULL,NULL,NULL,NULL,NULL,NULL,NULL,NULL,NULL,NULL,NULL,NULL,NULL,NULL,NULL,NULL,NULL,NULL,NULL,172.54,NULL,NULL,NULL,NULL,NULL,0,9,NULL,NULL,782.82,NULL),(338,'2013-04-30',-1.00,-1.00,NULL,NULL,NULL,NULL,NULL,NULL,NULL,NULL,NULL,NULL,NULL,NULL,NULL,NULL,NULL,NULL,NULL,NULL,NULL,NULL,NULL,NULL,NULL,NULL,NULL,NULL,0,11,NULL,NULL,NULL,NULL),(339,'2013-04-30',-1.00,-1.00,NULL,NULL,NULL,NULL,NULL,NULL,NULL,NULL,NULL,NULL,NULL,NULL,NULL,NULL,NULL,NULL,NULL,NULL,NULL,NULL,70.88,NULL,NULL,NULL,NULL,NULL,0,12,NULL,NULL,366.18,NULL),(340,'2013-04-30',-1.00,-1.00,NULL,NULL,NULL,NULL,NULL,NULL,NULL,NULL,NULL,NULL,NULL,NULL,NULL,NULL,NULL,NULL,NULL,NULL,NULL,NULL,96.16,NULL,NULL,NULL,NULL,NULL,0,13,NULL,NULL,464.75,NULL),(341,'2013-04-30',-1.00,-1.00,NULL,NULL,NULL,NULL,NULL,NULL,NULL,NULL,NULL,NULL,NULL,NULL,NULL,NULL,NULL,NULL,NULL,NULL,NULL,NULL,76.71,NULL,NULL,NULL,NULL,NULL,0,14,NULL,NULL,362.95,NULL),(342,'2013-04-30',-1.00,-1.00,NULL,NULL,NULL,NULL,NULL,NULL,NULL,NULL,NULL,NULL,NULL,NULL,NULL,NULL,NULL,NULL,NULL,NULL,NULL,NULL,35.00,NULL,NULL,NULL,NULL,NULL,0,16,NULL,NULL,179.48,NULL),(343,'2013-04-30',-1.00,-1.00,NULL,NULL,NULL,NULL,NULL,NULL,NULL,NULL,NULL,NULL,NULL,NULL,NULL,NULL,NULL,NULL,NULL,NULL,NULL,NULL,127.40,NULL,NULL,NULL,NULL,NULL,0,17,NULL,NULL,941.97,NULL),(345,'2013-05-01',-1.00,-1.00,NULL,NULL,1.00,1.00,1.00,1.00,1.00,1.00,NULL,NULL,NULL,NULL,NULL,NULL,NULL,NULL,NULL,NULL,NULL,NULL,NULL,NULL,NULL,NULL,NULL,NULL,0,1,1,NULL,NULL,NULL),(346,'2013-05-01',-1.00,-1.00,NULL,NULL,1.00,1.00,1.00,1.00,1.00,1.00,NULL,NULL,NULL,NULL,NULL,NULL,NULL,NULL,NULL,NULL,NULL,NULL,NULL,NULL,NULL,NULL,NULL,NULL,0,2,1,NULL,NULL,NULL),(348,'2013-05-01',-1.00,-1.00,NULL,NULL,1.00,1.00,1.00,1.00,1.00,1.00,NULL,NULL,NULL,NULL,NULL,NULL,NULL,NULL,NULL,NULL,NULL,NULL,NULL,NULL,NULL,NULL,NULL,'Pablo MO',0,5,1,NULL,NULL,NULL),(349,'2013-05-01',-1.00,-1.00,NULL,NULL,1.00,1.00,1.00,1.00,1.00,1.00,NULL,NULL,NULL,NULL,NULL,NULL,NULL,NULL,NULL,NULL,NULL,NULL,NULL,NULL,NULL,NULL,NULL,NULL,0,6,1,NULL,NULL,NULL),(350,'2013-05-01',-1.00,-1.00,NULL,NULL,1.00,1.00,1.00,1.00,1.00,1.00,NULL,NULL,NULL,NULL,NULL,NULL,NULL,NULL,NULL,NULL,NULL,NULL,NULL,NULL,NULL,NULL,NULL,NULL,0,8,1,NULL,NULL,NULL),(351,'2013-05-01',-1.00,-1.00,NULL,NULL,1.00,1.00,1.00,1.00,1.00,1.00,NULL,NULL,NULL,NULL,NULL,NULL,NULL,NULL,NULL,NULL,NULL,NULL,NULL,NULL,NULL,NULL,NULL,NULL,0,9,1,NULL,NULL,NULL),(352,'2013-05-01',-1.00,-1.00,NULL,NULL,1.00,1.00,1.00,1.00,1.00,1.00,NULL,NULL,NULL,NULL,NULL,NULL,NULL,NULL,NULL,NULL,NULL,NULL,NULL,NULL,NULL,NULL,NULL,NULL,0,11,1,NULL,NULL,NULL),(353,'2013-05-01',-1.00,-1.00,NULL,NULL,1.00,1.00,1.00,1.00,1.00,1.00,NULL,NULL,NULL,NULL,NULL,NULL,NULL,NULL,NULL,NULL,NULL,NULL,NULL,NULL,NULL,NULL,NULL,NULL,0,12,1,NULL,NULL,NULL),(354,'2013-05-01',-1.00,-1.00,NULL,NULL,1.00,1.00,1.00,1.00,1.00,1.00,NULL,NULL,NULL,NULL,NULL,NULL,NULL,NULL,NULL,NULL,NULL,NULL,NULL,NULL,NULL,NULL,NULL,NULL,0,13,1,NULL,NULL,NULL),(355,'2013-05-01',-1.00,-1.00,NULL,NULL,1.00,1.00,1.00,1.00,1.00,1.00,NULL,NULL,NULL,NULL,NULL,NULL,NULL,NULL,NULL,NULL,NULL,NULL,NULL,NULL,NULL,NULL,NULL,NULL,0,14,1,NULL,NULL,NULL),(356,'2013-05-01',-1.00,-1.00,NULL,NULL,1.00,1.00,1.00,1.00,1.00,1.00,NULL,NULL,NULL,NULL,NULL,NULL,NULL,NULL,NULL,NULL,NULL,NULL,NULL,NULL,NULL,NULL,NULL,NULL,0,16,1,NULL,NULL,NULL),(357,'2013-05-01',-1.00,-1.00,NULL,NULL,1.00,1.00,1.00,1.00,1.00,1.00,NULL,NULL,NULL,NULL,NULL,NULL,NULL,NULL,NULL,NULL,NULL,NULL,NULL,NULL,NULL,NULL,NULL,NULL,0,17,1,NULL,NULL,NULL),(373,'0000-00-00',850.00,200.00,NULL,NULL,NULL,NULL,NULL,NULL,NULL,NULL,NULL,NULL,NULL,NULL,NULL,NULL,'--2013-05-02',NULL,NULL,NULL,NULL,NULL,NULL,NULL,NULL,NULL,NULL,NULL,0,4,NULL,NULL,NULL,NULL),(376,'2013-04-28',500.00,500.00,NULL,NULL,561.00,54.00,564.00,564.00,5646.00,5454.00,545.00,54141.00,454.00,55.00,4.00,123.00,'21123',NULL,NULL,NULL,'2013-05-02 12:19:29','2013-05-02 12:37:10',7.07,NULL,NULL,'2013-05-02','08:00:00','pepe',45,4,NULL,NULL,39.78,NULL),(466,'2013-05-02',-1.00,-1.00,NULL,NULL,1.00,1.00,1.00,1.00,1.00,1.00,NULL,NULL,NULL,NULL,NULL,NULL,NULL,NULL,NULL,NULL,NULL,NULL,NULL,NULL,NULL,NULL,NULL,NULL,0,1,1,NULL,NULL,NULL),(467,'2013-05-02',-1.00,-1.00,NULL,NULL,1.00,1.00,1.00,1.00,1.00,1.00,NULL,NULL,NULL,NULL,NULL,NULL,NULL,NULL,NULL,NULL,NULL,NULL,NULL,NULL,NULL,NULL,NULL,NULL,0,2,1,NULL,NULL,NULL),(469,'2013-05-02',-1.00,-1.00,NULL,NULL,1.00,1.00,1.00,1.00,1.00,1.00,NULL,NULL,NULL,NULL,NULL,NULL,NULL,NULL,NULL,NULL,NULL,NULL,NULL,NULL,NULL,NULL,NULL,'Pablo',0,5,1,NULL,NULL,NULL),(470,'2013-05-02',-1.00,-1.00,NULL,NULL,1.00,1.00,1.00,1.00,1.00,1.00,NULL,NULL,NULL,NULL,NULL,NULL,NULL,NULL,NULL,NULL,NULL,NULL,NULL,NULL,NULL,NULL,NULL,NULL,0,6,1,NULL,NULL,NULL),(471,'2013-05-02',-1.00,-1.00,NULL,NULL,1.00,1.00,1.00,1.00,1.00,1.00,NULL,NULL,NULL,NULL,NULL,NULL,NULL,NULL,NULL,NULL,NULL,NULL,NULL,NULL,NULL,NULL,NULL,NULL,0,8,1,NULL,NULL,NULL),(472,'2013-05-02',-1.00,-1.00,NULL,NULL,1.00,1.00,1.00,1.00,1.00,1.00,NULL,NULL,NULL,NULL,NULL,NULL,NULL,NULL,NULL,NULL,NULL,NULL,NULL,NULL,NULL,NULL,NULL,NULL,0,9,1,NULL,NULL,NULL),(473,'2013-05-02',-1.00,-1.00,NULL,NULL,1.00,1.00,1.00,1.00,1.00,1.00,NULL,NULL,NULL,NULL,NULL,NULL,NULL,NULL,NULL,NULL,NULL,NULL,NULL,NULL,NULL,NULL,NULL,NULL,0,11,1,NULL,NULL,NULL),(474,'2013-05-02',-1.00,-1.00,NULL,NULL,1.00,1.00,1.00,1.00,1.00,1.00,NULL,NULL,NULL,NULL,NULL,NULL,NULL,NULL,NULL,NULL,NULL,NULL,NULL,NULL,NULL,NULL,NULL,NULL,0,12,1,NULL,NULL,NULL),(475,'2013-05-02',-1.00,-1.00,NULL,NULL,1.00,1.00,1.00,1.00,1.00,1.00,NULL,NULL,NULL,NULL,NULL,NULL,NULL,NULL,NULL,NULL,NULL,NULL,NULL,NULL,NULL,NULL,NULL,NULL,0,14,1,NULL,NULL,NULL),(476,'2013-05-02',-1.00,-1.00,NULL,NULL,1.00,1.00,1.00,1.00,1.00,1.00,NULL,NULL,NULL,NULL,NULL,NULL,NULL,NULL,NULL,NULL,NULL,NULL,NULL,NULL,NULL,NULL,NULL,NULL,0,16,1,NULL,NULL,NULL),(497,'2013-05-01',123.00,50.00,45.00,54.00,NULL,NULL,NULL,NULL,NULL,NULL,NULL,NULL,NULL,NULL,NULL,200.00,'jmfgj121',100.00,-100.00,100.00,'2013-05-03 17:15:28','2013-05-03 17:08:04',NULL,NULL,NULL,'2013-05-02','08:00:00','manolo',0,4,1,NULL,NULL,NULL),(498,'2013-05-02',222.00,4848.00,NULL,NULL,20.00,20.00,20.00,20.00,20.00,20.00,NULL,NULL,NULL,NULL,NULL,NULL,NULL,NULL,NULL,NULL,NULL,NULL,NULL,NULL,NULL,NULL,NULL,'manolo',0,4,1,NULL,NULL,NULL),(545,'2013-05-03',-1.00,-1.00,NULL,NULL,NULL,NULL,NULL,NULL,NULL,NULL,NULL,NULL,NULL,NULL,NULL,NULL,NULL,NULL,NULL,NULL,NULL,NULL,NULL,NULL,NULL,NULL,NULL,NULL,0,1,1,NULL,NULL,NULL),(546,'2013-05-03',-1.00,-1.00,NULL,NULL,NULL,NULL,NULL,NULL,NULL,NULL,NULL,NULL,NULL,NULL,NULL,NULL,NULL,NULL,NULL,NULL,NULL,NULL,NULL,NULL,NULL,NULL,NULL,NULL,0,2,1,NULL,NULL,NULL),(547,'2013-05-03',-1.00,-1.00,NULL,NULL,NULL,NULL,NULL,NULL,NULL,NULL,NULL,NULL,NULL,NULL,NULL,NULL,NULL,NULL,NULL,NULL,NULL,NULL,NULL,NULL,NULL,NULL,NULL,NULL,0,4,1,NULL,NULL,NULL),(548,'2013-05-03',-1.00,-1.00,NULL,NULL,NULL,NULL,NULL,NULL,NULL,NULL,NULL,NULL,NULL,NULL,NULL,NULL,NULL,NULL,NULL,NULL,NULL,NULL,NULL,NULL,NULL,NULL,NULL,NULL,0,5,1,NULL,NULL,NULL),(549,'2013-05-03',-1.00,-1.00,NULL,NULL,NULL,NULL,NULL,NULL,NULL,NULL,NULL,NULL,NULL,NULL,NULL,NULL,NULL,NULL,NULL,NULL,NULL,NULL,NULL,NULL,NULL,NULL,NULL,NULL,0,6,1,NULL,NULL,NULL),(550,'2013-05-03',-1.00,-1.00,NULL,NULL,NULL,NULL,NULL,NULL,NULL,NULL,NULL,NULL,NULL,NULL,NULL,NULL,NULL,NULL,NULL,NULL,NULL,NULL,NULL,NULL,NULL,NULL,NULL,NULL,0,8,1,NULL,NULL,NULL),(551,'2013-05-03',-1.00,-1.00,NULL,NULL,NULL,NULL,NULL,NULL,NULL,NULL,NULL,NULL,NULL,NULL,NULL,NULL,NULL,NULL,NULL,NULL,NULL,NULL,NULL,NULL,NULL,NULL,NULL,NULL,0,9,1,NULL,NULL,NULL),(552,'2013-05-03',-1.00,-1.00,NULL,NULL,NULL,NULL,NULL,NULL,NULL,NULL,NULL,NULL,NULL,NULL,NULL,NULL,NULL,NULL,NULL,NULL,NULL,NULL,NULL,NULL,NULL,NULL,NULL,NULL,0,11,1,NULL,NULL,NULL),(553,'2013-05-03',-1.00,-1.00,NULL,NULL,NULL,NULL,NULL,NULL,NULL,NULL,NULL,NULL,NULL,NULL,NULL,NULL,NULL,NULL,NULL,NULL,NULL,NULL,NULL,NULL,NULL,NULL,NULL,NULL,0,12,1,NULL,NULL,NULL),(554,'2013-05-03',-1.00,-1.00,NULL,NULL,NULL,NULL,NULL,NULL,NULL,NULL,NULL,NULL,NULL,NULL,NULL,NULL,NULL,NULL,NULL,NULL,NULL,NULL,NULL,NULL,NULL,NULL,NULL,NULL,0,13,1,NULL,NULL,NULL),(555,'2013-05-03',-1.00,-1.00,NULL,NULL,NULL,NULL,NULL,NULL,NULL,NULL,NULL,NULL,NULL,NULL,NULL,NULL,NULL,NULL,NULL,NULL,NULL,NULL,NULL,NULL,NULL,NULL,NULL,NULL,0,14,1,NULL,NULL,NULL),(556,'2013-05-03',-1.00,-1.00,NULL,NULL,NULL,NULL,NULL,NULL,NULL,NULL,NULL,NULL,NULL,NULL,NULL,NULL,NULL,NULL,NULL,NULL,NULL,NULL,NULL,NULL,NULL,NULL,NULL,NULL,0,15,1,NULL,NULL,NULL),(557,'2013-05-03',-1.00,-1.00,NULL,NULL,NULL,NULL,NULL,NULL,NULL,NULL,NULL,NULL,NULL,NULL,NULL,NULL,NULL,NULL,NULL,NULL,NULL,NULL,NULL,NULL,NULL,NULL,NULL,NULL,0,16,1,NULL,NULL,NULL),(558,'2013-05-03',-1.00,-1.00,NULL,NULL,NULL,NULL,NULL,NULL,NULL,NULL,NULL,NULL,NULL,NULL,NULL,NULL,NULL,NULL,NULL,NULL,NULL,NULL,NULL,NULL,NULL,NULL,NULL,NULL,0,17,1,NULL,NULL,NULL),(588,'2013-05-06',-1.00,-1.00,NULL,NULL,NULL,NULL,NULL,NULL,NULL,NULL,NULL,NULL,NULL,NULL,NULL,NULL,NULL,NULL,NULL,NULL,NULL,NULL,NULL,NULL,NULL,NULL,NULL,NULL,0,1,1,NULL,NULL,NULL),(589,'2013-05-06',-1.00,-1.00,NULL,NULL,NULL,NULL,NULL,NULL,NULL,NULL,NULL,NULL,NULL,NULL,NULL,NULL,NULL,NULL,NULL,NULL,NULL,NULL,NULL,NULL,NULL,NULL,NULL,NULL,0,2,1,NULL,NULL,NULL),(590,'2013-05-06',-1.00,-1.00,NULL,NULL,NULL,NULL,NULL,NULL,NULL,NULL,NULL,NULL,NULL,NULL,NULL,NULL,NULL,NULL,NULL,NULL,NULL,NULL,NULL,NULL,NULL,NULL,NULL,NULL,0,4,1,NULL,NULL,NULL),(591,'2013-05-06',-1.00,-1.00,NULL,NULL,NULL,NULL,NULL,NULL,NULL,NULL,NULL,NULL,NULL,NULL,NULL,NULL,NULL,NULL,NULL,NULL,NULL,NULL,NULL,NULL,NULL,NULL,NULL,NULL,0,5,1,NULL,NULL,NULL),(592,'2013-05-06',-1.00,-1.00,NULL,NULL,NULL,NULL,NULL,NULL,NULL,NULL,NULL,NULL,NULL,NULL,NULL,NULL,NULL,NULL,NULL,NULL,NULL,NULL,NULL,NULL,NULL,NULL,NULL,NULL,0,6,1,NULL,NULL,NULL),(593,'2013-05-06',-1.00,-1.00,NULL,NULL,NULL,NULL,NULL,NULL,NULL,NULL,NULL,NULL,NULL,NULL,NULL,NULL,NULL,NULL,NULL,NULL,NULL,NULL,NULL,NULL,NULL,NULL,NULL,NULL,0,8,1,NULL,NULL,NULL),(594,'2013-05-06',-1.00,-1.00,NULL,NULL,NULL,NULL,NULL,NULL,NULL,NULL,NULL,NULL,NULL,NULL,NULL,NULL,NULL,NULL,NULL,NULL,NULL,NULL,NULL,NULL,NULL,NULL,NULL,NULL,0,9,1,NULL,NULL,NULL),(595,'2013-05-06',-1.00,-1.00,NULL,NULL,NULL,NULL,NULL,NULL,NULL,NULL,NULL,NULL,NULL,NULL,NULL,NULL,NULL,NULL,NULL,NULL,NULL,NULL,NULL,NULL,NULL,NULL,NULL,NULL,0,11,1,NULL,NULL,NULL),(596,'2013-05-06',-1.00,-1.00,NULL,NULL,NULL,NULL,NULL,NULL,NULL,NULL,NULL,NULL,NULL,NULL,NULL,NULL,NULL,NULL,NULL,NULL,NULL,NULL,NULL,NULL,NULL,NULL,NULL,NULL,0,12,1,NULL,NULL,NULL),(597,'2013-05-06',-1.00,-1.00,NULL,NULL,NULL,NULL,NULL,NULL,NULL,NULL,NULL,NULL,NULL,NULL,NULL,NULL,NULL,NULL,NULL,NULL,NULL,NULL,NULL,NULL,NULL,NULL,NULL,NULL,0,13,1,NULL,NULL,NULL),(598,'2013-05-06',-1.00,-1.00,NULL,NULL,NULL,NULL,NULL,NULL,NULL,NULL,NULL,NULL,NULL,NULL,NULL,NULL,NULL,NULL,NULL,NULL,NULL,NULL,NULL,NULL,NULL,NULL,NULL,NULL,0,14,1,NULL,NULL,NULL),(599,'2013-05-06',-1.00,-1.00,NULL,NULL,NULL,NULL,NULL,NULL,NULL,NULL,NULL,NULL,NULL,NULL,NULL,NULL,NULL,NULL,NULL,NULL,NULL,NULL,NULL,NULL,NULL,NULL,NULL,NULL,0,15,1,NULL,NULL,NULL),(600,'2013-05-06',-1.00,-1.00,NULL,NULL,NULL,NULL,NULL,NULL,NULL,NULL,NULL,NULL,NULL,NULL,NULL,NULL,NULL,NULL,NULL,NULL,NULL,NULL,NULL,NULL,NULL,NULL,NULL,NULL,0,16,1,NULL,NULL,NULL),(601,'2013-05-06',-1.00,-1.00,NULL,NULL,NULL,NULL,NULL,NULL,NULL,NULL,NULL,NULL,NULL,NULL,NULL,NULL,NULL,NULL,NULL,NULL,NULL,NULL,NULL,NULL,NULL,NULL,NULL,NULL,0,17,1,NULL,NULL,NULL),(603,'2013-03-10',100.00,120.00,NULL,NULL,NULL,NULL,NULL,NULL,NULL,NULL,NULL,NULL,NULL,NULL,NULL,NULL,NULL,NULL,NULL,NULL,NULL,NULL,NULL,131.00,122.90,NULL,NULL,NULL,0,8,NULL,NULL,NULL,NULL),(605,'2013-05-04',-1.00,-1.00,NULL,NULL,NULL,NULL,NULL,NULL,NULL,NULL,NULL,NULL,NULL,NULL,NULL,NULL,NULL,NULL,NULL,NULL,NULL,NULL,NULL,NULL,NULL,NULL,NULL,NULL,0,1,NULL,NULL,NULL,NULL),(606,'2013-05-04',-1.00,-1.00,NULL,NULL,NULL,NULL,NULL,NULL,NULL,NULL,NULL,NULL,NULL,NULL,NULL,NULL,NULL,NULL,NULL,NULL,NULL,NULL,NULL,NULL,NULL,NULL,NULL,NULL,0,2,NULL,NULL,NULL,NULL),(607,'2013-05-04',-1.00,-1.00,NULL,NULL,NULL,NULL,NULL,NULL,NULL,NULL,NULL,NULL,NULL,NULL,NULL,NULL,NULL,NULL,NULL,NULL,NULL,NULL,NULL,NULL,NULL,NULL,NULL,NULL,0,4,NULL,NULL,NULL,NULL),(608,'2013-05-04',-1.00,-1.00,NULL,NULL,NULL,NULL,NULL,NULL,NULL,NULL,NULL,NULL,NULL,NULL,NULL,NULL,NULL,NULL,NULL,NULL,NULL,NULL,NULL,NULL,NULL,NULL,NULL,NULL,0,5,NULL,NULL,NULL,NULL),(609,'2013-05-04',-1.00,-1.00,NULL,NULL,NULL,NULL,NULL,NULL,NULL,NULL,NULL,NULL,NULL,NULL,NULL,NULL,NULL,NULL,NULL,NULL,NULL,NULL,NULL,NULL,NULL,NULL,NULL,NULL,0,6,NULL,NULL,NULL,NULL),(610,'2013-05-04',-1.00,-1.00,NULL,NULL,NULL,NULL,NULL,NULL,NULL,NULL,NULL,NULL,NULL,NULL,NULL,NULL,NULL,NULL,NULL,NULL,NULL,NULL,NULL,NULL,NULL,NULL,NULL,NULL,0,8,NULL,NULL,NULL,NULL),(611,'2013-05-04',-1.00,-1.00,NULL,NULL,NULL,NULL,NULL,NULL,NULL,NULL,NULL,NULL,NULL,NULL,NULL,NULL,NULL,NULL,NULL,NULL,NULL,NULL,NULL,NULL,NULL,NULL,NULL,NULL,0,9,NULL,NULL,NULL,NULL),(612,'2013-05-04',-1.00,-1.00,NULL,NULL,NULL,NULL,NULL,NULL,NULL,NULL,NULL,NULL,NULL,NULL,NULL,NULL,NULL,NULL,NULL,NULL,NULL,NULL,NULL,NULL,NULL,NULL,NULL,NULL,0,11,NULL,NULL,NULL,NULL),(613,'2013-05-04',-1.00,-1.00,NULL,NULL,NULL,NULL,NULL,NULL,NULL,NULL,NULL,NULL,NULL,NULL,NULL,NULL,NULL,NULL,NULL,NULL,NULL,NULL,NULL,NULL,NULL,NULL,NULL,NULL,0,12,NULL,NULL,NULL,NULL),(614,'2013-05-04',-1.00,-1.00,NULL,NULL,NULL,NULL,NULL,NULL,NULL,NULL,NULL,NULL,NULL,NULL,NULL,NULL,NULL,NULL,NULL,NULL,NULL,NULL,NULL,NULL,NULL,NULL,NULL,NULL,0,13,NULL,NULL,NULL,NULL),(615,'2013-05-04',-1.00,-1.00,NULL,NULL,NULL,NULL,NULL,NULL,NULL,NULL,NULL,NULL,NULL,NULL,NULL,NULL,NULL,NULL,NULL,NULL,NULL,NULL,NULL,NULL,NULL,NULL,NULL,NULL,0,14,NULL,NULL,NULL,NULL),(616,'2013-05-04',-1.00,-1.00,NULL,NULL,NULL,NULL,NULL,NULL,NULL,NULL,NULL,NULL,NULL,NULL,NULL,NULL,NULL,NULL,NULL,NULL,NULL,NULL,NULL,NULL,NULL,NULL,NULL,NULL,0,15,NULL,NULL,NULL,NULL),(617,'2013-05-04',-1.00,-1.00,NULL,NULL,NULL,NULL,NULL,NULL,NULL,NULL,NULL,NULL,NULL,NULL,NULL,NULL,NULL,NULL,NULL,NULL,NULL,NULL,NULL,NULL,NULL,NULL,NULL,NULL,0,16,NULL,NULL,NULL,NULL),(618,'2013-05-04',-1.00,-1.00,NULL,NULL,NULL,NULL,NULL,NULL,NULL,NULL,NULL,NULL,NULL,NULL,NULL,NULL,NULL,NULL,NULL,NULL,NULL,NULL,NULL,NULL,NULL,NULL,NULL,NULL,0,17,NULL,NULL,NULL,NULL),(619,'2013-05-04',-1.00,-1.00,NULL,NULL,NULL,NULL,NULL,NULL,NULL,NULL,NULL,NULL,NULL,NULL,NULL,NULL,NULL,NULL,NULL,NULL,NULL,NULL,NULL,NULL,NULL,NULL,NULL,NULL,0,18,NULL,NULL,NULL,NULL),(620,'2013-05-05',-1.00,-1.00,NULL,NULL,NULL,NULL,NULL,NULL,NULL,NULL,NULL,NULL,NULL,NULL,NULL,NULL,NULL,NULL,NULL,NULL,NULL,NULL,NULL,NULL,NULL,NULL,NULL,NULL,0,1,NULL,NULL,NULL,NULL),(621,'2013-05-05',-1.00,-1.00,NULL,NULL,NULL,NULL,NULL,NULL,NULL,NULL,NULL,NULL,NULL,NULL,NULL,NULL,NULL,NULL,NULL,NULL,NULL,NULL,NULL,NULL,NULL,NULL,NULL,NULL,0,2,NULL,NULL,NULL,NULL),(622,'2013-05-05',-1.00,-1.00,NULL,NULL,NULL,NULL,NULL,NULL,NULL,NULL,NULL,NULL,NULL,NULL,NULL,NULL,NULL,NULL,NULL,NULL,NULL,NULL,NULL,NULL,NULL,NULL,NULL,NULL,0,4,NULL,NULL,NULL,NULL),(623,'2013-05-05',-1.00,-1.00,NULL,NULL,NULL,NULL,NULL,NULL,NULL,NULL,NULL,NULL,NULL,NULL,NULL,NULL,NULL,NULL,NULL,NULL,NULL,NULL,NULL,NULL,NULL,NULL,NULL,NULL,0,5,NULL,NULL,NULL,NULL),(624,'2013-05-05',-1.00,-1.00,NULL,NULL,NULL,NULL,NULL,NULL,NULL,NULL,NULL,NULL,NULL,NULL,NULL,NULL,NULL,NULL,NULL,NULL,NULL,NULL,NULL,NULL,NULL,NULL,NULL,NULL,0,6,NULL,NULL,NULL,NULL),(625,'2013-05-05',-1.00,-1.00,NULL,NULL,NULL,NULL,NULL,NULL,NULL,NULL,NULL,NULL,NULL,NULL,NULL,NULL,NULL,NULL,NULL,NULL,NULL,NULL,NULL,NULL,NULL,NULL,NULL,NULL,0,8,NULL,NULL,NULL,NULL),(626,'2013-05-05',-1.00,-1.00,NULL,NULL,NULL,NULL,NULL,NULL,NULL,NULL,NULL,NULL,NULL,NULL,NULL,NULL,NULL,NULL,NULL,NULL,NULL,NULL,NULL,NULL,NULL,NULL,NULL,NULL,0,9,NULL,NULL,NULL,NULL),(627,'2013-05-05',-1.00,-1.00,NULL,NULL,NULL,NULL,NULL,NULL,NULL,NULL,NULL,NULL,NULL,NULL,NULL,NULL,NULL,NULL,NULL,NULL,NULL,NULL,NULL,NULL,NULL,NULL,NULL,NULL,0,11,NULL,NULL,NULL,NULL),(628,'2013-05-05',-1.00,-1.00,NULL,NULL,NULL,NULL,NULL,NULL,NULL,NULL,NULL,NULL,NULL,NULL,NULL,NULL,NULL,NULL,NULL,NULL,NULL,NULL,NULL,NULL,NULL,NULL,NULL,NULL,0,12,NULL,NULL,NULL,NULL),(629,'2013-05-05',-1.00,-1.00,NULL,NULL,NULL,NULL,NULL,NULL,NULL,NULL,NULL,NULL,NULL,NULL,NULL,NULL,NULL,NULL,NULL,NULL,NULL,NULL,NULL,NULL,NULL,NULL,NULL,NULL,0,13,NULL,NULL,NULL,NULL),(630,'2013-05-05',-1.00,-1.00,NULL,NULL,NULL,NULL,NULL,NULL,NULL,NULL,NULL,NULL,NULL,NULL,NULL,NULL,NULL,NULL,NULL,NULL,NULL,NULL,NULL,NULL,NULL,NULL,NULL,NULL,0,14,NULL,NULL,NULL,NULL),(631,'2013-05-05',-1.00,-1.00,NULL,NULL,NULL,NULL,NULL,NULL,NULL,NULL,NULL,NULL,NULL,NULL,NULL,NULL,NULL,NULL,NULL,NULL,NULL,NULL,NULL,NULL,NULL,NULL,NULL,NULL,0,15,NULL,NULL,NULL,NULL),(632,'2013-05-05',-1.00,-1.00,NULL,NULL,NULL,NULL,NULL,NULL,NULL,NULL,NULL,NULL,NULL,NULL,NULL,NULL,NULL,NULL,NULL,NULL,NULL,NULL,NULL,NULL,NULL,NULL,NULL,NULL,0,16,NULL,NULL,NULL,NULL),(633,'2013-05-05',-1.00,-1.00,NULL,NULL,NULL,NULL,NULL,NULL,NULL,NULL,NULL,NULL,NULL,NULL,NULL,NULL,NULL,NULL,NULL,NULL,NULL,NULL,NULL,NULL,NULL,NULL,NULL,NULL,0,17,NULL,NULL,NULL,NULL),(634,'2013-05-05',-1.00,-1.00,NULL,NULL,NULL,NULL,NULL,NULL,NULL,NULL,NULL,NULL,NULL,NULL,NULL,NULL,NULL,NULL,NULL,NULL,NULL,NULL,NULL,NULL,NULL,NULL,NULL,NULL,0,18,NULL,NULL,NULL,NULL),(635,'2013-05-06',-1.00,-1.00,NULL,NULL,NULL,NULL,NULL,NULL,NULL,NULL,NULL,NULL,NULL,NULL,NULL,NULL,NULL,NULL,NULL,NULL,NULL,NULL,NULL,NULL,NULL,NULL,NULL,NULL,0,1,NULL,NULL,NULL,NULL),(636,'2013-05-06',-1.00,-1.00,NULL,NULL,NULL,NULL,NULL,NULL,NULL,NULL,NULL,NULL,NULL,NULL,NULL,NULL,NULL,NULL,NULL,NULL,NULL,NULL,NULL,NULL,NULL,NULL,NULL,NULL,0,2,NULL,NULL,NULL,NULL),(637,'2013-05-06',-1.00,-1.00,NULL,NULL,NULL,NULL,NULL,NULL,NULL,NULL,NULL,NULL,NULL,NULL,NULL,NULL,NULL,NULL,NULL,NULL,NULL,NULL,NULL,NULL,NULL,NULL,NULL,NULL,0,4,NULL,NULL,NULL,NULL),(638,'2013-05-06',-1.00,-1.00,NULL,NULL,NULL,NULL,NULL,NULL,NULL,NULL,NULL,NULL,NULL,NULL,NULL,NULL,NULL,NULL,NULL,NULL,NULL,NULL,NULL,NULL,NULL,NULL,NULL,NULL,0,5,NULL,NULL,NULL,NULL),(639,'2013-05-06',-1.00,-1.00,NULL,NULL,NULL,NULL,NULL,NULL,NULL,NULL,NULL,NULL,NULL,NULL,NULL,NULL,NULL,NULL,NULL,NULL,NULL,NULL,NULL,NULL,NULL,NULL,NULL,NULL,0,6,NULL,NULL,NULL,NULL),(640,'2013-05-06',-1.00,-1.00,NULL,NULL,NULL,NULL,NULL,NULL,NULL,NULL,NULL,NULL,NULL,NULL,NULL,NULL,NULL,NULL,NULL,NULL,NULL,NULL,NULL,NULL,NULL,NULL,NULL,NULL,0,8,NULL,NULL,NULL,NULL),(641,'2013-05-06',-1.00,-1.00,NULL,NULL,NULL,NULL,NULL,NULL,NULL,NULL,NULL,NULL,NULL,NULL,NULL,NULL,NULL,NULL,NULL,NULL,NULL,NULL,NULL,NULL,NULL,NULL,NULL,NULL,0,9,NULL,NULL,NULL,NULL),(642,'2013-05-06',-1.00,-1.00,NULL,NULL,NULL,NULL,NULL,NULL,NULL,NULL,NULL,NULL,NULL,NULL,NULL,NULL,NULL,NULL,NULL,NULL,NULL,NULL,NULL,NULL,NULL,NULL,NULL,NULL,0,11,NULL,NULL,NULL,NULL),(643,'2013-05-06',-1.00,-1.00,NULL,NULL,NULL,NULL,NULL,NULL,NULL,NULL,NULL,NULL,NULL,NULL,NULL,NULL,NULL,NULL,NULL,NULL,NULL,NULL,NULL,NULL,NULL,NULL,NULL,NULL,0,12,NULL,NULL,NULL,NULL),(644,'2013-05-06',-1.00,-1.00,NULL,NULL,NULL,NULL,NULL,NULL,NULL,NULL,NULL,NULL,NULL,NULL,NULL,NULL,NULL,NULL,NULL,NULL,NULL,NULL,NULL,NULL,NULL,NULL,NULL,NULL,0,13,NULL,NULL,NULL,NULL),(645,'2013-05-06',-1.00,-1.00,NULL,NULL,NULL,NULL,NULL,NULL,NULL,NULL,NULL,NULL,NULL,NULL,NULL,NULL,NULL,NULL,NULL,NULL,NULL,NULL,NULL,NULL,NULL,NULL,NULL,NULL,0,14,NULL,NULL,NULL,NULL),(646,'2013-05-06',-1.00,-1.00,NULL,NULL,NULL,NULL,NULL,NULL,NULL,NULL,NULL,NULL,NULL,NULL,NULL,NULL,NULL,NULL,NULL,NULL,NULL,NULL,NULL,NULL,NULL,NULL,NULL,NULL,0,15,NULL,NULL,NULL,NULL),(647,'2013-05-06',-1.00,-1.00,NULL,NULL,NULL,NULL,NULL,NULL,NULL,NULL,NULL,NULL,NULL,NULL,NULL,NULL,NULL,NULL,NULL,NULL,NULL,NULL,NULL,NULL,NULL,NULL,NULL,NULL,0,16,NULL,NULL,NULL,NULL),(648,'2013-05-06',-1.00,-1.00,NULL,NULL,NULL,NULL,NULL,NULL,NULL,NULL,NULL,NULL,NULL,NULL,NULL,NULL,NULL,NULL,NULL,NULL,NULL,NULL,NULL,NULL,NULL,NULL,NULL,NULL,0,17,NULL,NULL,NULL,NULL),(649,'2013-05-06',-1.00,-1.00,NULL,NULL,NULL,NULL,NULL,NULL,NULL,NULL,NULL,NULL,NULL,NULL,NULL,NULL,NULL,NULL,NULL,NULL,NULL,NULL,NULL,NULL,NULL,NULL,NULL,NULL,0,18,NULL,NULL,NULL,NULL),(650,'2013-05-07',-1.00,-1.00,NULL,NULL,NULL,NULL,NULL,NULL,NULL,NULL,NULL,NULL,NULL,NULL,NULL,NULL,NULL,NULL,NULL,NULL,NULL,NULL,NULL,NULL,NULL,NULL,NULL,NULL,0,1,NULL,NULL,NULL,NULL),(651,'2013-05-07',-1.00,-1.00,NULL,NULL,NULL,NULL,NULL,NULL,NULL,NULL,NULL,NULL,NULL,NULL,NULL,NULL,NULL,NULL,NULL,NULL,NULL,NULL,NULL,NULL,NULL,NULL,NULL,NULL,0,2,NULL,NULL,NULL,NULL),(652,'2013-05-07',-1.00,-1.00,NULL,NULL,NULL,NULL,NULL,NULL,NULL,NULL,NULL,NULL,NULL,NULL,NULL,NULL,NULL,NULL,NULL,NULL,NULL,NULL,NULL,NULL,NULL,NULL,NULL,NULL,0,4,NULL,NULL,NULL,NULL),(653,'2013-05-07',-1.00,-1.00,NULL,NULL,NULL,NULL,NULL,NULL,NULL,NULL,NULL,NULL,NULL,NULL,NULL,NULL,NULL,NULL,NULL,NULL,NULL,NULL,NULL,NULL,NULL,NULL,NULL,NULL,0,5,NULL,NULL,NULL,NULL),(654,'2013-05-07',-1.00,-1.00,NULL,NULL,NULL,NULL,NULL,NULL,NULL,NULL,NULL,NULL,NULL,NULL,NULL,NULL,NULL,NULL,NULL,NULL,NULL,NULL,NULL,NULL,NULL,NULL,NULL,NULL,0,6,NULL,NULL,NULL,NULL),(655,'2013-05-07',-1.00,-1.00,NULL,NULL,NULL,NULL,NULL,NULL,NULL,NULL,NULL,NULL,NULL,NULL,NULL,NULL,NULL,NULL,NULL,NULL,NULL,NULL,NULL,NULL,NULL,NULL,NULL,NULL,0,8,NULL,NULL,NULL,NULL),(656,'2013-05-07',-1.00,-1.00,NULL,NULL,NULL,NULL,NULL,NULL,NULL,NULL,NULL,NULL,NULL,NULL,NULL,NULL,NULL,NULL,NULL,NULL,NULL,NULL,NULL,NULL,NULL,NULL,NULL,NULL,0,9,NULL,NULL,NULL,NULL),(657,'2013-05-07',-1.00,-1.00,NULL,NULL,NULL,NULL,NULL,NULL,NULL,NULL,NULL,NULL,NULL,NULL,NULL,NULL,NULL,NULL,NULL,NULL,NULL,NULL,NULL,NULL,NULL,NULL,NULL,NULL,0,11,NULL,NULL,NULL,NULL),(658,'2013-05-07',-1.00,-1.00,NULL,NULL,NULL,NULL,NULL,NULL,NULL,NULL,NULL,NULL,NULL,NULL,NULL,NULL,NULL,NULL,NULL,NULL,NULL,NULL,NULL,NULL,NULL,NULL,NULL,NULL,0,12,NULL,NULL,NULL,NULL),(659,'2013-05-07',-1.00,-1.00,NULL,NULL,NULL,NULL,NULL,NULL,NULL,NULL,NULL,NULL,NULL,NULL,NULL,NULL,NULL,NULL,NULL,NULL,NULL,NULL,NULL,NULL,NULL,NULL,NULL,NULL,0,13,NULL,NULL,NULL,NULL),(660,'2013-05-07',-1.00,-1.00,NULL,NULL,NULL,NULL,NULL,NULL,NULL,NULL,NULL,NULL,NULL,NULL,NULL,NULL,NULL,NULL,NULL,NULL,NULL,NULL,NULL,NULL,NULL,NULL,NULL,NULL,0,14,NULL,NULL,NULL,NULL),(661,'2013-05-07',-1.00,-1.00,NULL,NULL,NULL,NULL,NULL,NULL,NULL,NULL,NULL,NULL,NULL,NULL,NULL,NULL,NULL,NULL,NULL,NULL,NULL,NULL,NULL,NULL,NULL,NULL,NULL,NULL,0,15,NULL,NULL,NULL,NULL),(662,'2013-05-07',-1.00,-1.00,NULL,NULL,NULL,NULL,NULL,NULL,NULL,NULL,NULL,NULL,NULL,NULL,NULL,NULL,NULL,NULL,NULL,NULL,NULL,NULL,NULL,NULL,NULL,NULL,NULL,NULL,0,16,NULL,NULL,NULL,NULL),(663,'2013-05-07',-1.00,-1.00,NULL,NULL,NULL,NULL,NULL,NULL,NULL,NULL,NULL,NULL,NULL,NULL,NULL,NULL,NULL,NULL,NULL,NULL,NULL,NULL,NULL,NULL,NULL,NULL,NULL,NULL,0,17,NULL,NULL,NULL,NULL),(664,'2013-05-07',-1.00,-1.00,NULL,NULL,NULL,NULL,NULL,NULL,NULL,NULL,NULL,NULL,NULL,NULL,NULL,NULL,NULL,NULL,NULL,NULL,NULL,NULL,NULL,NULL,NULL,NULL,NULL,NULL,0,18,NULL,NULL,NULL,NULL),(665,'2013-05-08',-1.00,-1.00,NULL,NULL,NULL,NULL,NULL,NULL,NULL,NULL,NULL,NULL,NULL,NULL,NULL,NULL,NULL,NULL,NULL,NULL,NULL,NULL,NULL,NULL,NULL,NULL,NULL,NULL,0,1,NULL,NULL,NULL,NULL),(666,'2013-05-08',-1.00,-1.00,NULL,NULL,NULL,NULL,NULL,NULL,NULL,NULL,NULL,NULL,NULL,NULL,NULL,NULL,NULL,NULL,NULL,NULL,NULL,NULL,NULL,NULL,NULL,NULL,NULL,NULL,0,2,NULL,NULL,NULL,NULL),(667,'2013-05-08',-1.00,-1.00,NULL,NULL,NULL,NULL,NULL,NULL,NULL,NULL,NULL,NULL,NULL,NULL,NULL,NULL,NULL,NULL,NULL,NULL,NULL,NULL,NULL,NULL,NULL,NULL,NULL,NULL,0,4,NULL,NULL,NULL,NULL),(668,'2013-05-08',-1.00,-1.00,NULL,NULL,NULL,NULL,NULL,NULL,NULL,NULL,NULL,NULL,NULL,NULL,NULL,NULL,NULL,NULL,NULL,NULL,NULL,NULL,NULL,NULL,NULL,NULL,NULL,NULL,0,5,NULL,NULL,NULL,NULL),(669,'2013-05-08',-1.00,-1.00,NULL,NULL,NULL,NULL,NULL,NULL,NULL,NULL,NULL,NULL,NULL,NULL,NULL,NULL,NULL,NULL,NULL,NULL,NULL,NULL,NULL,NULL,NULL,NULL,NULL,NULL,0,6,NULL,NULL,NULL,NULL),(670,'2013-05-08',-1.00,-1.00,NULL,NULL,NULL,NULL,NULL,NULL,NULL,NULL,NULL,NULL,NULL,NULL,NULL,NULL,NULL,NULL,NULL,NULL,NULL,NULL,NULL,NULL,NULL,NULL,NULL,NULL,0,8,NULL,NULL,NULL,NULL),(671,'2013-05-08',-1.00,-1.00,NULL,NULL,NULL,NULL,NULL,NULL,NULL,NULL,NULL,NULL,NULL,NULL,NULL,NULL,NULL,NULL,NULL,NULL,NULL,NULL,NULL,NULL,NULL,NULL,NULL,NULL,0,9,NULL,NULL,NULL,NULL),(672,'2013-05-08',-1.00,-1.00,NULL,NULL,NULL,NULL,NULL,NULL,NULL,NULL,NULL,NULL,NULL,NULL,NULL,NULL,NULL,NULL,NULL,NULL,NULL,NULL,NULL,NULL,NULL,NULL,NULL,NULL,0,11,NULL,NULL,NULL,NULL),(673,'2013-05-08',-1.00,-1.00,NULL,NULL,NULL,NULL,NULL,NULL,NULL,NULL,NULL,NULL,NULL,NULL,NULL,NULL,NULL,NULL,NULL,NULL,NULL,NULL,NULL,NULL,NULL,NULL,NULL,NULL,0,12,NULL,NULL,NULL,NULL),(674,'2013-05-08',-1.00,-1.00,NULL,NULL,NULL,NULL,NULL,NULL,NULL,NULL,NULL,NULL,NULL,NULL,NULL,NULL,NULL,NULL,NULL,NULL,NULL,NULL,NULL,NULL,NULL,NULL,NULL,NULL,0,13,NULL,NULL,NULL,NULL),(675,'2013-05-08',-1.00,-1.00,NULL,NULL,NULL,NULL,NULL,NULL,NULL,NULL,NULL,NULL,NULL,NULL,NULL,NULL,NULL,NULL,NULL,NULL,NULL,NULL,NULL,NULL,NULL,NULL,NULL,NULL,0,14,NULL,NULL,NULL,NULL),(676,'2013-05-08',-1.00,-1.00,NULL,NULL,NULL,NULL,NULL,NULL,NULL,NULL,NULL,NULL,NULL,NULL,NULL,NULL,NULL,NULL,NULL,NULL,NULL,NULL,NULL,NULL,NULL,NULL,NULL,NULL,0,15,NULL,NULL,NULL,NULL),(677,'2013-05-08',-1.00,-1.00,NULL,NULL,NULL,NULL,NULL,NULL,NULL,NULL,NULL,NULL,NULL,NULL,NULL,NULL,NULL,NULL,NULL,NULL,NULL,NULL,NULL,NULL,NULL,NULL,NULL,NULL,0,16,NULL,NULL,NULL,NULL),(678,'2013-05-08',-1.00,-1.00,NULL,NULL,NULL,NULL,NULL,NULL,NULL,NULL,NULL,NULL,NULL,NULL,NULL,NULL,NULL,NULL,NULL,NULL,NULL,NULL,NULL,NULL,NULL,NULL,NULL,NULL,0,17,NULL,NULL,NULL,NULL),(679,'2013-05-08',-1.00,-1.00,NULL,NULL,NULL,NULL,NULL,NULL,NULL,NULL,NULL,NULL,NULL,NULL,NULL,NULL,NULL,NULL,NULL,NULL,NULL,NULL,NULL,NULL,NULL,NULL,NULL,NULL,0,18,NULL,NULL,NULL,NULL),(681,'2013-05-09',45.00,23.00,NULL,NULL,NULL,NULL,NULL,NULL,NULL,NULL,NULL,NULL,NULL,NULL,NULL,NULL,NULL,NULL,NULL,NULL,'2013-05-16 12:52:25','2013-05-09 00:00:00',NULL,NULL,NULL,NULL,NULL,NULL,0,4,8,NULL,NULL,NULL),(682,'2013-05-14',-1.00,-1.00,NULL,NULL,NULL,NULL,NULL,NULL,NULL,NULL,NULL,NULL,NULL,NULL,NULL,NULL,NULL,NULL,NULL,NULL,NULL,NULL,NULL,NULL,NULL,NULL,NULL,NULL,0,1,NULL,NULL,NULL,NULL),(683,'2013-05-14',-1.00,-1.00,NULL,NULL,NULL,NULL,NULL,NULL,NULL,NULL,NULL,NULL,NULL,NULL,NULL,NULL,NULL,NULL,NULL,NULL,NULL,NULL,NULL,NULL,NULL,NULL,NULL,NULL,0,2,NULL,NULL,NULL,NULL),(684,'2013-05-14',-1.00,-1.00,NULL,NULL,NULL,NULL,NULL,NULL,NULL,NULL,NULL,NULL,NULL,NULL,NULL,NULL,NULL,NULL,NULL,NULL,NULL,NULL,NULL,NULL,NULL,NULL,NULL,NULL,0,4,NULL,NULL,NULL,NULL),(685,'2013-05-14',-1.00,-1.00,NULL,NULL,NULL,NULL,NULL,NULL,NULL,NULL,NULL,NULL,NULL,NULL,NULL,NULL,NULL,NULL,NULL,NULL,NULL,NULL,NULL,NULL,NULL,NULL,NULL,NULL,0,5,NULL,NULL,NULL,NULL),(686,'2013-05-14',-1.00,-1.00,NULL,NULL,NULL,NULL,NULL,NULL,NULL,NULL,NULL,NULL,NULL,NULL,NULL,NULL,NULL,NULL,NULL,NULL,NULL,NULL,NULL,NULL,NULL,NULL,NULL,NULL,0,6,NULL,NULL,NULL,NULL),(687,'2013-05-14',-1.00,-1.00,NULL,NULL,NULL,NULL,NULL,NULL,NULL,NULL,NULL,NULL,NULL,NULL,NULL,NULL,NULL,NULL,NULL,NULL,NULL,NULL,NULL,NULL,NULL,NULL,NULL,NULL,0,8,NULL,NULL,NULL,NULL),(688,'2013-05-14',-1.00,-1.00,NULL,NULL,NULL,NULL,NULL,NULL,NULL,NULL,NULL,NULL,NULL,NULL,NULL,NULL,NULL,NULL,NULL,NULL,NULL,NULL,NULL,NULL,NULL,NULL,NULL,NULL,0,9,NULL,NULL,NULL,NULL),(689,'2013-05-14',-1.00,-1.00,NULL,NULL,NULL,NULL,NULL,NULL,NULL,NULL,NULL,NULL,NULL,NULL,NULL,NULL,NULL,NULL,NULL,NULL,NULL,NULL,NULL,NULL,NULL,NULL,NULL,NULL,0,11,NULL,NULL,NULL,NULL),(690,'2013-05-14',-1.00,-1.00,NULL,NULL,NULL,NULL,NULL,NULL,NULL,NULL,NULL,NULL,NULL,NULL,NULL,NULL,NULL,NULL,NULL,NULL,NULL,NULL,NULL,NULL,NULL,NULL,NULL,NULL,0,12,NULL,NULL,NULL,NULL),(691,'2013-05-14',-1.00,-1.00,NULL,NULL,NULL,NULL,NULL,NULL,NULL,NULL,NULL,NULL,NULL,NULL,NULL,NULL,NULL,NULL,NULL,NULL,NULL,NULL,NULL,NULL,NULL,NULL,NULL,NULL,0,13,NULL,NULL,NULL,NULL),(692,'2013-05-14',-1.00,-1.00,NULL,NULL,NULL,NULL,NULL,NULL,NULL,NULL,NULL,NULL,NULL,NULL,NULL,NULL,NULL,NULL,NULL,NULL,NULL,NULL,NULL,NULL,NULL,NULL,NULL,NULL,0,14,NULL,NULL,NULL,NULL),(693,'2013-05-14',-1.00,-1.00,NULL,NULL,NULL,NULL,NULL,NULL,NULL,NULL,NULL,NULL,NULL,NULL,NULL,NULL,NULL,NULL,NULL,NULL,NULL,NULL,NULL,NULL,NULL,NULL,NULL,NULL,0,15,NULL,NULL,NULL,NULL),(694,'2013-05-14',-1.00,-1.00,NULL,NULL,NULL,NULL,NULL,NULL,NULL,NULL,NULL,NULL,NULL,NULL,NULL,NULL,NULL,NULL,NULL,NULL,NULL,NULL,NULL,NULL,NULL,NULL,NULL,NULL,0,16,NULL,NULL,NULL,NULL),(695,'2013-05-14',-1.00,-1.00,NULL,NULL,NULL,NULL,NULL,NULL,NULL,NULL,NULL,NULL,NULL,NULL,NULL,NULL,NULL,NULL,NULL,NULL,NULL,NULL,NULL,NULL,NULL,NULL,NULL,NULL,0,17,NULL,NULL,NULL,NULL),(697,'2013-05-15',-1.00,-1.00,NULL,NULL,NULL,NULL,NULL,NULL,NULL,NULL,NULL,NULL,NULL,NULL,NULL,NULL,NULL,NULL,NULL,NULL,NULL,NULL,NULL,NULL,NULL,NULL,NULL,NULL,0,1,NULL,NULL,NULL,NULL),(698,'2013-05-15',-1.00,-1.00,NULL,NULL,NULL,NULL,NULL,NULL,NULL,NULL,NULL,NULL,NULL,NULL,NULL,NULL,NULL,NULL,NULL,NULL,NULL,NULL,NULL,NULL,NULL,NULL,NULL,NULL,0,2,NULL,NULL,NULL,NULL),(699,'2013-05-15',222.00,300.00,21.00,23.00,123.00,5.00,5.00,5.00,55.00,5.00,5.00,55.00,5.00,5.00,2.00,1505.00,'dcdwe',1000.00,-505.00,730.00,'2013-05-16 17:59:35','2013-05-16 17:57:26',NULL,NULL,NULL,'2013-05-16','08:00:00','monica',0,4,8,NULL,NULL,NULL),(700,'2013-05-15',-1.00,-1.00,NULL,NULL,NULL,NULL,NULL,NULL,NULL,NULL,NULL,NULL,NULL,NULL,NULL,NULL,NULL,NULL,NULL,NULL,NULL,NULL,NULL,NULL,NULL,NULL,NULL,NULL,0,5,NULL,NULL,NULL,NULL),(701,'2013-05-15',-1.00,-1.00,NULL,NULL,NULL,NULL,NULL,NULL,NULL,NULL,NULL,NULL,NULL,NULL,NULL,NULL,NULL,NULL,NULL,NULL,NULL,NULL,NULL,NULL,NULL,NULL,NULL,NULL,0,6,NULL,NULL,NULL,NULL),(702,'2013-05-15',-1.00,-1.00,NULL,NULL,NULL,NULL,NULL,NULL,NULL,NULL,NULL,NULL,NULL,NULL,NULL,NULL,NULL,NULL,NULL,NULL,NULL,NULL,NULL,NULL,NULL,NULL,NULL,NULL,0,8,NULL,NULL,NULL,NULL),(703,'2013-05-15',-1.00,-1.00,NULL,NULL,NULL,NULL,NULL,NULL,NULL,NULL,NULL,NULL,NULL,NULL,NULL,NULL,NULL,NULL,NULL,NULL,NULL,NULL,NULL,NULL,NULL,NULL,NULL,NULL,0,9,NULL,NULL,NULL,NULL),(704,'2013-05-15',-1.00,-1.00,NULL,NULL,NULL,NULL,NULL,NULL,NULL,NULL,NULL,NULL,NULL,NULL,NULL,NULL,NULL,NULL,NULL,NULL,NULL,NULL,NULL,NULL,NULL,NULL,NULL,NULL,0,11,NULL,NULL,NULL,NULL),(705,'2013-05-15',-1.00,-1.00,NULL,NULL,NULL,NULL,NULL,NULL,NULL,NULL,NULL,NULL,NULL,NULL,NULL,NULL,NULL,NULL,NULL,NULL,NULL,NULL,NULL,NULL,NULL,NULL,NULL,NULL,0,12,NULL,NULL,NULL,NULL),(706,'2013-05-15',-1.00,-1.00,NULL,NULL,NULL,NULL,NULL,NULL,NULL,NULL,NULL,NULL,NULL,NULL,NULL,NULL,NULL,NULL,NULL,NULL,NULL,NULL,NULL,NULL,NULL,NULL,NULL,NULL,0,13,NULL,NULL,NULL,NULL),(707,'2013-05-15',-1.00,-1.00,NULL,NULL,NULL,NULL,NULL,NULL,NULL,NULL,NULL,NULL,NULL,NULL,NULL,NULL,NULL,NULL,NULL,NULL,NULL,NULL,NULL,NULL,NULL,NULL,NULL,NULL,0,14,NULL,NULL,NULL,NULL),(708,'2013-05-15',-1.00,-1.00,NULL,NULL,NULL,NULL,NULL,NULL,NULL,NULL,NULL,NULL,NULL,NULL,NULL,NULL,NULL,NULL,NULL,NULL,NULL,NULL,NULL,NULL,NULL,NULL,NULL,NULL,0,15,NULL,NULL,NULL,NULL),(709,'2013-05-15',-1.00,-1.00,NULL,NULL,NULL,NULL,NULL,NULL,NULL,NULL,NULL,NULL,NULL,NULL,NULL,NULL,NULL,NULL,NULL,NULL,NULL,NULL,NULL,NULL,NULL,NULL,NULL,NULL,0,16,NULL,NULL,NULL,NULL),(710,'2013-05-15',-1.00,-1.00,NULL,NULL,NULL,NULL,NULL,NULL,NULL,NULL,NULL,NULL,NULL,NULL,NULL,NULL,NULL,NULL,NULL,NULL,NULL,NULL,NULL,NULL,NULL,NULL,NULL,NULL,0,17,NULL,NULL,NULL,NULL),(712,'2013-05-16',-1.00,-1.00,NULL,NULL,NULL,NULL,NULL,NULL,NULL,NULL,NULL,NULL,NULL,NULL,NULL,NULL,NULL,NULL,NULL,NULL,NULL,NULL,NULL,NULL,NULL,NULL,NULL,NULL,0,1,NULL,NULL,NULL,NULL),(713,'2013-05-16',-1.00,-1.00,NULL,NULL,NULL,NULL,NULL,NULL,NULL,NULL,NULL,NULL,NULL,NULL,NULL,NULL,NULL,NULL,NULL,NULL,NULL,NULL,NULL,NULL,NULL,NULL,NULL,NULL,0,2,NULL,NULL,NULL,NULL),(714,'2013-05-16',-1.00,-1.00,NULL,NULL,NULL,NULL,NULL,NULL,NULL,NULL,NULL,NULL,NULL,NULL,NULL,NULL,NULL,NULL,NULL,NULL,NULL,NULL,NULL,NULL,NULL,NULL,NULL,NULL,0,4,NULL,NULL,NULL,NULL),(715,'2013-05-16',-1.00,-1.00,NULL,NULL,NULL,NULL,NULL,NULL,NULL,NULL,NULL,NULL,NULL,NULL,NULL,NULL,NULL,NULL,NULL,NULL,NULL,NULL,NULL,NULL,NULL,NULL,NULL,NULL,0,5,NULL,NULL,NULL,NULL),(716,'2013-05-16',-1.00,-1.00,NULL,NULL,NULL,NULL,NULL,NULL,NULL,NULL,NULL,NULL,NULL,NULL,NULL,NULL,NULL,NULL,NULL,NULL,NULL,NULL,NULL,NULL,NULL,NULL,NULL,NULL,0,6,NULL,NULL,NULL,NULL),(717,'2013-05-16',-1.00,-1.00,NULL,NULL,NULL,NULL,NULL,NULL,NULL,NULL,NULL,NULL,NULL,NULL,NULL,NULL,NULL,NULL,NULL,NULL,NULL,NULL,NULL,NULL,NULL,NULL,NULL,NULL,0,8,NULL,NULL,NULL,NULL),(718,'2013-05-16',-1.00,-1.00,NULL,NULL,NULL,NULL,NULL,NULL,NULL,NULL,NULL,NULL,NULL,NULL,NULL,NULL,NULL,NULL,NULL,NULL,NULL,NULL,NULL,NULL,NULL,NULL,NULL,NULL,0,9,NULL,NULL,NULL,NULL),(719,'2013-05-16',-1.00,-1.00,NULL,NULL,NULL,NULL,NULL,NULL,NULL,NULL,NULL,NULL,NULL,NULL,NULL,NULL,NULL,NULL,NULL,NULL,NULL,NULL,NULL,NULL,NULL,NULL,NULL,NULL,0,11,NULL,NULL,NULL,NULL),(720,'2013-05-16',-1.00,-1.00,NULL,NULL,NULL,NULL,NULL,NULL,NULL,NULL,NULL,NULL,NULL,NULL,NULL,NULL,NULL,NULL,NULL,NULL,NULL,NULL,NULL,NULL,NULL,NULL,NULL,NULL,0,12,NULL,NULL,NULL,NULL),(721,'2013-05-16',-1.00,-1.00,NULL,NULL,NULL,NULL,NULL,NULL,NULL,NULL,NULL,NULL,NULL,NULL,NULL,NULL,NULL,NULL,NULL,NULL,NULL,NULL,NULL,NULL,NULL,NULL,NULL,NULL,0,13,NULL,NULL,NULL,NULL),(722,'2013-05-16',-1.00,-1.00,NULL,NULL,NULL,NULL,NULL,NULL,NULL,NULL,NULL,NULL,NULL,NULL,NULL,NULL,NULL,NULL,NULL,NULL,NULL,NULL,NULL,NULL,NULL,NULL,NULL,NULL,0,14,NULL,NULL,NULL,NULL),(723,'2013-05-16',-1.00,-1.00,NULL,NULL,NULL,NULL,NULL,NULL,NULL,NULL,NULL,NULL,NULL,NULL,NULL,NULL,NULL,NULL,NULL,NULL,NULL,NULL,NULL,NULL,NULL,NULL,NULL,NULL,0,15,NULL,NULL,NULL,NULL),(724,'2013-05-16',-1.00,-1.00,NULL,NULL,NULL,NULL,NULL,NULL,NULL,NULL,NULL,NULL,NULL,NULL,NULL,NULL,NULL,NULL,NULL,NULL,NULL,NULL,NULL,NULL,NULL,NULL,NULL,NULL,0,16,NULL,NULL,NULL,NULL),(725,'2013-05-16',-1.00,-1.00,NULL,NULL,NULL,NULL,NULL,NULL,NULL,NULL,NULL,NULL,NULL,NULL,NULL,NULL,NULL,NULL,NULL,NULL,NULL,NULL,NULL,NULL,NULL,NULL,NULL,NULL,0,17,NULL,NULL,NULL,NULL),(727,'2013-05-11',222.00,300.00,NULL,NULL,123.00,324.00,122.00,234.00,5.00,55.00,185.00,212.00,55.00,4343.00,22.00,1505.00,'dcdwe',1000.00,-505.00,-4680.00,'2013-05-16 16:43:07','2013-05-16 16:47:31',NULL,NULL,NULL,'2013-05-15','08:00:00','monica',0,4,8,NULL,NULL,NULL),(728,'2013-05-17',-1.00,-1.00,NULL,NULL,NULL,NULL,NULL,NULL,NULL,NULL,NULL,NULL,NULL,NULL,NULL,NULL,NULL,NULL,NULL,NULL,NULL,NULL,NULL,NULL,NULL,NULL,NULL,NULL,0,1,NULL,NULL,NULL,NULL),(729,'2013-05-17',-1.00,-1.00,NULL,NULL,NULL,NULL,NULL,NULL,NULL,NULL,NULL,NULL,NULL,NULL,NULL,NULL,NULL,NULL,NULL,NULL,NULL,NULL,NULL,NULL,NULL,NULL,NULL,NULL,0,2,NULL,NULL,NULL,NULL),(730,'2013-05-17',-1.00,-1.00,NULL,NULL,NULL,NULL,NULL,NULL,NULL,NULL,NULL,NULL,NULL,NULL,NULL,NULL,NULL,NULL,NULL,NULL,NULL,NULL,NULL,NULL,NULL,NULL,NULL,NULL,0,4,NULL,NULL,NULL,NULL),(731,'2013-05-17',-1.00,-1.00,NULL,NULL,NULL,NULL,NULL,NULL,NULL,NULL,NULL,NULL,NULL,NULL,NULL,NULL,NULL,NULL,NULL,NULL,NULL,NULL,NULL,NULL,NULL,NULL,NULL,NULL,0,5,NULL,NULL,NULL,NULL),(732,'2013-05-17',-1.00,-1.00,NULL,NULL,NULL,NULL,NULL,NULL,NULL,NULL,NULL,NULL,NULL,NULL,NULL,NULL,NULL,NULL,NULL,NULL,NULL,NULL,NULL,NULL,NULL,NULL,NULL,NULL,0,6,NULL,NULL,NULL,NULL),(733,'2013-05-17',-1.00,-1.00,NULL,NULL,NULL,NULL,NULL,NULL,NULL,NULL,NULL,NULL,NULL,NULL,NULL,NULL,NULL,NULL,NULL,NULL,NULL,NULL,NULL,NULL,NULL,NULL,NULL,NULL,0,8,NULL,NULL,NULL,NULL),(734,'2013-05-17',-1.00,-1.00,NULL,NULL,NULL,NULL,NULL,NULL,NULL,NULL,NULL,NULL,NULL,NULL,NULL,NULL,NULL,NULL,NULL,NULL,NULL,NULL,NULL,NULL,NULL,NULL,NULL,NULL,0,9,NULL,NULL,NULL,NULL),(735,'2013-05-17',-1.00,-1.00,NULL,NULL,NULL,NULL,NULL,NULL,NULL,NULL,NULL,NULL,NULL,NULL,NULL,NULL,NULL,NULL,NULL,NULL,NULL,NULL,NULL,NULL,NULL,NULL,NULL,NULL,0,11,NULL,NULL,NULL,NULL),(736,'2013-05-17',-1.00,-1.00,NULL,NULL,NULL,NULL,NULL,NULL,NULL,NULL,NULL,NULL,NULL,NULL,NULL,NULL,NULL,NULL,NULL,NULL,NULL,NULL,NULL,NULL,NULL,NULL,NULL,NULL,0,12,NULL,NULL,NULL,NULL),(737,'2013-05-17',-1.00,-1.00,NULL,NULL,NULL,NULL,NULL,NULL,NULL,NULL,NULL,NULL,NULL,NULL,NULL,NULL,NULL,NULL,NULL,NULL,NULL,NULL,NULL,NULL,NULL,NULL,NULL,NULL,0,13,NULL,NULL,NULL,NULL),(738,'2013-05-17',-1.00,-1.00,NULL,NULL,NULL,NULL,NULL,NULL,NULL,NULL,NULL,NULL,NULL,NULL,NULL,NULL,NULL,NULL,NULL,NULL,NULL,NULL,NULL,NULL,NULL,NULL,NULL,NULL,0,14,NULL,NULL,NULL,NULL),(739,'2013-05-17',-1.00,-1.00,NULL,NULL,NULL,NULL,NULL,NULL,NULL,NULL,NULL,NULL,NULL,NULL,NULL,NULL,NULL,NULL,NULL,NULL,NULL,NULL,NULL,NULL,NULL,NULL,NULL,NULL,0,15,NULL,NULL,NULL,NULL),(740,'2013-05-17',-1.00,-1.00,NULL,NULL,NULL,NULL,NULL,NULL,NULL,NULL,NULL,NULL,NULL,NULL,NULL,NULL,NULL,NULL,NULL,NULL,NULL,NULL,NULL,NULL,NULL,NULL,NULL,NULL,0,16,NULL,NULL,NULL,NULL),(741,'2013-05-17',-1.00,-1.00,NULL,NULL,NULL,NULL,NULL,NULL,NULL,NULL,NULL,NULL,NULL,NULL,NULL,NULL,NULL,NULL,NULL,NULL,NULL,NULL,NULL,506.00,NULL,NULL,NULL,NULL,0,17,NULL,NULL,NULL,NULL),(743,'2013-05-18',-1.00,-1.00,NULL,NULL,NULL,NULL,NULL,NULL,NULL,NULL,NULL,NULL,NULL,NULL,NULL,NULL,NULL,NULL,NULL,NULL,NULL,NULL,NULL,NULL,NULL,NULL,NULL,NULL,0,1,NULL,NULL,NULL,NULL),(744,'2013-05-18',-1.00,-1.00,NULL,NULL,NULL,NULL,NULL,NULL,NULL,NULL,NULL,NULL,NULL,NULL,NULL,NULL,NULL,NULL,NULL,NULL,NULL,NULL,NULL,NULL,NULL,NULL,NULL,NULL,0,2,NULL,NULL,NULL,NULL),(745,'2013-05-18',-1.00,-1.00,NULL,NULL,NULL,NULL,NULL,NULL,NULL,NULL,NULL,NULL,NULL,NULL,NULL,NULL,NULL,NULL,NULL,NULL,NULL,NULL,NULL,NULL,NULL,NULL,NULL,NULL,0,4,NULL,NULL,NULL,NULL),(746,'2013-05-18',-1.00,-1.00,NULL,NULL,NULL,NULL,NULL,NULL,NULL,NULL,NULL,NULL,NULL,NULL,NULL,NULL,NULL,NULL,NULL,NULL,NULL,NULL,NULL,NULL,NULL,NULL,NULL,NULL,0,5,NULL,NULL,NULL,NULL),(747,'2013-05-18',-1.00,-1.00,NULL,NULL,NULL,NULL,NULL,NULL,NULL,NULL,NULL,NULL,NULL,NULL,NULL,NULL,NULL,NULL,NULL,NULL,NULL,NULL,NULL,NULL,NULL,NULL,NULL,NULL,0,6,NULL,NULL,NULL,NULL),(748,'2013-05-18',-1.00,-1.00,NULL,NULL,NULL,NULL,NULL,NULL,NULL,NULL,NULL,NULL,NULL,NULL,NULL,NULL,NULL,NULL,NULL,NULL,NULL,NULL,NULL,NULL,NULL,NULL,NULL,NULL,0,8,NULL,NULL,NULL,NULL),(749,'2013-05-18',-1.00,-1.00,NULL,NULL,NULL,NULL,NULL,NULL,NULL,NULL,NULL,NULL,NULL,NULL,NULL,NULL,NULL,NULL,NULL,NULL,NULL,NULL,NULL,NULL,NULL,NULL,NULL,NULL,0,9,NULL,NULL,NULL,NULL),(750,'2013-05-18',-1.00,-1.00,NULL,NULL,NULL,NULL,NULL,NULL,NULL,NULL,NULL,NULL,NULL,NULL,NULL,NULL,NULL,NULL,NULL,NULL,NULL,NULL,NULL,NULL,NULL,NULL,NULL,NULL,0,11,NULL,NULL,NULL,NULL),(751,'2013-05-18',-1.00,-1.00,NULL,NULL,NULL,NULL,NULL,NULL,NULL,NULL,NULL,NULL,NULL,NULL,NULL,NULL,NULL,NULL,NULL,NULL,NULL,NULL,NULL,NULL,NULL,NULL,NULL,NULL,0,12,NULL,NULL,NULL,NULL),(752,'2013-05-18',-1.00,-1.00,NULL,NULL,NULL,NULL,NULL,NULL,NULL,NULL,NULL,NULL,NULL,NULL,NULL,NULL,NULL,NULL,NULL,NULL,NULL,NULL,NULL,NULL,NULL,NULL,NULL,NULL,0,13,NULL,NULL,NULL,NULL),(753,'2013-05-18',-1.00,-1.00,NULL,NULL,NULL,NULL,NULL,NULL,NULL,NULL,NULL,NULL,NULL,NULL,NULL,NULL,NULL,NULL,NULL,NULL,NULL,NULL,NULL,NULL,NULL,NULL,NULL,NULL,0,14,NULL,NULL,NULL,NULL),(754,'2013-05-18',-1.00,-1.00,NULL,NULL,NULL,NULL,NULL,NULL,NULL,NULL,NULL,NULL,NULL,NULL,NULL,NULL,NULL,NULL,NULL,NULL,NULL,NULL,NULL,NULL,NULL,NULL,NULL,NULL,0,15,NULL,NULL,NULL,NULL),(755,'2013-05-18',-1.00,-1.00,NULL,NULL,NULL,NULL,NULL,NULL,NULL,NULL,NULL,NULL,NULL,NULL,NULL,NULL,NULL,NULL,NULL,NULL,NULL,NULL,NULL,NULL,NULL,NULL,NULL,NULL,0,16,NULL,NULL,NULL,NULL),(756,'2013-05-18',-1.00,-1.00,NULL,NULL,NULL,NULL,NULL,NULL,NULL,NULL,NULL,NULL,NULL,NULL,NULL,NULL,NULL,NULL,NULL,NULL,NULL,NULL,NULL,671.00,NULL,NULL,NULL,NULL,0,17,NULL,NULL,NULL,NULL),(758,'2013-05-19',-1.00,-1.00,NULL,NULL,NULL,NULL,NULL,NULL,NULL,NULL,NULL,NULL,NULL,NULL,NULL,NULL,NULL,NULL,NULL,NULL,NULL,NULL,NULL,NULL,NULL,NULL,NULL,NULL,0,1,NULL,NULL,NULL,NULL),(759,'2013-05-19',-1.00,-1.00,NULL,NULL,NULL,NULL,NULL,NULL,NULL,NULL,NULL,NULL,NULL,NULL,NULL,NULL,NULL,NULL,NULL,NULL,NULL,NULL,NULL,NULL,NULL,NULL,NULL,NULL,0,2,NULL,NULL,NULL,NULL),(760,'2013-05-19',-1.00,-1.00,NULL,NULL,NULL,NULL,NULL,NULL,NULL,NULL,NULL,NULL,NULL,NULL,NULL,NULL,NULL,NULL,NULL,NULL,NULL,NULL,NULL,NULL,NULL,NULL,NULL,NULL,0,4,NULL,NULL,NULL,NULL),(761,'2013-05-19',-1.00,-1.00,NULL,NULL,NULL,NULL,NULL,NULL,NULL,NULL,NULL,NULL,NULL,NULL,NULL,NULL,NULL,NULL,NULL,NULL,NULL,NULL,NULL,NULL,NULL,NULL,NULL,NULL,0,5,NULL,NULL,NULL,NULL),(762,'2013-05-19',-1.00,-1.00,NULL,NULL,NULL,NULL,NULL,NULL,NULL,NULL,NULL,NULL,NULL,NULL,NULL,NULL,NULL,NULL,NULL,NULL,NULL,NULL,NULL,NULL,NULL,NULL,NULL,NULL,0,6,NULL,NULL,NULL,NULL),(763,'2013-05-19',-1.00,-1.00,NULL,NULL,NULL,NULL,NULL,NULL,NULL,NULL,NULL,NULL,NULL,NULL,NULL,NULL,NULL,NULL,NULL,NULL,NULL,NULL,NULL,NULL,NULL,NULL,NULL,NULL,0,8,NULL,NULL,NULL,NULL),(764,'2013-05-19',-1.00,-1.00,NULL,NULL,NULL,NULL,NULL,NULL,NULL,NULL,NULL,NULL,NULL,NULL,NULL,NULL,NULL,NULL,NULL,NULL,NULL,NULL,NULL,NULL,NULL,NULL,NULL,NULL,0,9,NULL,NULL,NULL,NULL),(765,'2013-05-19',-1.00,-1.00,NULL,NULL,NULL,NULL,NULL,NULL,NULL,NULL,NULL,NULL,NULL,NULL,NULL,NULL,NULL,NULL,NULL,NULL,NULL,NULL,NULL,NULL,NULL,NULL,NULL,NULL,0,11,NULL,NULL,NULL,NULL),(766,'2013-05-19',-1.00,-1.00,NULL,NULL,NULL,NULL,NULL,NULL,NULL,NULL,NULL,NULL,NULL,NULL,NULL,NULL,NULL,NULL,NULL,NULL,NULL,NULL,NULL,NULL,NULL,NULL,NULL,NULL,0,12,NULL,NULL,NULL,NULL),(767,'2013-05-19',-1.00,-1.00,NULL,NULL,NULL,NULL,NULL,NULL,NULL,NULL,NULL,NULL,NULL,NULL,NULL,NULL,NULL,NULL,NULL,NULL,NULL,NULL,NULL,NULL,NULL,NULL,NULL,NULL,0,13,NULL,NULL,NULL,NULL),(768,'2013-05-19',-1.00,-1.00,NULL,NULL,NULL,NULL,NULL,NULL,NULL,NULL,NULL,NULL,NULL,NULL,NULL,NULL,NULL,NULL,NULL,NULL,NULL,NULL,NULL,NULL,NULL,NULL,NULL,NULL,0,14,NULL,NULL,NULL,NULL),(769,'2013-05-19',-1.00,-1.00,NULL,NULL,NULL,NULL,NULL,NULL,NULL,NULL,NULL,NULL,NULL,NULL,NULL,NULL,NULL,NULL,NULL,NULL,NULL,NULL,NULL,NULL,NULL,NULL,NULL,NULL,0,15,NULL,NULL,NULL,NULL),(770,'2013-05-19',-1.00,-1.00,NULL,NULL,NULL,NULL,NULL,NULL,NULL,NULL,NULL,NULL,NULL,NULL,NULL,NULL,NULL,NULL,NULL,NULL,NULL,NULL,NULL,NULL,NULL,NULL,NULL,NULL,0,16,NULL,NULL,NULL,NULL),(771,'2013-05-19',-1.00,-1.00,NULL,NULL,NULL,NULL,NULL,NULL,NULL,NULL,NULL,NULL,NULL,NULL,NULL,NULL,NULL,NULL,NULL,NULL,NULL,NULL,NULL,552.00,NULL,NULL,NULL,NULL,0,17,NULL,NULL,NULL,NULL),(773,'2013-05-20',-1.00,-1.00,NULL,NULL,NULL,NULL,NULL,NULL,NULL,NULL,NULL,NULL,NULL,NULL,NULL,NULL,NULL,NULL,NULL,NULL,NULL,NULL,NULL,NULL,NULL,NULL,NULL,NULL,0,1,NULL,NULL,NULL,NULL),(774,'2013-05-20',-1.00,-1.00,NULL,NULL,NULL,NULL,NULL,NULL,NULL,NULL,NULL,NULL,NULL,NULL,NULL,NULL,NULL,NULL,NULL,NULL,NULL,NULL,NULL,NULL,NULL,NULL,NULL,NULL,0,2,NULL,NULL,NULL,NULL),(775,'2013-05-20',-1.00,-1.00,NULL,NULL,NULL,NULL,NULL,NULL,NULL,NULL,NULL,NULL,NULL,NULL,NULL,NULL,NULL,NULL,NULL,NULL,NULL,NULL,NULL,NULL,NULL,NULL,NULL,NULL,0,4,NULL,NULL,NULL,NULL),(776,'2013-05-20',-1.00,-1.00,NULL,NULL,NULL,NULL,NULL,NULL,NULL,NULL,NULL,NULL,NULL,NULL,NULL,NULL,NULL,NULL,NULL,NULL,NULL,NULL,NULL,NULL,NULL,NULL,NULL,NULL,0,5,NULL,NULL,NULL,NULL),(777,'2013-05-20',-1.00,-1.00,NULL,NULL,NULL,NULL,NULL,NULL,NULL,NULL,NULL,NULL,NULL,NULL,NULL,NULL,NULL,NULL,NULL,NULL,NULL,NULL,NULL,NULL,NULL,NULL,NULL,NULL,0,6,NULL,NULL,NULL,NULL),(778,'2013-05-20',-1.00,-1.00,NULL,NULL,NULL,NULL,NULL,NULL,NULL,NULL,NULL,NULL,NULL,NULL,NULL,NULL,NULL,NULL,NULL,NULL,NULL,NULL,NULL,NULL,NULL,NULL,NULL,NULL,0,8,NULL,NULL,NULL,NULL),(779,'2013-05-20',-1.00,-1.00,NULL,NULL,NULL,NULL,NULL,NULL,NULL,NULL,NULL,NULL,NULL,NULL,NULL,NULL,NULL,NULL,NULL,NULL,NULL,NULL,NULL,NULL,NULL,NULL,NULL,NULL,0,9,NULL,NULL,NULL,NULL),(780,'2013-05-20',-1.00,-1.00,NULL,NULL,NULL,NULL,NULL,NULL,NULL,NULL,NULL,NULL,NULL,NULL,NULL,NULL,NULL,NULL,NULL,NULL,NULL,NULL,NULL,NULL,NULL,NULL,NULL,NULL,0,11,NULL,NULL,NULL,NULL),(781,'2013-05-20',-1.00,-1.00,NULL,NULL,NULL,NULL,NULL,NULL,NULL,NULL,NULL,NULL,NULL,NULL,NULL,NULL,NULL,NULL,NULL,NULL,NULL,NULL,NULL,NULL,NULL,NULL,NULL,NULL,0,12,NULL,NULL,NULL,NULL),(782,'2013-05-20',-1.00,-1.00,NULL,NULL,NULL,NULL,NULL,NULL,NULL,NULL,NULL,NULL,NULL,NULL,NULL,NULL,NULL,NULL,NULL,NULL,NULL,NULL,NULL,NULL,NULL,NULL,NULL,NULL,0,13,NULL,NULL,NULL,NULL),(783,'2013-05-20',-1.00,-1.00,NULL,NULL,NULL,NULL,NULL,NULL,NULL,NULL,NULL,NULL,NULL,NULL,NULL,NULL,NULL,NULL,NULL,NULL,NULL,NULL,NULL,NULL,NULL,NULL,NULL,NULL,0,14,NULL,NULL,NULL,NULL),(784,'2013-05-20',-1.00,-1.00,NULL,NULL,NULL,NULL,NULL,NULL,NULL,NULL,NULL,NULL,NULL,NULL,NULL,NULL,NULL,NULL,NULL,NULL,NULL,NULL,NULL,NULL,NULL,NULL,NULL,NULL,0,15,NULL,NULL,NULL,NULL),(785,'2013-05-20',-1.00,-1.00,NULL,NULL,NULL,NULL,NULL,NULL,NULL,NULL,NULL,NULL,NULL,NULL,NULL,NULL,NULL,NULL,NULL,NULL,NULL,NULL,NULL,NULL,NULL,NULL,NULL,NULL,0,16,NULL,NULL,NULL,NULL),(786,'2013-05-20',222.00,0.00,NULL,NULL,1.00,221.00,2.00,21.00,21.00,21.00,2.00,21.00,0.00,0.00,15.00,1505.00,'dcdwe',1505.00,0.00,1180.00,'2013-05-21 11:27:15','2013-05-21 11:28:40',NULL,NULL,NULL,'2013-05-21','13:00:00','monica',0,17,8,NULL,NULL,NULL);
/*!40000 ALTER TABLE `balance` ENABLE KEYS */;
UNLOCK TABLES;

--
-- Table structure for table `cabina`
--

DROP TABLE IF EXISTS `cabina`;
/*!40101 SET @saved_cs_client     = @@character_set_client */;
/*!40101 SET character_set_client = utf8 */;
CREATE TABLE `cabina` (
  `Id` int(11) NOT NULL AUTO_INCREMENT,
  `Nombre` varchar(45) NOT NULL,
  `Codigo` varchar(45) DEFAULT NULL,
  `status` int(1) DEFAULT '1',
  PRIMARY KEY (`Id`)
) ENGINE=InnoDB AUTO_INCREMENT=19 DEFAULT CHARSET=utf8;
/*!40101 SET character_set_client = @saved_cs_client */;

--
-- Dumping data for table `cabina`
--

LOCK TABLES `cabina` WRITE;
/*!40000 ALTER TABLE `cabina` DISABLE KEYS */;
INSERT INTO `cabina` VALUES (1,'SURQUILLO','254365454',0),(2,'GAMARRA','1215616',1),(3,'CAJAMARCA','341414312',0),(4,'PIURA','45749684',1),(5,'CHIMBOTE','',1),(6,'HUANCAYO','',1),(7,'HUAYLLAY','',0),(8,'IQUITOS 01','',1),(9,'PUCALLPA','',1),(10,'SANTA ANA DE TUSI','',0),(11,'TACNA','',1),(12,'TARAPOTO','',1),(13,'TRUJILLO 01','',1),(14,'TRUJILLO 03','',1),(15,'TUMBES','',1),(16,'IQUITOS 03',NULL,1),(17,'ETELIX - PERU',NULL,1),(18,'ZPRUEBA',NULL,1);
/*!40000 ALTER TABLE `cabina` ENABLE KEYS */;
UNLOCK TABLES;

--
-- Temporary table structure for view `cabina_idconcat_nombre`
--

DROP TABLE IF EXISTS `cabina_idconcat_nombre`;
/*!50001 DROP VIEW IF EXISTS `cabina_idconcat_nombre`*/;
SET @saved_cs_client     = @@character_set_client;
SET character_set_client = utf8;
/*!50001 CREATE TABLE `cabina_idconcat_nombre` (
  `Id` varchar(15),
  `Nombre` varchar(45)
) ENGINE=MyISAM */;
SET character_set_client = @saved_cs_client;

--
-- Temporary table structure for view `cabina_usuario`
--

DROP TABLE IF EXISTS `cabina_usuario`;
/*!50001 DROP VIEW IF EXISTS `cabina_usuario`*/;
SET @saved_cs_client     = @@character_set_client;
SET character_set_client = utf8;
/*!50001 CREATE TABLE `cabina_usuario` (
  `cabina` varchar(45),
  `usuario` varchar(20)
) ENGINE=MyISAM */;
SET character_set_client = @saved_cs_client;

--
-- Temporary table structure for view `cicloingresos`
--

DROP TABLE IF EXISTS `cicloingresos`;
/*!50001 DROP VIEW IF EXISTS `cicloingresos`*/;
SET @saved_cs_client     = @@character_set_client;
SET character_set_client = utf8;
/*!50001 CREATE TABLE `cicloingresos` (
  `Inicio del Balance` date,
  `Nombre de Cabina` varchar(17),
  `Total Ventas (S/.)` decimal(47,2),
  `Diferencial Bancario (S/.)` decimal(48,2),
  `Conciliacion Bancaria (S/.)` decimal(38,2),
  `Diferencial Brightstar Movistar (S/.)` decimal(39,2),
  `Diferencial Brightstar Claro (S/.)` decimal(39,2),
  `Ultima Paridad Cambiaria (S/.|$)` decimal(15,2),
  `Diferencial Captura Soles (S/.)` decimal(51,2),
  `Diferencial Captura Dollar (USD $)` decimal(53,2)
) ENGINE=MyISAM */;
SET character_set_client = @saved_cs_client;

--
-- Table structure for table `comision`
--

DROP TABLE IF EXISTS `comision`;
/*!40101 SET @saved_cs_client     = @@character_set_client */;
/*!40101 SET character_set_client = utf8 */;
CREATE TABLE `comision` (
  `Id` int(11) NOT NULL AUTO_INCREMENT,
  `Fecha` date NOT NULL,
  `Valor` decimal(15,2) NOT NULL,
  `COMPANIA_Id` int(11) NOT NULL,
  PRIMARY KEY (`Id`),
  KEY `fk_COMISION_COMPANIA1_idx` (`COMPANIA_Id`),
  CONSTRAINT `fk_COMISION_COMPANIA1` FOREIGN KEY (`COMPANIA_Id`) REFERENCES `compania` (`id`) ON DELETE NO ACTION ON UPDATE NO ACTION
) ENGINE=InnoDB AUTO_INCREMENT=7 DEFAULT CHARSET=utf8;
/*!40101 SET character_set_client = @saved_cs_client */;

--
-- Dumping data for table `comision`
--

LOCK TABLES `comision` WRITE;
/*!40000 ALTER TABLE `comision` DISABLE KEYS */;
INSERT INTO `comision` VALUES (1,'2013-04-06',4.00,2),(2,'2013-04-05',6.00,1),(3,'2013-04-15',5.00,2),(4,'2013-04-10',2.00,2),(5,'2013-04-20',8.00,2),(6,'0000-00-00',7.00,1);
/*!40000 ALTER TABLE `comision` ENABLE KEYS */;
UNLOCK TABLES;

--
-- Table structure for table `compania`
--

DROP TABLE IF EXISTS `compania`;
/*!40101 SET @saved_cs_client     = @@character_set_client */;
/*!40101 SET character_set_client = utf8 */;
CREATE TABLE `compania` (
  `id` int(11) NOT NULL AUTO_INCREMENT,
  `nombre` varchar(45) NOT NULL,
  PRIMARY KEY (`id`)
) ENGINE=InnoDB AUTO_INCREMENT=3 DEFAULT CHARSET=utf8;
/*!40101 SET character_set_client = @saved_cs_client */;

--
-- Dumping data for table `compania`
--

LOCK TABLES `compania` WRITE;
/*!40000 ALTER TABLE `compania` DISABLE KEYS */;
INSERT INTO `compania` VALUES (1,'Movistar'),(2,'Claro');
/*!40000 ALTER TABLE `compania` ENABLE KEYS */;
UNLOCK TABLES;

--
-- Table structure for table `log`
--

DROP TABLE IF EXISTS `log`;
/*!40101 SET @saved_cs_client     = @@character_set_client */;
/*!40101 SET character_set_client = utf8 */;
CREATE TABLE `log` (
  `Id` int(11) NOT NULL AUTO_INCREMENT,
  `Fecha` date NOT NULL,
  `Hora` time NOT NULL,
  `FechaEsp` date DEFAULT NULL,
  `ACCIONLOG_Id` int(11) NOT NULL,
  `USERS_Id` int(11) NOT NULL,
  PRIMARY KEY (`Id`),
  KEY `fk_LOG_ACCIONLOG1_idx` (`ACCIONLOG_Id`),
  KEY `fk_LOG_USERS1` (`USERS_Id`),
  CONSTRAINT `fk_LOG_ACCIONLOG1` FOREIGN KEY (`ACCIONLOG_Id`) REFERENCES `accionlog` (`Id`) ON DELETE NO ACTION ON UPDATE NO ACTION,
  CONSTRAINT `fk_LOG_USERS1` FOREIGN KEY (`USERS_Id`) REFERENCES `users` (`id`) ON DELETE NO ACTION ON UPDATE NO ACTION
) ENGINE=InnoDB AUTO_INCREMENT=2156 DEFAULT CHARSET=utf8;
/*!40101 SET character_set_client = @saved_cs_client */;

--
-- Dumping data for table `log`
--

LOCK TABLES `log` WRITE;
/*!40000 ALTER TABLE `log` DISABLE KEYS */;
INSERT INTO `log` VALUES (86,'2013-03-07','17:59:24',NULL,2,5),(87,'2013-03-07','17:59:35','2013-03-07',3,5),(88,'2013-03-07','17:59:45','2013-03-07',4,5),(89,'2013-03-07','18:42:46',NULL,2,1),(90,'2013-03-07','18:43:25','2013-03-07',3,1),(91,'2013-03-07','18:43:38',NULL,2,1),(92,'2013-03-07','18:47:25',NULL,2,1),(93,'2013-03-07','18:47:50','2013-03-07',3,1),(94,'2013-03-08','16:32:19',NULL,2,5),(95,'2013-03-08','16:39:51','2013-03-07',4,5),(96,'2013-03-08','16:40:44','2013-03-08',3,5),(97,'2013-03-08','17:19:57','2013-03-07',4,5),(98,'2013-03-09','11:07:51',NULL,2,1),(99,'2013-03-09','11:08:47','2013-03-09',4,1),(100,'2013-03-09','13:10:20',NULL,2,5),(101,'2013-03-09','13:18:26','2013-03-09',3,5),(102,'2013-03-09','13:25:38','2013-03-08',4,5),(103,'2013-03-09','13:35:07',NULL,2,5),(104,'2013-03-09','13:36:25','2013-03-08',3,5),(105,'2013-03-09','13:37:48','2013-03-09',3,5),(106,'2013-03-09','13:38:20','2013-03-09',4,5),(107,'2013-03-09','14:31:04',NULL,2,1),(108,'2013-03-09','14:31:37','2013-03-09',4,1),(109,'2013-03-09','14:32:14','2013-03-09',3,1),(110,'2013-03-09','14:55:33',NULL,2,2),(111,'2013-03-09','14:55:53','2013-03-09',4,2),(112,'2013-03-09','14:56:10','2013-03-09',3,2),(113,'2013-03-09','16:38:53',NULL,2,1),(114,'2013-03-10','13:28:02',NULL,2,5),(115,'2013-03-10','13:54:53',NULL,2,5),(116,'2013-03-10','13:55:45','2013-03-10',3,5),(117,'2013-03-10','13:56:18','2013-03-10',4,5),(118,'2013-03-10','13:57:00','2013-03-10',8,5),(119,'2013-03-10','14:40:08',NULL,2,1),(120,'2013-03-10','14:41:29','2013-03-10',8,1),(121,'2013-03-10','14:57:57',NULL,2,5),(122,'2013-03-10','14:58:34','2013-03-08',3,5),(123,'2013-03-10','14:58:53','2013-03-08',4,5),(124,'2013-03-10','14:59:03','2013-03-08',8,5),(125,'2013-03-10','14:59:14',NULL,2,5),(126,'2013-03-10','14:59:45','2013-03-07',3,5),(127,'2013-03-10','14:59:55','2013-03-07',4,5),(128,'2013-03-10','15:00:07','2013-03-07',8,5),(129,'2013-03-10','15:00:30',NULL,2,2),(130,'2013-03-10','15:01:08','2013-03-08',3,2),(131,'2013-03-10','15:01:24','2013-03-08',4,2),(132,'2013-03-10','09:08:51',NULL,1,1),(133,'2013-03-10','16:38:10',NULL,1,5),(134,'2013-03-10','16:38:15',NULL,1,6),(135,'2013-03-10','16:38:20',NULL,1,1),(136,'2013-03-10','16:39:23',NULL,1,3),(137,'2013-03-10','16:40:04',NULL,1,3),(138,'2013-03-10','16:40:17',NULL,1,4),(139,'2013-03-10','16:41:28',NULL,1,4),(140,'2013-03-10','16:41:37',NULL,1,1),(141,'2013-03-10','16:41:56',NULL,1,1),(142,'2013-03-10','16:42:06',NULL,1,1),(143,'2013-03-10','16:42:12',NULL,1,5),(144,'2013-03-10','16:42:22',NULL,1,3),(145,'2013-03-10','16:42:55',NULL,1,3),(146,'2013-03-10','16:43:08',NULL,1,4),(147,'2013-03-10','16:43:23',NULL,1,3),(154,'2013-03-10','16:51:41',NULL,1,1),(155,'2013-03-10','16:53:29',NULL,1,1),(156,'2013-03-10','16:53:36',NULL,1,3),(157,'2013-03-10','17:06:28',NULL,1,2),(158,'2013-03-10','17:08:12',NULL,1,1),(159,'2013-03-10','17:08:47',NULL,1,5),(160,'2013-03-10','17:09:48',NULL,1,3),(161,'2013-03-10','17:10:43',NULL,1,6),(162,'2013-03-10','17:11:02',NULL,1,1),(163,'2013-03-10','17:13:11',NULL,1,1),(164,'2013-03-10','17:13:27',NULL,1,1),(165,'2013-03-10','17:15:53',NULL,1,6),(166,'2013-03-10','17:16:11',NULL,1,6),(167,'2013-03-10','17:16:45',NULL,1,6),(168,'2013-03-10','17:16:46',NULL,1,6),(169,'2013-03-10','17:17:21',NULL,7,6),(170,'2013-03-10','17:18:32',NULL,7,3),(175,'2013-03-10','17:20:46',NULL,7,4),(176,'2013-03-10','17:21:53',NULL,7,1),(177,'2013-03-10','17:22:00',NULL,1,5),(178,'2013-03-10','17:22:12',NULL,7,5),(179,'2013-03-10','17:22:20',NULL,1,2),(180,'2013-03-10','17:22:27',NULL,7,2),(181,'2013-03-10','17:27:32',NULL,1,1),(182,'2013-03-10','17:43:53',NULL,7,1),(183,'2013-03-10','17:43:57',NULL,1,1),(184,'2013-03-10','18:23:26',NULL,7,1),(185,'2013-03-10','18:23:38',NULL,1,1),(186,'2013-03-10','18:25:05',NULL,7,1),(187,'2013-03-10','18:25:09',NULL,1,5),(188,'2013-03-10','18:25:38',NULL,2,5),(189,'2013-03-10','18:29:54',NULL,7,5),(190,'2013-03-10','18:30:00',NULL,1,1),(191,'2013-03-10','18:30:01',NULL,7,1),(192,'2013-03-10','18:30:06',NULL,1,5),(193,'2013-03-10','18:30:10',NULL,7,5),(194,'2013-03-10','18:30:39',NULL,1,1),(195,'2013-03-10','18:35:32',NULL,7,1),(196,'2013-03-10','18:42:06',NULL,1,6),(197,'2013-03-10','19:05:52',NULL,7,6),(198,'2013-03-10','19:05:57',NULL,1,5),(199,'2013-03-10','19:07:31',NULL,7,5),(200,'2013-03-10','19:07:36',NULL,1,6),(201,'2013-03-10','19:07:44',NULL,7,6),(202,'2013-03-10','19:07:49',NULL,1,1),(204,'2013-03-10','19:08:49',NULL,1,1),(205,'2013-03-10','19:08:50',NULL,7,1),(206,'2013-03-10','19:08:55',NULL,1,6),(207,'2013-03-10','19:08:57',NULL,7,6),(208,'2013-03-10','19:11:24',NULL,1,1),(209,'2013-03-10','19:12:05',NULL,7,1),(210,'2013-03-10','19:12:09',NULL,1,1),(211,'2013-03-10','19:13:07',NULL,7,1),(212,'2013-03-10','19:13:11',NULL,1,1),(213,'2013-03-10','19:14:26',NULL,1,1),(214,'2013-03-10','19:16:36',NULL,7,1),(215,'2013-03-10','19:16:51',NULL,1,6),(216,'2013-03-10','19:19:07',NULL,7,6),(217,'2013-03-10','19:20:55',NULL,7,1),(218,'2013-03-10','19:22:57',NULL,1,5),(219,'2013-03-10','19:24:19',NULL,7,5),(220,'2013-03-10','19:24:23',NULL,1,6),(221,'2013-03-10','19:25:01',NULL,7,6),(222,'2013-03-10','19:25:04',NULL,1,1),(223,'2013-03-10','19:25:11',NULL,7,1),(224,'2013-03-10','19:25:16',NULL,1,6),(225,'2013-03-10','19:38:23',NULL,7,6),(226,'2013-03-10','19:38:27',NULL,1,5),(227,'2013-03-10','19:39:11',NULL,7,5),(228,'2013-03-10','19:39:15',NULL,1,6),(229,'2013-03-10','19:45:59',NULL,7,6),(230,'2013-03-10','19:46:03',NULL,1,6),(231,'2013-03-10','19:46:49',NULL,7,6),(232,'2013-03-10','19:46:54',NULL,1,6),(233,'2013-03-10','19:48:26',NULL,7,6),(234,'2013-03-10','19:48:30',NULL,1,6),(235,'2013-03-10','19:48:40',NULL,7,6),(236,'2013-03-10','19:49:57',NULL,1,6),(237,'2013-03-10','19:51:34',NULL,7,6),(238,'2013-03-10','19:51:38',NULL,1,6),(239,'2013-03-10','19:52:04',NULL,7,6),(240,'2013-03-10','19:52:08',NULL,1,6),(241,'2013-03-10','19:53:09',NULL,7,6),(242,'2013-03-10','19:53:13',NULL,1,1),(243,'2013-03-10','19:53:34',NULL,7,1),(244,'2013-03-10','19:53:41',NULL,1,6),(245,'2013-03-10','19:56:56',NULL,7,6),(246,'2013-03-10','19:57:01',NULL,1,5),(247,'2013-03-10','19:57:13',NULL,7,5),(248,'2013-03-10','19:58:28',NULL,1,1),(249,'2013-03-10','19:58:41',NULL,7,1),(250,'2013-03-10','20:01:36',NULL,1,6),(251,'2013-03-10','20:01:56',NULL,7,6),(252,'2013-03-10','20:02:00',NULL,1,6),(253,'2013-03-10','20:02:02',NULL,7,6),(254,'2013-03-10','20:03:49',NULL,1,6),(255,'2013-03-10','20:09:10',NULL,7,6),(256,'2013-03-10','20:09:33',NULL,7,6),(257,'2013-03-10','20:09:37',NULL,1,6),(258,'2013-03-10','20:09:49',NULL,7,6),(259,'2013-03-10','20:17:19',NULL,1,1),(260,'2013-03-10','20:35:53',NULL,7,1),(261,'2013-03-10','20:35:57',NULL,1,6),(262,'2013-03-10','20:39:45',NULL,7,6),(263,'2013-03-10','20:40:21',NULL,1,6),(264,'2013-03-11','09:56:17',NULL,7,6),(265,'2013-03-11','09:56:24',NULL,1,1),(266,'2013-03-11','09:57:20',NULL,7,1),(267,'2013-03-11','09:57:25',NULL,1,6),(268,'2013-03-11','09:59:04',NULL,7,6),(269,'2013-03-11','09:59:10',NULL,1,1),(270,'2013-03-11','09:59:34',NULL,7,1),(271,'2013-03-11','09:59:39',NULL,1,1),(272,'2013-03-11','10:00:51',NULL,7,1),(273,'2013-03-11','10:00:56',NULL,1,5),(274,'2013-03-11','10:01:53',NULL,7,5),(275,'2013-03-11','10:01:57',NULL,1,1),(276,'2013-03-11','10:02:03',NULL,7,1),(277,'2013-03-11','10:02:09',NULL,1,5),(278,'2013-03-11','10:02:16',NULL,7,5),(279,'2013-03-11','10:28:19',NULL,1,7),(280,'2013-03-11','10:34:57',NULL,7,7),(281,'2013-03-11','10:35:18',NULL,1,6),(282,'2013-03-11','10:39:07',NULL,7,6),(283,'2013-03-11','10:39:13',NULL,1,5),(284,'2013-03-11','10:40:08',NULL,7,5),(285,'2013-03-11','10:40:19',NULL,1,1),(286,'2013-03-11','10:49:25',NULL,7,1),(287,'2013-03-11','10:49:31',NULL,1,5),(288,'2013-03-11','10:51:08',NULL,7,5),(289,'2013-03-11','10:51:13',NULL,1,1),(290,'2013-03-11','10:51:57',NULL,7,1),(291,'2013-03-11','10:52:02',NULL,1,6),(292,'2013-03-11','13:25:53',NULL,7,6),(293,'2013-03-11','13:25:58',NULL,1,5),(294,'2013-03-11','13:30:16',NULL,7,5),(295,'2013-03-11','13:30:23',NULL,1,6),(296,'2013-03-11','13:30:30',NULL,7,6),(297,'2013-03-11','13:30:36',NULL,1,5),(298,'2013-03-11','13:30:49',NULL,7,5),(299,'2013-03-11','13:30:53',NULL,1,1),(300,'2013-03-11','13:32:43',NULL,7,1),(301,'2013-03-11','13:32:50',NULL,1,6),(302,'2013-03-11','13:33:35',NULL,7,6),(303,'2013-03-11','13:33:45',NULL,1,1),(304,'2013-03-11','13:34:00',NULL,7,1),(305,'2013-03-11','13:36:52',NULL,1,6),(306,'2013-03-11','13:37:28',NULL,7,6),(307,'2013-03-11','13:38:09',NULL,1,6),(308,'2013-03-11','13:38:32',NULL,7,6),(309,'2013-03-11','13:38:38',NULL,1,5),(310,'2013-03-11','13:41:12',NULL,7,5),(311,'2013-03-11','13:41:18',NULL,1,7),(312,'2013-03-11','13:52:43',NULL,7,7),(313,'2013-03-11','13:52:48',NULL,1,5),(314,'2013-03-11','13:52:51',NULL,7,5),(315,'2013-03-11','13:52:55',NULL,1,7),(316,'2013-03-11','13:54:05',NULL,7,7),(317,'2013-03-11','13:54:10',NULL,1,1),(318,'2013-03-11','13:54:15',NULL,7,1),(319,'2013-03-11','13:54:25',NULL,1,1),(320,'2013-03-11','13:55:02',NULL,7,1),(321,'2013-03-11','13:55:08',NULL,1,5),(322,'2013-03-11','13:56:50',NULL,7,5),(323,'2013-03-11','13:57:29',NULL,1,6),(324,'2013-03-11','14:14:27',NULL,7,6),(325,'2013-03-11','14:14:51',NULL,1,5),(326,'2013-03-11','14:15:18',NULL,7,5),(327,'2013-03-11','15:35:36',NULL,1,5),(328,'2013-03-11','15:38:08',NULL,7,5),(329,'2013-03-11','15:39:20',NULL,1,1),(330,'2013-03-11','15:41:48',NULL,7,1),(331,'2013-03-11','15:41:54',NULL,1,6),(332,'2013-03-11','15:52:30',NULL,1,5),(333,'2013-03-11','15:55:04',NULL,7,6),(334,'2013-03-11','15:55:09',NULL,1,7),(335,'2013-03-11','17:34:03',NULL,7,7),(336,'2013-03-11','17:34:14',NULL,1,6),(337,'2013-03-11','17:41:33',NULL,7,5),(338,'2013-03-11','17:41:40',NULL,1,1),(339,'2013-03-11','18:00:26',NULL,7,6),(340,'2013-03-11','18:00:39',NULL,1,6),(341,'2013-03-11','18:00:40',NULL,7,6),(342,'2013-03-11','18:00:47',NULL,1,6),(343,'2013-03-11','18:24:03',NULL,7,6),(344,'2013-03-11','18:24:15',NULL,1,7),(345,'2013-03-11','18:31:26',NULL,7,7),(346,'2013-03-11','18:31:35',NULL,1,5),(347,'2013-03-11','18:31:39',NULL,7,5),(348,'2013-03-11','18:31:43',NULL,1,6),(349,'2013-03-11','18:37:19',NULL,7,6),(350,'2013-03-11','18:37:25',NULL,1,7),(351,'2013-03-12','10:36:32',NULL,7,7),(352,'2013-03-12','10:36:36',NULL,1,6),(353,'2013-03-12','10:37:28',NULL,7,6),(354,'2013-03-12','10:37:35',NULL,1,6),(355,'2013-03-12','10:40:40',NULL,7,6),(356,'2013-03-12','10:40:45',NULL,1,7),(357,'2013-03-12','10:44:45',NULL,7,7),(358,'2013-03-12','10:44:50',NULL,1,5),(359,'2013-03-12','10:47:15',NULL,7,5),(360,'2013-03-12','10:47:23',NULL,1,5),(361,'2013-03-12','10:48:56',NULL,7,5),(362,'2013-03-12','10:49:03',NULL,1,5),(363,'2013-03-12','10:49:11',NULL,7,5),(364,'2013-03-12','10:49:20',NULL,1,7),(365,'2013-03-12','10:53:58',NULL,7,7),(366,'2013-03-12','10:54:09',NULL,1,5),(367,'2013-03-12','10:56:11',NULL,2,5),(368,'2013-03-12','10:58:33','2013-03-12',3,5),(369,'2013-03-12','11:00:06','2013-03-12',4,5),(370,'2013-03-12','11:02:10','2013-03-12',8,5),(371,'2013-03-12','11:04:22',NULL,7,5),(372,'2013-03-12','11:04:28',NULL,1,7),(373,'2013-03-12','11:04:49',NULL,7,7),(374,'2013-03-12','11:05:00',NULL,1,1),(375,'2013-03-12','11:11:52',NULL,7,1),(376,'2013-03-12','11:11:59',NULL,1,1),(377,'2013-03-12','11:17:56',NULL,7,1),(378,'2013-03-12','11:28:05',NULL,1,1),(379,'2013-03-12','12:10:29',NULL,7,1),(380,'2013-03-12','12:10:33',NULL,1,6),(381,'2013-03-12','12:15:56',NULL,7,1),(382,'2013-03-12','12:18:01',NULL,1,6),(383,'2013-03-12','12:18:27',NULL,7,6),(384,'2013-03-12','12:18:32',NULL,1,1),(385,'2013-03-12','12:18:58',NULL,7,1),(386,'2013-03-12','12:19:15',NULL,1,6),(387,'2013-03-12','12:21:37',NULL,7,6),(388,'2013-03-12','12:22:06',NULL,1,6),(389,'2013-03-12','13:43:49',NULL,7,6),(390,'2013-03-12','13:43:59',NULL,1,5),(391,'2013-03-12','13:44:04',NULL,7,5),(392,'2013-03-12','13:44:12',NULL,1,1),(393,'2013-03-12','13:52:39',NULL,7,6),(394,'2013-03-12','13:53:33',NULL,1,6),(395,'2013-03-12','13:53:48',NULL,7,6),(396,'2013-03-12','13:53:54',NULL,1,1),(397,'2013-03-12','13:54:00',NULL,7,1),(398,'2013-03-12','14:59:09',NULL,7,1),(399,'2013-03-12','20:42:15',NULL,1,1),(400,'2013-03-12','20:42:39',NULL,7,1),(401,'2013-03-12','20:42:46',NULL,1,5),(402,'2013-03-12','20:45:36',NULL,7,5),(403,'2013-03-12','20:45:42',NULL,1,1),(404,'2013-03-12','20:46:01',NULL,7,1),(405,'2013-03-12','20:46:08',NULL,1,6),(406,'2013-03-13','11:03:47',NULL,1,5),(407,'2013-03-13','11:08:04',NULL,1,1),(408,'2013-03-13','11:13:55',NULL,1,6),(409,'2013-03-13','11:32:40',NULL,7,6),(410,'2013-03-13','11:32:45',NULL,1,5),(411,'2013-03-13','12:01:58',NULL,2,5),(412,'2013-03-13','12:12:47',NULL,7,5),(413,'2013-03-13','12:12:53',NULL,1,6),(414,'2013-03-13','12:12:57',NULL,7,6),(415,'2013-03-13','12:13:35',NULL,1,5),(416,'2013-03-13','12:21:11',NULL,7,5),(417,'2013-03-13','12:23:33',NULL,1,6),(418,'2013-03-13','12:25:47',NULL,7,6),(419,'2013-03-13','12:25:52',NULL,1,5),(420,'2013-03-13','12:28:30',NULL,7,5),(421,'2013-03-13','12:28:35',NULL,1,6),(422,'2013-03-13','12:28:37',NULL,7,6),(423,'2013-03-13','12:28:42',NULL,1,4),(424,'2013-03-13','15:50:17',NULL,7,4),(425,'2013-03-13','15:50:42',NULL,1,6),(426,'2013-03-13','15:50:49',NULL,7,6),(427,'2013-03-13','15:50:56',NULL,1,5),(428,'2013-03-13','16:37:02',NULL,7,5),(429,'2013-03-13','16:37:08',NULL,1,1),(430,'2013-03-13','17:42:39',NULL,7,1),(431,'2013-03-13','17:42:49',NULL,1,5),(432,'2013-03-13','18:31:05',NULL,1,1),(433,'2013-03-13','18:43:02',NULL,7,1),(434,'2013-03-13','18:43:09',NULL,1,1),(435,'2013-03-13','19:21:35',NULL,1,1),(436,'2013-03-14','10:42:02',NULL,1,1),(437,'2013-03-14','13:46:21',NULL,1,5),(438,'2013-03-14','14:35:14',NULL,1,1),(439,'2013-03-14','14:49:11',NULL,7,5),(440,'2013-03-14','14:49:17',NULL,1,1),(441,'2013-03-14','15:39:57',NULL,7,1),(442,'2013-03-14','15:40:01',NULL,1,5),(443,'2013-03-14','07:23:00',NULL,9,5),(444,'2013-03-14','07:23:00',NULL,10,5),(445,'2013-03-14','15:50:51',NULL,2,1),(446,'2013-03-14','15:55:32',NULL,7,5),(447,'2013-03-14','15:55:51',NULL,7,1),(448,'2013-03-14','15:56:04',NULL,1,5),(449,'2013-03-14','15:56:26',NULL,2,5),(450,'2013-03-14','15:56:49','2013-03-14',3,5),(451,'2013-03-14','15:57:13',NULL,1,5),(452,'2013-03-14','07:23:00',NULL,10,5),(453,'2013-03-14','16:02:12','2013-03-14',4,5),(454,'2013-03-14','07:23:00',NULL,10,5),(455,'2013-03-14','07:23:00',NULL,10,5),(456,'2013-03-14','07:23:00',NULL,10,5),(457,'2013-03-14','07:23:00',NULL,9,5),(458,'2013-03-14','16:08:20','2013-03-14',4,5),(459,'2013-03-14','16:17:42','2013-03-14',4,5),(460,'2013-03-14','16:19:56','2013-03-07',4,5),(461,'2013-03-14','16:20:27','2013-03-14',4,5),(462,'2013-03-14','16:21:19','2013-03-14',4,5),(463,'2013-03-14','16:21:38','2013-03-14',4,5),(464,'2013-03-14','16:23:17','2013-03-14',4,5),(465,'2013-03-14','16:27:42','2013-03-14',4,5),(466,'2013-03-14','16:28:09','2013-03-14',4,5),(467,'2013-03-14','16:29:21','2013-03-14',4,5),(468,'2013-03-14','16:33:22','2013-03-14',4,5),(469,'2013-03-14','07:23:00',NULL,9,5),(470,'2013-03-14','16:34:41','2013-03-14',4,5),(471,'2013-03-14','16:36:06','2013-03-14',4,5),(472,'2013-03-14','16:36:53','2013-03-14',4,5),(473,'2013-03-14','16:42:53','2013-03-14',4,5),(474,'2013-03-14','16:43:35','2013-03-14',4,5),(475,'2013-03-14','16:44:24','2013-03-14',4,5),(476,'2013-03-14','16:45:02','2013-03-14',4,5),(477,'2013-03-14','16:46:04','2013-03-14',4,5),(478,'2013-03-14','16:47:03','2013-03-14',4,5),(479,'2013-03-14','16:47:44','2013-03-14',4,5),(480,'2013-03-14','16:48:51','2013-03-14',4,5),(481,'2013-03-14','16:49:30','2013-03-14',4,5),(482,'2013-03-14','16:50:08','2013-03-14',4,5),(483,'2013-03-14','16:57:07','2013-03-14',4,5),(484,'2013-03-14','16:58:27','2013-03-14',4,5),(485,'2013-03-14','17:00:13','2013-03-14',4,5),(486,'2013-03-14','07:23:00',NULL,9,5),(487,'2013-03-14','07:23:00',NULL,9,5),(488,'2013-03-14','07:23:00',NULL,9,5),(489,'2013-03-14','07:23:00',NULL,9,5),(490,'2013-03-14','17:03:10','2013-03-14',4,5),(491,'2013-03-14','07:23:00',NULL,9,5),(492,'2013-03-14','07:23:00',NULL,9,5),(493,'2013-03-14','07:23:00',NULL,9,5),(494,'2013-03-14','07:23:00',NULL,9,5),(495,'2013-03-14','07:23:00',NULL,9,5),(496,'2013-03-14','07:23:00',NULL,9,5),(497,'2013-03-14','07:23:00',NULL,9,5),(498,'2013-03-14','07:23:00',NULL,9,5),(499,'2013-03-14','17:05:17','2013-03-07',3,5),(500,'2013-03-14','17:06:11',NULL,7,5),(501,'2013-03-14','17:06:14','2013-03-14',4,5),(502,'2013-03-14','17:06:16',NULL,1,1),(503,'2013-03-14','17:08:23',NULL,7,1),(504,'2013-03-14','17:08:50',NULL,1,5),(505,'2013-03-14','17:08:55',NULL,2,5),(506,'2013-03-14','07:23:00',NULL,10,5),(507,'2013-03-14','07:23:00',NULL,10,5),(508,'2013-03-14','17:09:26','2013-03-14',3,5),(509,'2013-03-14','17:09:54','2013-03-14',4,5),(510,'2013-03-14','07:23:00',NULL,9,5),(511,'2013-03-14','17:12:24','2013-03-14',4,5),(512,'2013-03-14','17:14:12','2013-03-14',4,5),(513,'2013-03-14','17:19:12','2013-03-14',4,5),(514,'2013-03-14','17:21:30','2013-03-14',4,5),(515,'2013-03-14','17:22:32','2013-03-14',4,5),(516,'2013-03-14','17:23:21','2013-03-14',4,5),(517,'2013-03-14','17:24:28','2013-03-14',4,5),(518,'2013-03-14','17:25:15','2013-03-14',4,5),(519,'2013-03-14','17:25:52','2013-03-14',4,5),(520,'2013-03-14','17:26:42','2013-03-14',4,5),(521,'2013-03-14','17:27:18','2013-03-14',4,5),(522,'2013-03-14','17:39:03','2013-03-14',4,5),(523,'2013-03-14','17:42:27','2013-03-14',4,5),(524,'2013-03-14','17:43:41','2013-03-14',4,5),(525,'2013-03-14','17:44:56','2013-03-14',4,5),(526,'2013-03-14','17:53:10','2013-03-14',4,5),(527,'2013-03-14','17:53:48','2013-03-14',4,5),(528,'2013-03-14','17:54:26','2013-03-14',4,5),(529,'2013-03-14','17:55:01','2013-03-14',4,5),(530,'2013-03-14','17:55:36','2013-03-14',4,5),(531,'2013-03-14','17:56:09','2013-03-14',4,5),(532,'2013-03-14','17:56:38','2013-03-14',4,5),(533,'2013-03-14','17:57:11','2013-03-14',4,5),(534,'2013-03-14','17:57:47','2013-03-14',4,5),(535,'2013-03-14','17:58:52','2013-03-14',4,5),(536,'2013-03-14','17:59:33','2013-03-14',4,5),(537,'2013-03-14','07:23:00',NULL,9,5),(538,'2013-03-14','07:23:00',NULL,9,5),(539,'2013-03-14','07:23:00',NULL,9,5),(540,'2013-03-14','18:01:56','2013-03-14',4,5),(541,'2013-03-14','18:02:34','2013-03-14',4,5),(542,'2013-03-14','18:03:06','2013-03-14',4,5),(543,'2013-03-14','18:03:45','2013-03-14',4,5),(544,'2013-03-14','18:04:22','2013-03-14',4,5),(545,'2013-03-14','18:05:00','2013-03-14',4,5),(546,'2013-03-14','18:05:36','2013-03-14',4,5),(547,'2013-03-14','18:06:08','2013-03-14',4,5),(548,'2013-03-14','18:07:05','2013-03-14',4,5),(549,'2013-03-14','18:07:40','2013-03-14',4,5),(550,'2013-03-14','18:14:24','2013-03-14',4,5),(551,'2013-03-14','18:14:57','2013-03-14',4,5),(552,'2013-03-14','18:15:25','2013-03-14',4,5),(553,'2013-03-14','18:21:01','2013-03-14',4,5),(554,'2013-03-14','18:27:23','2013-03-13',4,5),(555,'2013-03-14','18:28:06','2013-03-14',4,5),(556,'2013-03-14','14:40:00',NULL,9,5),(557,'2013-03-14','14:40:00',NULL,9,5),(558,'2013-03-14','19:55:00',NULL,10,5),(559,'2013-03-14','19:55:00',NULL,10,5),(560,'2013-03-14','18:30:26',NULL,2,5),(561,'2013-03-14','08:00:00',NULL,10,5),(562,'2013-03-14','09:05:00',NULL,10,5),(563,'2013-03-14','08:10:00',NULL,10,5),(564,'2013-03-14','08:10:00',NULL,10,5),(565,'2013-03-14','08:00:00',NULL,10,5),(566,'2013-03-14','08:00:00',NULL,10,5),(567,'2013-03-14','17:00:00',NULL,9,5),(568,'2013-03-14','17:00:00',NULL,9,5),(569,'2013-03-14','14:00:00',NULL,10,5),(570,'2013-03-14','14:00:00',NULL,10,5),(571,'2013-03-15','15:41:19',NULL,1,5),(572,'2013-03-15','15:41:38',NULL,7,5),(573,'2013-03-15','15:41:44',NULL,1,1),(574,'2013-03-18','10:44:22',NULL,1,1),(575,'2013-03-18','10:57:18',NULL,1,1),(576,'2013-03-18','17:04:17',NULL,7,1),(577,'2013-03-18','18:02:03',NULL,1,1),(578,'2013-03-18','18:15:19',NULL,7,1),(579,'2013-03-18','18:34:28',NULL,1,5),(580,'2013-03-19','10:14:44',NULL,1,5),(581,'2013-03-19','10:18:59',NULL,1,5),(582,'2013-03-19','10:31:01',NULL,1,5),(583,'2013-03-19','10:31:32','2013-03-13',4,5),(584,'2013-03-19','10:35:32','2013-03-13',4,5),(585,'2013-03-19','10:35:53','2013-03-13',4,5),(586,'2013-03-19','10:36:12','2013-03-13',4,5),(587,'2013-03-19','10:38:39','2013-03-13',4,5),(588,'2013-03-19','11:02:12','2013-03-13',4,5),(589,'2013-03-19','14:56:25',NULL,7,5),(590,'2013-03-19','15:05:34',NULL,1,1),(591,'2013-03-19','18:17:32',NULL,7,1),(592,'2013-03-19','18:17:37',NULL,1,5),(593,'2013-03-19','18:17:57',NULL,1,5),(594,'2013-03-19','13:00:00',NULL,9,5),(595,'2013-03-19','13:00:00',NULL,9,5),(596,'2013-03-19','19:00:00',NULL,9,5),(597,'2013-03-19','19:00:00',NULL,9,5),(598,'2013-03-19','13:00:00',NULL,9,5),(599,'2013-03-19','13:00:00',NULL,9,5),(600,'2013-03-19','13:00:00',NULL,9,5),(601,'2013-03-19','13:00:00',NULL,9,5),(602,'2013-03-19','18:23:32',NULL,2,5),(603,'2013-03-19','18:24:26','2013-03-19',3,5),(604,'2013-03-19','18:31:12',NULL,1,5),(605,'2013-03-19','18:32:52',NULL,7,5),(606,'2013-03-19','18:32:58',NULL,1,3),(607,'2013-03-19','13:00:00',NULL,10,5),(608,'2013-03-19','13:00:00',NULL,10,5),(609,'2013-03-19','15:00:00',NULL,10,5),(610,'2013-03-19','08:00:00',NULL,10,5),(611,'2013-03-19','08:00:00',NULL,10,5),(612,'2013-03-19','18:42:37',NULL,7,5),(613,'2013-03-19','19:12:14',NULL,2,5),(614,'2013-03-19','19:13:10',NULL,2,5),(615,'2013-03-19','19:13:35',NULL,2,5),(616,'2013-03-19','19:27:02',NULL,7,5),(617,'2013-03-19','19:27:06',NULL,1,6),(618,'2013-03-19','19:34:29',NULL,7,6),(619,'2013-03-19','19:34:34',NULL,1,5),(620,'2013-03-19','19:36:24','2013-03-19',3,5),(621,'2013-03-19','19:41:39',NULL,2,5),(622,'2013-03-19','19:43:05',NULL,2,5),(623,'2013-03-19','19:44:46',NULL,2,5),(624,'2013-03-19','19:45:53',NULL,2,5),(625,'2013-03-19','19:47:08',NULL,2,5),(626,'2013-03-19','19:47:54',NULL,2,5),(627,'2013-03-19','19:48:15',NULL,2,5),(628,'2013-03-19','19:49:12',NULL,2,5),(629,'2013-03-19','19:49:23',NULL,2,5),(630,'2013-03-20','10:18:14',NULL,1,5),(631,'2013-03-20','11:40:03',NULL,7,5),(632,'2013-03-20','11:40:09',NULL,1,1),(633,'2013-03-20','12:05:55',NULL,1,5),(634,'2013-03-20','12:06:13',NULL,2,5),(635,'2013-03-20','12:13:05',NULL,7,5),(636,'2013-03-20','12:13:11',NULL,1,4),(637,'2013-03-20','12:13:26',NULL,2,4),(638,'2013-03-20','14:54:38',NULL,7,5),(639,'2013-03-20','14:54:50',NULL,1,5),(640,'2013-03-20','15:19:25',NULL,2,5),(641,'2013-03-20','15:24:07',NULL,2,5),(642,'2013-03-20','15:24:48',NULL,2,5),(643,'2013-03-20','15:27:48',NULL,2,5),(644,'2013-03-20','15:48:43',NULL,7,5),(645,'2013-03-20','15:48:54',NULL,1,1),(647,'2013-03-20','16:16:27',NULL,1,5),(648,'2013-03-20','16:20:58','2013-03-20',3,5),(649,'2013-03-20','18:39:15',NULL,7,1),(650,'2013-03-20','18:39:31',NULL,1,5),(651,'2013-03-20','18:40:15',NULL,2,5),(652,'2013-03-20','18:48:42',NULL,1,4),(653,'2013-03-20','18:50:00',NULL,2,4),(654,'2013-03-21','14:48:47',NULL,7,1),(655,'2013-03-21','14:48:52',NULL,1,1),(656,'2013-03-21','16:02:18',NULL,1,5),(657,'2013-03-21','08:00:00',NULL,9,5),(658,'2013-03-21','08:00:00',NULL,9,5),(659,'2013-03-21','16:05:09',NULL,1,1),(660,'2013-03-21','16:49:31',NULL,1,5),(661,'2013-03-21','16:49:40',NULL,2,5),(662,'2013-03-21','16:52:46','2013-03-21',3,5),(663,'2013-03-21','16:53:22','2013-03-21',4,5),(664,'2013-03-21','16:53:33','2013-03-21',8,5),(665,'2013-03-21','20:55:00',NULL,10,5),(666,'2013-03-21','17:16:06',NULL,7,5),(667,'2013-03-21','17:16:19',NULL,1,7),(668,'2013-03-21','17:16:24',NULL,7,7),(669,'2013-03-21','17:16:32',NULL,1,7),(670,'2013-03-21','17:16:35',NULL,7,7),(671,'2013-03-21','17:16:40',NULL,1,6),(672,'2013-03-22','10:08:01',NULL,1,1),(673,'2013-03-25','10:01:51',NULL,1,1),(674,'2013-03-25','10:10:06',NULL,1,1),(675,'2013-03-25','17:27:47',NULL,1,5),(676,'2013-03-25','08:30:00',NULL,9,5),(677,'2013-03-25','08:30:00',NULL,9,5),(678,'2013-03-25','18:08:20',NULL,7,5),(679,'2013-03-25','18:08:25',NULL,1,4),(680,'2013-03-25','09:00:00',NULL,9,4),(681,'2013-03-25','09:00:00',NULL,9,4),(683,'2013-03-25','19:08:48',NULL,1,6),(684,'2013-03-25','19:21:39',NULL,7,6),(685,'2013-03-25','19:21:44',NULL,1,5),(686,'2013-03-25','19:21:57',NULL,2,5),(687,'2013-03-25','19:22:04',NULL,7,5),(688,'2013-03-25','19:22:10',NULL,1,5),(689,'2013-03-25','19:22:38','2013-03-21',3,5),(690,'2013-03-25','19:29:30','2013-03-21',4,5),(691,'2013-03-25','19:30:26','2013-03-25',8,5),(692,'2013-03-25','19:30:35',NULL,7,5),(693,'2013-03-25','19:30:40',NULL,1,4),(694,'2013-03-25','19:30:53',NULL,2,4),(695,'2013-03-25','19:31:31','2013-03-25',4,4),(696,'2013-03-26','10:11:15',NULL,1,1),(697,'2013-03-26','10:58:13',NULL,7,4),(698,'2013-03-26','12:01:30',NULL,7,1),(699,'2013-03-26','12:01:47',NULL,1,5),(700,'2013-03-26','12:02:06',NULL,2,5),(701,'2013-03-26','12:03:34',NULL,7,1),(702,'2013-03-26','12:03:39',NULL,1,5),(703,'2013-03-26','12:11:48',NULL,2,5),(704,'2013-03-26','12:14:09',NULL,2,5),(705,'2013-03-26','13:24:54',NULL,2,5),(706,'2013-03-26','13:25:40',NULL,2,5),(707,'2013-03-26','13:28:36','2013-03-20',4,5),(708,'2013-03-26','13:36:28','2013-03-21',3,5),(709,'2013-03-26','14:11:34',NULL,7,5),(710,'2013-03-26','14:11:41',NULL,1,1),(711,'2013-03-26','14:11:52',NULL,7,1),(712,'2013-03-26','14:13:00',NULL,1,5),(713,'2013-03-26','14:27:55',NULL,7,5),(714,'2013-03-26','14:32:29',NULL,1,8),(715,'2013-03-26','14:33:33',NULL,2,8),(716,'2013-03-26','16:38:18',NULL,7,8),(717,'2013-03-26','16:38:27',NULL,1,5),(718,'2013-03-26','16:40:09',NULL,7,5),(719,'2013-03-26','16:40:18',NULL,1,8),(720,'2013-03-26','16:46:00',NULL,7,8),(721,'2013-03-26','16:46:13',NULL,1,8),(722,'2013-03-26','16:46:50',NULL,2,8),(723,'2013-03-26','17:05:16','2013-03-20',3,8),(724,'2013-03-26','17:06:02','2013-03-20',4,8),(725,'2013-03-26','17:06:21','2013-03-20',8,8),(726,'2013-03-26','17:07:35',NULL,7,8),(727,'2013-03-26','17:07:42',NULL,1,5),(728,'2013-03-26','17:38:28',NULL,1,8),(729,'2013-03-26','17:44:56',NULL,2,8),(730,'2013-03-26','17:45:18','2013-03-20',8,5),(731,'2013-03-26','17:55:29',NULL,1,8),(732,'2013-03-26','17:55:32',NULL,7,8),(733,'2013-03-26','17:55:37',NULL,1,8),(734,'2013-03-26','17:57:44',NULL,7,8),(735,'2013-03-26','17:57:49',NULL,1,1),(736,'2013-03-26','18:00:12',NULL,7,1),(737,'2013-03-26','18:00:19',NULL,1,8),(738,'2013-03-26','18:00:34',NULL,7,8),(739,'2013-03-26','18:00:39',NULL,1,5),(740,'2013-03-26','18:00:42',NULL,7,5),(741,'2013-03-26','18:14:00',NULL,1,5),(742,'2013-03-26','18:14:26','2013-03-25',4,5),(743,'2013-03-26','18:15:16',NULL,7,5),(744,'2013-03-26','18:15:28',NULL,1,8),(745,'2013-03-26','18:15:55',NULL,2,8),(746,'2013-03-26','18:16:39','2013-03-25',3,5),(747,'2013-03-27','10:23:03',NULL,7,8),(748,'2013-03-27','10:23:57',NULL,7,1),(749,'2013-03-27','10:24:05',NULL,1,1),(750,'2013-03-27','10:24:07',NULL,7,1),(751,'2013-03-27','10:24:18',NULL,1,1),(752,'2013-03-27','10:24:44',NULL,7,1),(753,'2013-03-27','10:25:05',NULL,1,1),(754,'2013-03-27','11:48:23',NULL,1,5),(755,'2013-03-27','08:00:00',NULL,9,5),(756,'2013-03-27','08:00:00',NULL,9,5),(757,'2013-03-27','11:48:42',NULL,2,5),(758,'2013-03-27','11:49:35','2013-03-26',4,5),(759,'2013-03-27','11:56:13',NULL,7,1),(760,'2013-03-27','11:56:36',NULL,1,1),(761,'2013-03-27','12:39:10',NULL,1,5),(762,'2013-03-27','12:50:39',NULL,7,5),(763,'2013-03-27','12:50:46',NULL,1,8),(764,'2013-03-27','13:00:00',NULL,9,8),(765,'2013-03-27','13:00:00',NULL,9,8),(766,'2013-03-27','12:51:12',NULL,2,8),(767,'2013-03-27','12:56:34',NULL,1,3),(768,'2013-03-27','13:04:26','2013-03-26',3,8),(769,'2013-03-27','13:17:07',NULL,7,3),(770,'2013-03-27','13:17:15',NULL,7,5),(771,'2013-03-27','13:17:22',NULL,1,5),(772,'2013-03-27','13:17:30',NULL,1,3),(773,'2013-03-27','13:54:26','2013-03-22',2,8),(774,'2013-03-27','16:43:37',NULL,1,1),(775,'2013-03-27','17:07:23',NULL,1,5),(776,'2013-03-27','17:07:28',NULL,7,5),(777,'2013-03-27','17:08:15',NULL,1,4),(778,'2013-04-01','10:03:59',NULL,1,1),(779,'2013-04-01','11:51:22',NULL,1,5),(780,'2013-04-02','09:47:36',NULL,1,1),(781,'2013-04-02','12:56:34',NULL,7,5),(782,'2013-04-02','13:00:01',NULL,1,5),(783,'2013-04-02','08:00:00',NULL,9,5),(784,'2013-04-02','08:00:00',NULL,9,5),(785,'2013-04-02','13:50:01','2013-04-01',2,5),(786,'2013-04-02','14:01:35','2013-04-01',8,5),(787,'2013-04-02','13:45:00',NULL,10,5),(789,'2013-04-02','14:40:51',NULL,1,1),(790,'2013-04-02','15:27:49',NULL,7,1),(791,'2013-04-02','15:27:54',NULL,1,6),(792,'2013-04-02','15:28:04',NULL,7,6),(793,'2013-04-02','15:28:09',NULL,1,7),(794,'2013-04-02','15:28:13',NULL,7,7),(795,'2013-04-02','15:28:19',NULL,1,6),(796,'2013-04-02','15:46:43',NULL,7,1),(797,'2013-04-02','15:46:54',NULL,1,8),(798,'2013-04-02','15:47:19',NULL,7,8),(799,'2013-04-02','15:47:29',NULL,1,5),(800,'2013-04-02','15:48:10',NULL,2,5),(801,'2013-04-02','15:48:45','2013-04-01',3,5),(802,'2013-04-02','15:49:35',NULL,7,5),(803,'2013-04-02','15:49:44',NULL,1,3),(804,'2013-04-02','15:56:33',NULL,2,3),(805,'2013-04-02','18:44:42','2013-04-01',3,3),(806,'2013-04-03','10:23:17',NULL,1,3),(807,'2013-04-03','10:24:16',NULL,2,3),(808,'2013-04-03','11:01:27',NULL,1,5),(809,'2013-04-03','11:13:36',NULL,1,1),(810,'2013-04-03','11:46:04',NULL,7,5),(811,'2013-04-03','11:46:14',NULL,1,8),(812,'2013-04-03','11:46:33',NULL,2,8),(813,'2013-04-03','11:49:05',NULL,7,8),(814,'2013-04-03','11:49:17',NULL,1,6),(815,'2013-04-03','12:01:58',NULL,1,1),(816,'2013-04-03','13:00:22',NULL,1,1),(817,'2013-04-03','13:00:23',NULL,1,1),(818,'2013-04-03','13:03:32',NULL,7,1),(819,'2013-04-03','13:03:38',NULL,1,1),(820,'2013-04-03','14:08:47',NULL,7,6),(821,'2013-04-03','14:08:56',NULL,1,5),(822,'2013-04-03','14:10:03',NULL,7,5),(823,'2013-04-03','14:10:13',NULL,1,1),(824,'2013-04-03','14:17:38',NULL,7,1),(825,'2013-04-03','14:17:47',NULL,1,6),(826,'2013-04-03','14:47:52',NULL,1,1),(827,'2013-04-03','16:24:38',NULL,7,6),(828,'2013-04-03','16:24:51',NULL,1,1),(829,'2013-04-03','17:35:12',NULL,1,1),(830,'2013-04-04','11:17:55',NULL,1,1),(831,'2013-04-04','11:29:15',NULL,1,1),(832,'2013-04-04','11:41:14',NULL,7,1),(833,'2013-04-04','11:41:21',NULL,1,5),(834,'2013-04-04','13:00:00',NULL,9,5),(835,'2013-04-04','11:41:34',NULL,7,5),(836,'2013-04-04','11:41:38',NULL,1,4),(837,'2013-04-04','08:00:00',NULL,9,4),(838,'2013-04-04','11:41:45',NULL,7,4),(839,'2013-04-04','11:41:51',NULL,1,8),(840,'2013-04-04','11:45:00',NULL,9,8),(841,'2013-04-04','11:42:09',NULL,7,8),(842,'2013-04-04','11:42:13',NULL,1,1),(843,'2013-04-04','11:42:27',NULL,7,1),(844,'2013-04-04','11:42:33',NULL,1,4),(845,'2013-04-04','11:42:50',NULL,7,4),(846,'2013-04-04','11:46:51',NULL,1,1),(847,'2013-04-04','21:11:55',NULL,1,1),(848,'2013-04-04','21:12:07',NULL,7,1),(849,'2013-04-04','21:47:02',NULL,1,5),(850,'2013-04-04','21:47:21',NULL,7,5),(851,'2013-04-04','21:47:28',NULL,1,1),(852,'2013-04-04','22:28:05',NULL,7,1),(853,'2013-04-04','18:17:07',NULL,7,1),(854,'2013-04-04','18:17:18',NULL,1,6),(855,'2013-04-05','12:02:47',NULL,1,1),(856,'2013-04-05','12:10:03',NULL,7,1),(857,'2013-04-05','12:10:07',NULL,1,5),(858,'2013-04-05','12:10:09',NULL,7,5),(859,'2013-04-05','12:10:21',NULL,1,8),(860,'2013-04-05','12:12:59',NULL,7,8),(861,'2013-04-05','14:39:34',NULL,1,8),(862,'2013-04-05','08:00:00',NULL,9,8),(863,'2013-04-05','14:48:06',NULL,7,8),(864,'2013-04-05','14:48:13',NULL,1,5),(865,'2013-04-05','14:51:13','0000-00-00',2,5),(866,'2013-04-05','14:54:18','2013-04-04',2,5),(867,'2013-04-05','14:54:30','2013-04-01',3,5),(868,'2013-04-05','14:54:44','2013-04-05',2,5),(869,'2013-04-05','14:55:57','2013-04-04',3,5),(870,'2013-04-05','15:01:58','2013-04-04',4,5),(871,'2013-04-05','15:05:25','2013-04-04',8,5),(872,'2013-04-05','22:29:12',NULL,1,5),(873,'2013-04-05','16:26:50',NULL,7,1),(874,'2013-04-05','16:30:53',NULL,1,1),(875,'2013-04-05','18:09:32',NULL,1,5),(876,'2013-04-05','18:25:21',NULL,1,1),(877,'2013-04-08','09:29:47',NULL,1,1),(878,'2013-04-08','16:00:06',NULL,7,5),(879,'2013-04-08','16:00:55',NULL,1,1),(880,'2013-04-08','16:03:38',NULL,7,1),(881,'2013-04-08','16:03:46',NULL,1,5),(882,'2013-04-08','16:03:55',NULL,7,5),(883,'2013-04-08','16:04:38',NULL,1,1),(884,'2013-04-08','16:17:34',NULL,7,1),(885,'2013-04-08','16:17:41',NULL,1,5),(886,'2013-04-08','13:10:39',NULL,1,1),(887,'2013-04-08','13:58:20',NULL,7,1),(888,'2013-04-08','13:58:36',NULL,1,6),(889,'2013-04-08','14:07:48',NULL,1,5),(890,'2013-04-08','14:08:14','2013-04-07',2,5),(891,'2013-04-08','14:08:53','2013-04-07',3,5),(892,'2013-04-08','14:09:26','2013-04-07',8,5),(893,'2013-04-08','14:09:58','2013-04-07',4,5),(894,'2013-04-08','14:15:46','2013-04-07',4,5),(895,'2013-04-08','14:35:07',NULL,7,6),(896,'2013-04-08','14:35:12',NULL,1,1),(897,'2013-04-08','07:00:00',NULL,9,5),(898,'2013-04-08','07:00:00',NULL,9,5),(899,'2013-04-08','13:00:00',NULL,10,5),(900,'2013-04-08','23:00:00',NULL,10,5),(901,'2013-04-08','15:52:00',NULL,1,6),(902,'2013-04-08','16:49:56',NULL,7,1),(903,'2013-04-08','16:50:02',NULL,1,6),(904,'2013-04-08','23:31:06',NULL,7,1),(905,'2013-04-08','23:31:14',NULL,1,6),(906,'2013-04-08','23:40:23',NULL,7,6),(907,'2013-04-08','23:40:27',NULL,1,1),(908,'2013-04-08','17:30:57',NULL,7,6),(909,'2013-04-08','17:31:01',NULL,1,1),(910,'2013-04-09','00:36:54',NULL,7,1),(911,'2013-04-09','00:37:00',NULL,1,6),(912,'2013-04-09','00:37:11',NULL,7,6),(913,'2013-04-09','00:37:17',NULL,1,1),(914,'2013-04-08','18:53:22',NULL,7,1),(915,'2013-04-08','18:54:14',NULL,1,1),(916,'2013-04-08','18:59:34',NULL,1,4),(917,'2013-04-08','18:59:50',NULL,7,4),(918,'2013-04-08','18:59:55',NULL,1,8),(919,'2013-04-08','19:00:04','2013-04-02',2,8),(920,'2013-04-08','19:00:36','2013-04-08',2,8),(921,'2013-04-08','19:00:43','2013-04-08',8,8),(922,'2013-04-08','19:21:54',NULL,7,1),(923,'2013-04-08','19:21:59',NULL,1,1),(924,'2013-04-09','10:13:01',NULL,1,1),(925,'2013-04-09','10:14:41',NULL,7,1),(926,'2013-04-09','10:14:51',NULL,1,6),(927,'2013-04-09','11:36:34',NULL,7,6),(928,'2013-04-09','11:36:47',NULL,1,1),(929,'2013-04-09','11:36:55',NULL,7,1),(930,'2013-04-09','11:37:08',NULL,1,6),(931,'2013-04-09','14:16:23',NULL,7,6),(932,'2013-04-09','14:16:32',NULL,1,1),(933,'2013-04-09','14:18:53',NULL,7,1),(934,'2013-04-09','14:19:02',NULL,1,6),(935,'2013-04-09','14:20:32',NULL,7,6),(936,'2013-04-09','14:22:11',NULL,1,6),(937,'2013-04-09','21:25:06',NULL,7,1),(938,'2013-04-09','21:25:13',NULL,1,6),(939,'2013-04-09','21:25:29',NULL,7,6),(940,'2013-04-09','21:25:34',NULL,1,1),(941,'2013-04-09','16:38:00',NULL,1,6),(942,'2013-04-10','15:50:15',NULL,7,1),(943,'2013-04-10','15:50:21',NULL,1,6),(944,'2013-04-10','10:07:53',NULL,1,6),(945,'2013-04-10','23:10:53',NULL,7,6),(946,'2013-04-10','23:11:01',NULL,1,1),(947,'2013-04-10','23:12:54',NULL,7,1),(948,'2013-04-10','23:12:59',NULL,1,6),(949,'2013-04-10','16:43:52',NULL,7,8),(950,'2013-04-10','16:43:57',NULL,1,1),(951,'2013-04-10','17:05:47',NULL,7,1),(952,'2013-04-10','17:05:53',NULL,1,6),(953,'2013-04-10','17:09:18',NULL,7,6),(954,'2013-04-10','17:09:29',NULL,1,1),(955,'2013-04-10','17:16:58',NULL,7,1),(956,'2013-04-10','17:17:07',NULL,1,6),(957,'2013-04-10','17:21:53',NULL,7,6),(958,'2013-04-10','17:22:01',NULL,1,1),(959,'2013-04-10','17:23:38',NULL,7,1),(960,'2013-04-10','17:23:50',NULL,1,6),(961,'2013-04-10','17:33:49',NULL,7,6),(962,'2013-04-10','17:33:56',NULL,1,1),(963,'2013-04-10','17:56:19',NULL,1,8),(964,'2013-04-10','17:56:30',NULL,7,8),(965,'2013-04-10','17:56:36',NULL,1,5),(966,'2013-04-10','07:00:00',NULL,9,5),(967,'2013-04-10','17:56:48','2013-04-09',2,5),(968,'2013-04-10','17:57:02','2013-04-09',3,5),(969,'2013-04-10','17:57:38','2013-04-09',4,5),(970,'2013-04-10','22:19:43',NULL,7,6),(971,'2013-04-10','22:20:06',NULL,1,6),(972,'2013-04-11','01:57:13',NULL,7,6),(973,'2013-04-11','01:57:23',NULL,1,1),(974,'2013-04-11','10:14:21',NULL,1,5),(975,'2013-04-11','11:24:55',NULL,7,5),(976,'2013-04-11','11:25:30',NULL,1,3),(977,'2013-04-11','11:25:56',NULL,7,3),(978,'2013-04-11','11:26:10',NULL,1,4),(979,'2013-04-11','11:26:39',NULL,7,4),(980,'2013-04-11','11:27:28',NULL,1,8),(981,'2013-04-11','11:27:54',NULL,7,8),(982,'2013-04-11','11:28:18',NULL,1,5),(983,'2013-04-11','11:28:35',NULL,7,5),(984,'2013-04-11','11:28:49',NULL,1,1),(985,'2013-04-11','11:44:16',NULL,7,1),(986,'2013-04-11','11:44:32',NULL,1,5),(987,'2013-04-11','11:58:47',NULL,7,5),(988,'2013-04-11','11:58:57',NULL,1,8),(989,'2013-04-11','12:03:26',NULL,7,8),(990,'2013-04-11','12:03:33',NULL,1,1),(991,'2013-04-11','12:04:04',NULL,7,1),(992,'2013-04-11','12:04:12',NULL,1,5),(993,'2013-04-11','13:09:22',NULL,1,1),(994,'2013-04-11','13:10:35',NULL,1,5),(995,'2013-04-11','13:30:17',NULL,7,1),(996,'2013-04-11','13:30:21',NULL,1,6),(997,'2013-04-11','13:45:37',NULL,1,6),(998,'2013-04-11','20:28:16',NULL,7,6),(999,'2013-04-11','20:28:22',NULL,1,1),(1000,'2013-04-11','14:25:47',NULL,7,6),(1001,'2013-04-11','14:29:03',NULL,1,5),(1002,'2013-04-11','14:29:12',NULL,7,5),(1003,'2013-04-11','14:29:17',NULL,1,8),(1004,'2013-04-11','14:37:18',NULL,7,8),(1005,'2013-04-11','14:37:26',NULL,1,6),(1006,'2013-04-12','00:04:42',NULL,1,6),(1007,'2013-04-12','20:08:11',NULL,7,6),(1008,'2013-04-12','20:08:16',NULL,1,1),(1009,'2013-04-12','21:06:43',NULL,7,1),(1010,'2013-04-12','21:06:48',NULL,1,5),(1011,'2013-04-12','14:47:13',NULL,1,5),(1012,'2013-04-12','14:59:21',NULL,7,5),(1013,'2013-04-12','14:59:28',NULL,1,1),(1014,'2013-04-12','17:18:31',NULL,7,5),(1015,'2013-04-12','17:18:36',NULL,1,1),(1016,'2013-04-15','10:27:39',NULL,1,5),(1017,'2013-04-15','11:07:33',NULL,7,5),(1018,'2013-04-15','11:07:41',NULL,1,5),(1019,'2013-04-15','11:07:59',NULL,7,5),(1020,'2013-04-15','11:08:06',NULL,1,1),(1021,'2013-04-15','11:17:06',NULL,1,1),(1022,'2013-04-15','14:13:22',NULL,7,1),(1023,'2013-04-15','14:13:31',NULL,1,1),(1024,'2013-04-15','14:28:57',NULL,1,1),(1025,'2013-04-15','14:41:07',NULL,7,1),(1026,'2013-04-15','14:41:25',NULL,1,5),(1027,'2013-04-16','10:48:44',NULL,1,1),(1028,'2013-04-16','11:08:49',NULL,1,1),(1029,'2013-04-16','11:21:33',NULL,7,1),(1030,'2013-04-16','11:21:47',NULL,1,6),(1031,'2013-04-16','11:42:29',NULL,7,6),(1032,'2013-04-16','11:42:39',NULL,1,1),(1033,'2013-04-16','11:42:50',NULL,7,1),(1034,'2013-04-16','11:43:06',NULL,1,5),(1035,'2013-04-16','11:43:05',NULL,7,1),(1036,'2013-04-16','11:43:15',NULL,1,5),(1037,'2013-04-16','11:48:34',NULL,7,5),(1038,'2013-04-16','11:48:42',NULL,1,1),(1039,'2013-04-16','11:50:05',NULL,7,1),(1040,'2013-04-16','11:50:12',NULL,1,5),(1041,'2013-04-16','12:01:52',NULL,7,5),(1042,'2013-04-16','12:02:00',NULL,1,1),(1044,'2013-04-16','14:56:39',NULL,7,5),(1045,'2013-04-16','14:56:47',NULL,1,5),(1048,'2013-04-16','15:09:07',NULL,7,1),(1049,'2013-04-16','15:54:51',NULL,1,5),(1050,'2013-04-16','15:58:06',NULL,1,5),(1051,'2013-04-16','16:20:10',NULL,1,1),(1052,'2013-04-16','16:20:47',NULL,7,1),(1053,'2013-04-16','16:20:56',NULL,1,5),(1055,'2013-04-16','15:00:00',NULL,10,5),(1056,'2013-04-16','15:00:00',NULL,10,5),(1061,'2013-04-16','17:05:57',NULL,1,1),(1062,'2013-04-16','17:06:18',NULL,7,1),(1063,'2013-04-16','17:06:25',NULL,1,8),(1064,'2013-04-16','17:07:05',NULL,7,8),(1065,'2013-04-16','17:07:10',NULL,1,1),(1072,'2013-04-16','17:28:15',NULL,7,5),(1073,'2013-04-16','17:28:20',NULL,1,1),(1082,'2013-04-16','17:31:16',NULL,1,1),(1097,'2013-04-16','08:00:00',NULL,9,5),(1098,'2013-04-16','08:00:00',NULL,9,5),(1099,'2013-04-16','08:00:00',NULL,9,5),(1100,'2013-04-16','08:00:00',NULL,9,5),(1101,'2013-04-16','08:00:00',NULL,9,5),(1102,'2013-04-16','08:00:00',NULL,9,5),(1103,'2013-04-16','18:25:33',NULL,7,1),(1104,'2013-04-16','18:25:49',NULL,1,6),(1105,'2013-04-16','18:45:13',NULL,7,6),(1106,'2013-04-16','18:45:19',NULL,1,1),(1117,'2013-04-17','09:55:12',NULL,1,5),(1150,'2013-04-17','13:56:50',NULL,7,5),(1151,'2013-04-17','13:56:55',NULL,1,1),(1152,'2013-04-17','14:02:51',NULL,7,1),(1153,'2013-04-17','14:02:59',NULL,1,5),(1168,'2013-04-17','14:33:55',NULL,7,5),(1169,'2013-04-17','14:34:05',NULL,1,1),(1194,'2013-04-17','16:13:52',NULL,7,5),(1195,'2013-04-17','16:13:57',NULL,1,5),(1206,'2013-04-17','16:57:29',NULL,7,5),(1207,'2013-04-17','16:57:37',NULL,1,5),(1211,'2013-04-17','17:03:38',NULL,7,5),(1212,'2013-04-17','17:03:50',NULL,1,1),(1213,'2013-04-17','17:03:52',NULL,7,1),(1214,'2013-04-17','17:03:58',NULL,1,5),(1215,'2013-04-17','17:04:43',NULL,1,1),(1216,'2013-04-17','17:05:52',NULL,7,5),(1217,'2013-04-17','17:05:59',NULL,1,5),(1218,'2013-04-17','17:06:56',NULL,7,5),(1219,'2013-04-17','17:07:01',NULL,1,5),(1221,'2013-04-17','17:11:49',NULL,7,5),(1222,'2013-04-17','17:11:57',NULL,1,1),(1223,'2013-04-17','17:12:01',NULL,7,1),(1224,'2013-04-17','17:12:07',NULL,1,5),(1226,'2013-04-17','17:18:40',NULL,7,5),(1227,'2013-04-17','17:18:47',NULL,1,1),(1228,'2013-04-17','17:18:49',NULL,7,1),(1229,'2013-04-17','17:18:56',NULL,1,5),(1233,'2013-04-17','17:45:51',NULL,7,5),(1234,'2013-04-17','17:45:56',NULL,1,1),(1235,'2013-04-17','17:45:57',NULL,7,1),(1236,'2013-04-17','17:46:03',NULL,1,5),(1238,'2013-04-17','17:47:24',NULL,7,5),(1239,'2013-04-17','17:47:36',NULL,1,1),(1240,'2013-04-17','17:47:40',NULL,7,1),(1241,'2013-04-17','17:49:26',NULL,1,5),(1243,'2013-04-17','17:51:01',NULL,7,5),(1244,'2013-04-17','17:51:06',NULL,1,1),(1245,'2013-04-17','17:51:09',NULL,7,1),(1246,'2013-04-17','17:51:15',NULL,1,5),(1247,'2013-04-17','08:00:00',NULL,9,5),(1248,'2013-04-17','14:00:00',NULL,10,5),(1249,'2013-04-17','17:57:39',NULL,7,5),(1250,'2013-04-17','17:57:46',NULL,1,6),(1251,'2013-04-17','18:00:20',NULL,1,6),(1252,'2013-04-17','18:19:20',NULL,7,6),(1253,'2013-04-17','18:19:33',NULL,1,6),(1254,'2013-04-17','18:32:53',NULL,1,6),(1255,'2013-04-17','18:34:38',NULL,7,6),(1256,'2013-04-17','18:34:46',NULL,1,1),(1257,'2013-04-17','18:39:00',NULL,7,6),(1258,'2013-04-17','18:39:07',NULL,1,1),(1259,'2013-04-17','18:47:59',NULL,7,1),(1260,'2013-04-17','18:48:11',NULL,1,6),(1261,'2013-04-18','10:02:20',NULL,1,1),(1262,'2013-04-18','10:43:50',NULL,7,1),(1263,'2013-04-18','10:43:58',NULL,1,5),(1264,'2013-04-18','11:15:49',NULL,1,6),(1265,'2013-04-18','11:36:34',NULL,7,6),(1266,'2013-04-18','11:36:40',NULL,1,1),(1267,'2013-04-18','12:05:22',NULL,1,1),(1268,'2013-04-18','12:18:32',NULL,7,1),(1269,'2013-04-18','12:18:43',NULL,1,5),(1270,'2013-04-18','12:25:19',NULL,7,5),(1271,'2013-04-18','12:25:28',NULL,1,1),(1272,'2013-04-18','12:31:23',NULL,7,6),(1273,'2013-04-18','12:31:29',NULL,1,1),(1274,'2013-04-18','12:51:02',NULL,1,1),(1275,'2013-04-18','13:29:45',NULL,1,1),(1276,'2013-04-18','13:41:14',NULL,7,1),(1277,'2013-04-18','13:41:20',NULL,1,6),(1278,'2013-04-18','14:07:31',NULL,7,6),(1279,'2013-04-18','14:07:37',NULL,1,1),(1280,'2013-04-18','14:18:53',NULL,7,1),(1281,'2013-04-18','14:19:08',NULL,1,6),(1282,'2013-04-18','14:20:38',NULL,7,1),(1283,'2013-04-18','14:20:47',NULL,1,5),(1284,'2013-04-18','14:26:21',NULL,7,5),(1285,'2013-04-18','14:26:26',NULL,1,1),(1286,'2013-04-18','14:34:05',NULL,1,1),(1287,'2013-04-18','14:58:14',NULL,1,1),(1288,'2013-04-18','15:33:00',NULL,7,1),(1289,'2013-04-18','15:34:29',NULL,1,1),(1291,'2013-04-18','15:50:09',NULL,1,1),(1292,'2013-04-18','15:55:25',NULL,7,1),(1293,'2013-04-18','15:55:32',NULL,1,6),(1294,'2013-04-18','17:12:22',NULL,1,1),(1295,'2013-04-18','17:35:33',NULL,1,1),(1296,'2013-04-18','17:38:53',NULL,7,1),(1297,'2013-04-18','17:38:58',NULL,1,5),(1298,'2013-04-18','17:44:58',NULL,7,1),(1299,'2013-04-18','17:45:33',NULL,7,1),(1300,'2013-04-18','18:10:23',NULL,1,1),(1301,'2013-04-18','18:19:05',NULL,7,5),(1302,'2013-04-18','18:19:09',NULL,1,1),(1303,'2013-04-18','18:24:42',NULL,1,10),(1304,'2013-04-18','18:24:56',NULL,1,6),(1305,'2013-04-18','18:25:33',NULL,7,6),(1306,'2013-04-18','18:25:46',NULL,1,6),(1307,'2013-04-18','18:26:06',NULL,7,6),(1308,'2013-04-18','18:27:02',NULL,1,1),(1309,'2013-04-18','18:27:59',NULL,7,1),(1310,'2013-04-18','18:28:12',NULL,1,6),(1311,'2013-04-18','18:33:19',NULL,7,6),(1312,'2013-04-18','18:33:34',NULL,1,1),(1313,'2013-04-18','18:34:43',NULL,1,1),(1314,'2013-04-18','18:37:51',NULL,7,1),(1315,'2013-04-18','18:38:11',NULL,1,1),(1316,'2013-04-18','18:38:31',NULL,7,1),(1317,'2013-04-18','18:38:40',NULL,1,1),(1318,'2013-04-18','18:52:15',NULL,7,1),(1319,'2013-04-18','18:52:22',NULL,1,1),(1320,'2013-04-18','18:52:42',NULL,7,1),(1321,'2013-04-18','18:52:51',NULL,1,6),(1322,'2013-04-18','18:53:16',NULL,7,6),(1323,'2013-04-18','18:53:35',NULL,1,1),(1324,'2013-04-22','09:43:10',NULL,1,1),(1325,'2013-04-22','09:46:18',NULL,7,1),(1326,'2013-04-22','09:46:26',NULL,1,1),(1327,'2013-04-22','09:46:59',NULL,7,1),(1328,'2013-04-22','09:47:08',NULL,1,1),(1329,'2013-04-22','09:48:01',NULL,7,1),(1330,'2013-04-22','09:48:08',NULL,1,1),(1331,'2013-04-22','09:48:18',NULL,7,1),(1332,'2013-04-22','09:49:00',NULL,1,1),(1333,'2013-04-22','09:49:23',NULL,7,1),(1334,'2013-04-22','09:49:40',NULL,1,1),(1335,'2013-04-22','09:50:28',NULL,7,1),(1336,'2013-04-22','09:50:36',NULL,1,1),(1337,'2013-04-22','09:50:40',NULL,7,1),(1338,'2013-04-22','09:51:17',NULL,1,1),(1339,'2013-04-22','09:51:39',NULL,7,1),(1340,'2013-04-22','09:51:48',NULL,1,1),(1341,'2013-04-22','09:54:22',NULL,7,1),(1342,'2013-04-22','09:54:33',NULL,1,1),(1343,'2013-04-22','09:57:02',NULL,7,1),(1344,'2013-04-22','09:57:10',NULL,1,1),(1345,'2013-04-22','09:57:28',NULL,7,1),(1346,'2013-04-22','09:58:26',NULL,1,1),(1347,'2013-04-22','12:06:07',NULL,7,1),(1348,'2013-04-22','12:06:12',NULL,1,5),(1349,'2013-04-22','12:09:21',NULL,7,5),(1350,'2013-04-22','12:09:25',NULL,1,1),(1351,'2013-04-22','12:38:11',NULL,1,1),(1352,'2013-04-22','12:38:52',NULL,7,1),(1353,'2013-04-22','12:39:22',NULL,1,1),(1354,'2013-04-22','12:46:45',NULL,1,1),(1355,'2013-04-22','15:25:24',NULL,7,1),(1356,'2013-04-22','15:31:24',NULL,1,1),(1357,'2013-04-22','15:47:44',NULL,1,1),(1358,'2013-04-22','16:17:21',NULL,7,1),(1359,'2013-04-22','16:17:29',NULL,1,6),(1360,'2013-04-22','16:32:07',NULL,7,10),(1361,'2013-04-22','16:32:13',NULL,1,1),(1362,'2013-04-22','17:22:57',NULL,7,1),(1363,'2013-04-22','17:23:20',NULL,1,1),(1364,'2013-04-22','17:23:21',NULL,7,6),(1365,'2013-04-22','17:23:29',NULL,1,5),(1366,'2013-04-22','17:23:42',NULL,7,5),(1367,'2013-04-22','17:23:54',NULL,1,6),(1368,'2013-04-22','17:25:52',NULL,1,1),(1369,'2013-04-22','17:37:05',NULL,1,1),(1370,'2013-04-22','17:51:17',NULL,7,6),(1371,'2013-04-22','17:51:23',NULL,1,5),(1372,'2013-04-22','17:55:30','2013-04-22',2,5),(1373,'2013-04-22','18:00:00',NULL,1,6),(1374,'2013-04-22','18:00:50','0000-00-00',2,5),(1375,'2013-04-22','18:03:58','2013-04-22',2,5),(1376,'2013-04-22','18:27:35','2013-04-22',2,5),(1377,'2013-04-22','18:28:01',NULL,7,5),(1378,'2013-04-22','18:28:06',NULL,1,1),(1379,'2013-04-22','19:25:37',NULL,1,6),(1380,'2013-04-22','19:28:32',NULL,7,1),(1381,'2013-04-22','19:28:38',NULL,1,6),(1382,'2013-04-22','19:34:34',NULL,7,6),(1383,'2013-04-22','19:34:40',NULL,1,1),(1384,'2013-04-22','19:35:25',NULL,7,6),(1385,'2013-04-22','19:35:30',NULL,1,5),(1386,'2013-04-22','19:36:47','2013-04-21',2,5),(1387,'2013-04-22','19:37:19','2013-04-21',3,5),(1388,'2013-04-23','10:10:49',NULL,7,5),(1389,'2013-04-23','10:10:55',NULL,1,6),(1390,'2013-04-23','11:04:21',NULL,7,1),(1391,'2013-04-23','11:04:27',NULL,1,5),(1392,'2013-04-23','11:08:35',NULL,1,1),(1393,'2013-04-23','11:09:44',NULL,1,5),(1394,'2013-04-23','11:55:33',NULL,1,1),(1395,'2013-04-23','11:55:55',NULL,7,1),(1396,'2013-04-23','11:56:02',NULL,1,6),(1397,'2013-04-23','12:05:00','2013-04-23',2,5),(1398,'2013-04-23','12:06:38','2013-04-17',2,5),(1399,'2013-04-23','12:24:34','2013-04-18',2,5),(1400,'2013-04-23','12:26:46','2013-04-19',2,5),(1401,'2013-04-23','12:27:47','2013-04-18',2,5),(1402,'2013-04-23','12:28:14','2013-04-19',2,5),(1403,'2013-04-23','12:31:27','2013-04-18',2,5),(1404,'2013-04-23','12:32:18','2013-04-19',2,5),(1405,'2013-04-23','12:34:11','2013-04-18',2,5),(1406,'2013-04-23','12:34:42','2013-04-19',2,5),(1407,'2013-04-23','12:35:47','2013-04-20',2,5),(1408,'2013-04-23','12:39:56','2013-04-18',2,5),(1409,'2013-04-23','12:41:20','2013-04-23',2,5),(1410,'2013-04-23','12:45:01','2013-04-23',2,5),(1411,'2013-04-23','12:55:13','2013-04-23',2,5),(1412,'2013-04-23','13:03:55','2013-04-23',2,5),(1413,'2013-04-23','13:09:51','2013-04-23',2,5),(1414,'2013-04-23','13:26:15',NULL,1,1),(1415,'2013-04-23','13:31:56',NULL,7,5),(1416,'2013-04-23','13:32:12',NULL,1,1),(1417,'2013-04-23','13:33:49',NULL,7,1),(1418,'2013-04-23','13:34:00',NULL,1,10),(1419,'2013-04-23','13:35:57',NULL,7,10),(1420,'2013-04-23','13:36:01',NULL,1,1),(1421,'2013-04-23','13:36:06',NULL,7,1),(1422,'2013-04-23','13:36:12',NULL,1,10),(1424,'2013-04-23','14:05:54',NULL,1,10),(1425,'2013-04-23','14:11:32',NULL,7,10),(1426,'2013-04-23','14:31:20',NULL,7,10),(1427,'2013-04-23','14:31:24',NULL,1,1),(1428,'2013-04-23','14:44:54',NULL,7,1),(1429,'2013-04-23','14:44:58',NULL,1,5),(1430,'2013-04-23','14:45:12','2013-04-23',2,5),(1431,'2013-04-23','14:48:53',NULL,1,1),(1432,'2013-04-23','15:39:08',NULL,1,1),(1433,'2013-04-23','15:47:51',NULL,7,1),(1434,'2013-04-23','15:48:03',NULL,1,6),(1435,'2013-04-23','16:04:56',NULL,7,6),(1436,'2013-04-23','16:05:01',NULL,1,1),(1437,'2013-04-23','16:13:27',NULL,7,1),(1438,'2013-04-23','16:13:33',NULL,1,6),(1440,'2013-04-23','17:35:04',NULL,1,10),(1441,'2013-04-23','17:37:06',NULL,7,1),(1442,'2013-04-23','17:37:12',NULL,1,6),(1443,'2013-04-23','17:43:28',NULL,7,10),(1444,'2013-04-23','17:43:36',NULL,1,5),(1445,'2013-04-23','17:44:14',NULL,1,5),(1446,'2013-04-23','17:50:22',NULL,1,1),(1447,'2013-04-23','17:50:52',NULL,7,5),(1448,'2013-04-23','17:50:56',NULL,1,1),(1449,'2013-04-23','17:53:51',NULL,7,1),(1450,'2013-04-23','17:53:55',NULL,1,5),(1451,'2013-04-23','17:53:56',NULL,7,5),(1452,'2013-04-23','17:54:03',NULL,1,5),(1453,'2013-04-23','17:58:32',NULL,7,1),(1454,'2013-04-23','17:58:40',NULL,1,1),(1455,'2013-04-23','18:07:51',NULL,7,6),(1456,'2013-04-23','18:11:57',NULL,1,5),(1457,'2013-04-23','18:12:01',NULL,7,5),(1458,'2013-04-23','18:12:09',NULL,1,1),(1459,'2013-04-23','18:16:26',NULL,7,1),(1460,'2013-04-23','18:16:36',NULL,7,1),(1461,'2013-04-23','18:16:32',NULL,1,1),(1462,'2013-04-23','18:16:42',NULL,1,5),(1463,'2013-04-23','18:17:56',NULL,7,1),(1464,'2013-04-23','18:18:01',NULL,1,1),(1465,'2013-04-23','18:18:19',NULL,7,5),(1466,'2013-04-23','18:18:23',NULL,1,1),(1467,'2013-04-23','18:21:28',NULL,7,5),(1468,'2013-04-23','18:21:36',NULL,1,1),(1469,'2013-04-23','18:22:28',NULL,7,1),(1470,'2013-04-23','18:23:18',NULL,7,1),(1471,'2013-04-23','18:24:09',NULL,1,1),(1472,'2013-04-23','18:27:02',NULL,1,5),(1473,'2013-04-23','18:41:44',NULL,1,1),(1474,'2013-04-23','18:45:11',NULL,1,1),(1475,'2013-04-23','18:48:30',NULL,1,1),(1476,'2013-04-23','19:02:23',NULL,7,1),(1477,'2013-04-23','19:02:35',NULL,1,1),(1478,'2013-04-23','19:07:06',NULL,7,1),(1479,'2013-04-23','19:07:12',NULL,1,5),(1480,'2013-04-23','08:00:00',NULL,9,5),(1481,'2013-04-23','23:00:00',NULL,10,5),(1482,'2013-04-23','19:12:21','2013-04-22',3,5),(1483,'2013-04-23','19:12:45','2013-04-22',4,5),(1484,'2013-04-23','19:13:47',NULL,7,5),(1485,'2013-04-23','19:14:26',NULL,1,5),(1486,'2013-04-23','19:15:20',NULL,7,5),(1487,'2013-04-23','19:15:25',NULL,1,5),(1488,'2013-04-23','19:15:55',NULL,7,5),(1489,'2013-04-23','19:16:04',NULL,1,6),(1490,'2013-04-23','19:20:18',NULL,7,6),(1491,'2013-04-23','19:20:24',NULL,1,1),(1492,'2013-04-23','19:22:56',NULL,7,1),(1493,'2013-04-23','19:23:04',NULL,1,10),(1494,'2013-04-23','19:47:04',NULL,7,5),(1495,'2013-04-23','19:47:11',NULL,1,5),(1496,'2013-04-23','19:47:24',NULL,7,5),(1497,'2013-04-23','19:47:30',NULL,1,1),(1498,'2013-04-23','19:47:41',NULL,7,1),(1499,'2013-04-23','19:47:57',NULL,1,1),(1500,'2013-04-23','19:51:16',NULL,7,5),(1501,'2013-04-23','19:51:23',NULL,1,1),(1502,'2013-04-23','19:54:47',NULL,1,1),(1503,'2013-04-23','19:57:28',NULL,7,1),(1504,'2013-04-23','20:00:25',NULL,1,5),(1505,'2013-04-24','08:58:35',NULL,7,10),(1506,'2013-04-24','09:11:14',NULL,1,1),(1507,'2013-04-24','09:51:02',NULL,7,1),(1508,'2013-04-24','09:51:30',NULL,1,1),(1509,'2013-04-24','09:51:57',NULL,1,1),(1510,'2013-04-24','10:03:11',NULL,7,1),(1511,'2013-04-24','10:03:16',NULL,1,5),(1512,'2013-04-24','10:05:08',NULL,1,1),(1513,'2013-04-24','10:05:26',NULL,7,1),(1514,'2013-04-24','10:05:36',NULL,1,5),(1515,'2013-04-24','10:19:09',NULL,1,5),(1516,'2013-04-24','10:24:21',NULL,7,5),(1517,'2013-04-24','10:25:18',NULL,7,5),(1518,'2013-04-24','10:25:58',NULL,1,1),(1519,'2013-04-24','10:26:23',NULL,7,1),(1520,'2013-04-24','10:26:35',NULL,1,5),(1521,'2013-04-24','10:35:03',NULL,7,1),(1522,'2013-04-24','10:35:09',NULL,1,5),(1523,'2013-04-24','10:35:21',NULL,7,5),(1524,'2013-04-24','10:35:26',NULL,1,1),(1525,'2013-04-24','10:36:22',NULL,7,5),(1526,'2013-04-24','10:40:21',NULL,1,1),(1527,'2013-04-24','10:46:44',NULL,7,5),(1528,'2013-04-24','10:47:10',NULL,1,1),(1529,'2013-04-24','10:48:19',NULL,7,1),(1530,'2013-04-24','10:49:03',NULL,1,1),(1531,'2013-04-24','10:49:11',NULL,7,1),(1532,'2013-04-24','10:50:25',NULL,1,1),(1533,'2013-04-24','10:51:16',NULL,1,1),(1534,'2013-04-24','10:51:21',NULL,7,1),(1535,'2013-04-24','10:51:38',NULL,1,1),(1536,'2013-04-24','10:52:52',NULL,7,1),(1537,'2013-04-24','10:54:05',NULL,1,1),(1538,'2013-04-24','10:54:08',NULL,7,1),(1539,'2013-04-24','10:54:39',NULL,1,1),(1540,'2013-04-24','10:54:42',NULL,7,1),(1541,'2013-04-24','10:54:50',NULL,1,5),(1542,'2013-04-24','10:54:54',NULL,7,5),(1543,'2013-04-24','11:01:52',NULL,1,1),(1544,'2013-04-24','11:31:36',NULL,1,1),(1545,'2013-04-24','11:34:51',NULL,7,1),(1546,'2013-04-24','11:34:57',NULL,1,5),(1547,'2013-04-24','11:55:16',NULL,7,1),(1548,'2013-04-24','11:55:20',NULL,1,6),(1549,'2013-04-24','11:59:24',NULL,7,5),(1550,'2013-04-24','11:59:32',NULL,1,8),(1551,'2013-04-24','12:00:46',NULL,7,6),(1552,'2013-04-24','12:00:51',NULL,1,5),(1553,'2013-04-24','12:02:56',NULL,7,5),(1554,'2013-04-24','12:10:30',NULL,1,1),(1555,'2013-04-24','12:13:38',NULL,1,1),(1556,'2013-04-24','12:23:09',NULL,7,1),(1557,'2013-04-24','12:23:15',NULL,1,7),(1558,'2013-04-24','12:29:09',NULL,1,1),(1559,'2013-04-24','12:30:55',NULL,7,7),(1560,'2013-04-24','12:31:00',NULL,1,6),(1561,'2013-04-24','12:31:07',NULL,7,6),(1562,'2013-04-24','12:31:11',NULL,1,1),(1563,'2013-04-24','12:48:29',NULL,1,1),(1564,'2013-04-24','13:05:28',NULL,1,5),(1565,'2013-04-24','13:12:40',NULL,7,1),(1566,'2013-04-24','13:12:47',NULL,1,8),(1567,'2013-04-24','13:13:15',NULL,7,8),(1568,'2013-04-24','13:13:21',NULL,1,5),(1569,'2013-04-24','13:18:07',NULL,7,5),(1570,'2013-04-24','13:18:13',NULL,1,1),(1571,'2013-04-24','13:58:27',NULL,1,1),(1572,'2013-04-24','14:00:45',NULL,1,1),(1573,'2013-04-24','14:08:11',NULL,1,1),(1574,'2013-04-24','14:11:05',NULL,7,1),(1575,'2013-04-24','14:11:13',NULL,1,6),(1576,'2013-04-24','14:12:28',NULL,7,1),(1577,'2013-04-24','14:12:38',NULL,1,5),(1578,'2013-04-24','14:13:21',NULL,7,5),(1579,'2013-04-24','14:13:31',NULL,1,8),(1580,'2013-04-24','14:15:38',NULL,1,1),(1581,'2013-04-24','14:16:46',NULL,1,8),(1582,'2013-04-24','14:24:29',NULL,7,8),(1583,'2013-04-24','14:24:41',NULL,1,5),(1584,'2013-04-24','14:25:26',NULL,7,5),(1585,'2013-04-24','14:25:33',NULL,1,1),(1586,'2013-04-24','14:35:23',NULL,7,1),(1587,'2013-04-24','14:35:28',NULL,1,5),(1588,'2013-04-24','14:51:02',NULL,7,1),(1589,'2013-04-24','14:51:16',NULL,1,7),(1590,'2013-04-24','15:54:49',NULL,7,1),(1591,'2013-04-24','15:55:02',NULL,1,6),(1592,'2013-04-24','16:21:31',NULL,7,6),(1593,'2013-04-24','16:21:56',NULL,1,1),(1594,'2013-04-24','17:24:42',NULL,7,5),(1595,'2013-04-24','17:24:48',NULL,1,7),(1596,'2013-04-24','17:27:54',NULL,7,7),(1597,'2013-04-24','17:28:01',NULL,1,5),(1598,'2013-04-24','17:34:51',NULL,7,7),(1599,'2013-04-24','17:34:56',NULL,1,5),(1600,'2013-04-24','17:35:14',NULL,7,5),(1601,'2013-04-24','17:35:17',NULL,1,1),(1602,'2013-04-24','18:38:17',NULL,1,1),(1603,'2013-04-24','18:53:40',NULL,7,1),(1604,'2013-04-24','18:53:47',NULL,1,6),(1605,'2013-04-24','18:54:12',NULL,7,6),(1606,'2013-04-24','18:54:27',NULL,1,7),(1607,'2013-04-24','19:27:23',NULL,7,1),(1608,'2013-04-24','19:27:30',NULL,1,1),(1609,'2013-04-24','19:31:20',NULL,7,1),(1610,'2013-04-24','19:31:30',NULL,1,5),(1611,'2013-04-24','19:41:15',NULL,7,5),(1612,'2013-04-24','19:47:32',NULL,1,5),(1613,'2013-04-25','09:32:49',NULL,7,1),(1614,'2013-04-25','09:33:25',NULL,1,5),(1615,'2013-04-25','10:00:25',NULL,7,5),(1616,'2013-04-25','10:00:32',NULL,1,6),(1617,'2013-04-25','10:17:37',NULL,7,6),(1618,'2013-04-25','10:17:46',NULL,1,5),(1619,'2013-04-25','11:19:39','2013-04-18',2,5),(1620,'2013-04-25','11:19:48','2013-04-18',4,5),(1621,'2013-04-25','11:30:59','2013-04-18',4,5),(1622,'2013-04-25','11:40:07',NULL,1,7),(1623,'2013-04-25','12:46:23','2013-04-18',4,5),(1624,'2013-04-25','12:48:13','2013-04-18',4,5),(1625,'2013-04-25','13:08:27','2013-04-23',4,5),(1626,'2013-04-25','13:10:54','2013-04-24',2,5),(1627,'2013-04-25','13:12:12','2013-04-24',4,5),(1628,'2013-04-25','14:42:08','2013-04-18',4,5),(1629,'2013-04-25','14:43:03','2013-04-18',4,5),(1630,'2013-04-25','14:43:21','2013-04-18',4,5),(1631,'2013-04-25','14:43:57','2013-04-18',4,5),(1632,'2013-04-25','14:47:31','2013-04-18',4,5),(1633,'2013-04-25','14:48:02','2013-04-18',4,5),(1634,'2013-04-25','14:48:16','2013-04-18',4,5),(1635,'2013-04-25','15:26:08','2013-04-18',4,5),(1636,'2013-04-25','17:58:05','2013-04-18',4,5),(1637,'2013-04-25','18:13:55',NULL,7,5),(1638,'2013-04-25','18:14:00',NULL,1,1),(1639,'2013-04-25','18:14:45',NULL,1,1),(1640,'2013-04-25','18:15:17',NULL,1,1),(1641,'2013-04-25','18:34:41',NULL,7,1),(1642,'2013-04-25','18:34:48',NULL,1,7),(1643,'2013-04-25','18:36:59',NULL,7,5),(1644,'2013-04-26','09:23:00',NULL,1,1),(1645,'2013-04-26','09:23:05',NULL,7,1),(1646,'2013-04-26','09:23:13',NULL,1,5),(1647,'2013-04-26','09:44:17',NULL,7,5),(1648,'2013-04-26','09:44:22',NULL,1,1),(1649,'2013-04-26','09:44:54',NULL,7,1),(1650,'2013-04-26','09:45:03',NULL,1,6),(1651,'2013-04-26','09:45:54',NULL,7,6),(1652,'2013-04-26','09:46:11',NULL,1,7),(1653,'2013-04-26','10:03:07',NULL,7,7),(1654,'2013-04-26','10:04:36',NULL,1,5),(1655,'2013-04-26','10:23:55',NULL,1,7),(1656,'2013-04-26','11:20:15',NULL,7,5),(1657,'2013-04-26','11:20:21',NULL,1,6),(1658,'2013-04-26','12:14:47',NULL,7,6),(1659,'2013-04-26','12:15:13',NULL,1,6),(1660,'2013-04-26','12:30:12',NULL,7,7),(1661,'2013-04-26','12:30:20',NULL,1,1),(1662,'2013-04-26','12:30:38',NULL,7,1),(1663,'2013-04-26','12:30:46',NULL,1,10),(1664,'2013-04-26','12:31:12',NULL,7,10),(1665,'2013-04-26','12:31:19',NULL,1,1),(1666,'2013-04-26','12:31:32',NULL,7,1),(1667,'2013-04-26','12:31:43',NULL,1,5),(1668,'2013-04-26','12:32:09',NULL,7,5),(1669,'2013-04-26','12:32:21',NULL,1,1),(1670,'2013-04-26','12:32:39',NULL,7,1),(1671,'2013-04-26','12:32:49',NULL,1,5),(1672,'2013-04-26','12:33:04',NULL,7,5),(1673,'2013-04-26','12:53:29',NULL,1,7),(1674,'2013-04-26','13:17:53',NULL,7,1),(1675,'2013-04-26','13:18:19',NULL,1,5),(1676,'2013-04-26','13:23:04',NULL,7,7),(1677,'2013-04-26','13:24:05',NULL,1,1),(1678,'2013-04-26','13:24:12',NULL,7,1),(1679,'2013-04-26','13:24:18',NULL,1,10),(1680,'2013-04-26','13:24:28',NULL,7,10),(1681,'2013-04-26','13:24:36',NULL,1,5),(1682,'2013-04-26','13:24:56',NULL,7,5),(1683,'2013-04-26','13:25:03',NULL,1,6),(1684,'2013-04-26','13:25:14',NULL,7,6),(1685,'2013-04-26','13:25:20',NULL,1,7),(1686,'2013-04-26','13:25:27',NULL,7,7),(1687,'2013-04-26','13:31:03',NULL,7,5),(1688,'2013-04-26','13:32:10',NULL,1,1),(1689,'2013-04-26','16:08:14',NULL,7,1),(1690,'2013-04-26','16:08:19',NULL,1,6),(1691,'2013-04-26','16:56:34',NULL,1,7),(1692,'2013-04-26','19:05:10',NULL,7,6),(1693,'2013-04-26','19:05:20',NULL,1,6),(1694,'2013-04-26','19:09:22',NULL,7,6),(1695,'2013-04-26','19:09:27',NULL,1,5),(1696,'2013-04-26','19:11:27',NULL,1,7),(1697,'2013-04-28','11:30:55',NULL,7,6),(1698,'2013-04-28','11:31:09',NULL,1,7),(1699,'2013-04-29','09:47:18',NULL,1,6),(1700,'2013-04-29','10:44:22',NULL,1,7),(1701,'2013-04-29','10:48:21',NULL,7,5),(1702,'2013-04-29','10:48:25',NULL,1,1),(1703,'2013-04-29','15:41:50',NULL,7,6),(1704,'2013-04-29','15:41:57',NULL,1,5),(1705,'2013-04-29','15:55:07',NULL,7,7),(1706,'2013-04-29','15:55:11',NULL,1,1),(1707,'2013-04-29','15:55:27',NULL,7,1),(1708,'2013-04-29','15:55:30',NULL,1,1),(1709,'2013-04-29','15:55:31',NULL,7,1),(1710,'2013-04-29','15:55:35',NULL,1,5),(1711,'2013-04-29','16:26:45',NULL,7,5),(1712,'2013-04-29','16:27:03',NULL,1,7),(1713,'2013-04-29','17:11:07',NULL,1,1),(1714,'2013-04-29','17:18:43',NULL,7,1),(1715,'2013-04-29','17:19:08',NULL,1,6),(1716,'2013-04-29','17:22:04',NULL,7,6),(1717,'2013-04-29','17:22:57',NULL,1,6),(1718,'2013-04-29','17:48:17',NULL,7,7),(1719,'2013-04-29','17:48:36',NULL,1,7),(1720,'2013-04-29','17:49:17',NULL,7,7),(1721,'2013-04-29','17:49:27',NULL,1,7),(1722,'2013-04-29','18:00:52',NULL,7,6),(1723,'2013-04-29','18:01:01',NULL,1,6),(1724,'2013-04-29','18:04:53',NULL,7,7),(1725,'2013-04-29','18:04:57',NULL,1,1),(1726,'2013-04-29','18:24:21',NULL,7,1),(1727,'2013-04-29','18:24:26',NULL,1,7),(1728,'2013-04-29','19:05:06',NULL,7,7),(1729,'2013-04-29','19:05:10',NULL,1,1),(1730,'2013-04-30','10:14:36',NULL,1,1),(1731,'2013-04-30','10:15:16',NULL,7,1),(1732,'2013-04-30','10:15:25',NULL,1,5),(1733,'2013-04-30','10:46:57',NULL,1,8),(1734,'2013-04-30','10:48:19',NULL,7,8),(1735,'2013-04-30','10:48:26',NULL,1,1),(1736,'2013-04-30','11:04:40',NULL,7,5),(1737,'2013-04-30','11:04:46',NULL,1,8),(1738,'2013-04-30','11:05:26',NULL,7,8),(1739,'2013-04-30','11:05:35',NULL,1,5),(1740,'2013-04-30','12:01:33',NULL,7,1),(1741,'2013-04-30','12:01:42',NULL,1,7),(1742,'2013-04-30','12:02:38',NULL,7,5),(1743,'2013-04-30','12:02:43',NULL,1,1),(1744,'2013-04-30','12:05:46',NULL,7,1),(1745,'2013-04-30','12:05:52',NULL,1,8),(1746,'2013-04-30','12:06:15',NULL,7,8),(1747,'2013-04-30','12:06:22',NULL,1,10),(1748,'2013-04-30','12:22:43',NULL,7,10),(1749,'2013-04-30','12:22:49',NULL,1,1),(1750,'2013-04-30','12:26:19',NULL,7,1),(1751,'2013-04-30','12:26:25',NULL,1,10),(1752,'2013-04-30','12:26:34',NULL,7,10),(1753,'2013-04-30','12:26:40',NULL,1,1),(1754,'2013-04-30','12:26:48',NULL,7,1),(1755,'2013-04-30','12:26:59',NULL,1,10),(1756,'2013-04-30','12:27:09',NULL,7,10),(1757,'2013-04-30','12:27:14',NULL,1,5),(1758,'2013-04-30','12:27:26',NULL,7,5),(1759,'2013-04-30','12:27:32',NULL,1,8),(1760,'2013-04-30','12:28:09',NULL,1,5),(1761,'2013-04-30','12:56:06',NULL,7,8),(1762,'2013-04-30','12:56:15',NULL,1,5),(1763,'2013-04-30','13:06:12',NULL,7,7),(1764,'2013-04-30','13:07:44',NULL,1,1),(1765,'2013-04-30','13:08:20',NULL,7,1),(1766,'2013-04-30','13:28:27',NULL,7,5),(1767,'2013-04-30','15:04:28',NULL,1,7),(1768,'2013-04-30','15:06:46',NULL,7,7),(1769,'2013-04-30','15:06:51',NULL,1,5),(1770,'2013-04-30','15:15:39',NULL,7,5),(1771,'2013-04-30','15:15:44',NULL,1,1),(1772,'2013-04-30','16:27:24',NULL,1,5),(1773,'2013-04-30','08:00:00',NULL,9,5),(1774,'2013-04-30','16:31:38',NULL,7,5),(1775,'2013-04-30','16:31:44',NULL,1,8),(1776,'2013-04-30','08:00:00',NULL,9,8),(1777,'2013-04-30','16:41:03','2013-04-29',2,8),(1778,'2013-04-30','16:56:32',NULL,7,1),(1779,'2013-04-30','16:56:44',NULL,1,5),(1780,'2013-04-30','17:16:15',NULL,7,8),(1781,'2013-04-30','17:16:22',NULL,1,1),(1782,'2013-04-30','17:59:05',NULL,7,1),(1783,'2013-04-30','17:59:12',NULL,1,5),(1784,'2013-04-30','18:00:03',NULL,7,5),(1785,'2013-04-30','18:02:21',NULL,1,10),(1786,'2013-04-30','18:03:43',NULL,7,10),(1787,'2013-04-30','18:03:49',NULL,1,5),(1788,'2013-04-30','19:09:37',NULL,1,1),(1789,'2013-04-30','19:12:20',NULL,1,1),(1790,'2013-04-30','19:14:14',NULL,7,1),(1791,'2013-05-02','08:37:26',NULL,7,5),(1792,'2013-05-02','08:37:40',NULL,1,7),(1793,'2013-05-02','08:40:06',NULL,1,5),(1794,'2013-05-02','08:51:03','0000-00-00',2,5),(1795,'2013-05-02','10:00:02',NULL,1,7),(1796,'2013-05-02','11:44:46',NULL,7,7),(1797,'2013-05-02','11:44:57',NULL,1,6),(1798,'2013-05-02','11:55:18',NULL,7,6),(1799,'2013-05-02','11:55:22',NULL,1,5),(1800,'2013-05-02','11:56:28',NULL,2,5),(1801,'2013-05-02','11:58:09',NULL,7,5),(1802,'2013-05-02','11:58:15',NULL,1,1),(1803,'2013-05-02','11:59:24',NULL,7,1),(1804,'2013-05-02','11:59:32',NULL,1,5),(1805,'2013-05-02','11:59:50',NULL,2,5),(1806,'2013-05-02','11:59:55',NULL,7,5),(1807,'2013-05-02','11:59:59',NULL,1,1),(1808,'2013-05-02','12:03:04',NULL,1,5),(1809,'2013-05-02','12:03:24','2013-04-28',2,5),(1810,'2013-05-02','12:19:29','2013-04-28',3,5),(1811,'2013-05-02','12:23:01',NULL,7,1),(1812,'2013-05-02','12:23:08',NULL,1,5),(1813,'2013-05-02','12:23:35','2013-04-28',4,5),(1814,'2013-05-02','12:35:35','2013-04-28',4,5),(1815,'2013-05-02','12:36:40','2013-04-28',4,5),(1816,'2013-05-02','12:37:10','2013-04-28',4,5),(1817,'2013-05-02','14:18:14',NULL,1,1),(1818,'2013-05-02','14:25:02',NULL,7,5),(1819,'2013-05-02','14:25:34',NULL,1,1),(1820,'2013-05-02','17:04:36',NULL,7,1),(1821,'2013-05-02','17:04:42',NULL,1,5),(1822,'2013-05-02','17:55:36',NULL,1,1),(1823,'2013-05-03','11:24:55','2013-05-02',2,5),(1824,'2013-05-03','11:29:00','2013-05-02',2,5),(1825,'2013-05-03','11:30:43','2013-05-02',2,5),(1826,'2013-05-03','11:32:50',NULL,1,1),(1827,'2013-05-03','11:35:22','2013-05-02',2,5),(1828,'2013-05-03','11:50:34','2013-05-02',2,5),(1829,'2013-05-03','11:55:59','2013-05-02',2,5),(1830,'2013-05-03','11:57:24','2013-05-02',2,5),(1831,'2013-05-03','12:06:47','2013-05-02',2,5),(1832,'2013-05-03','12:06:59','2013-05-02',2,5),(1833,'2013-05-03','12:20:18','2013-05-02',2,5),(1834,'2013-05-03','12:23:26','2013-05-02',2,5),(1835,'2013-05-03','13:29:27',NULL,7,5),(1836,'2013-05-03','13:29:33',NULL,1,1),(1837,'2013-05-03','14:46:04',NULL,1,5),(1838,'2013-05-03','14:46:10',NULL,7,5),(1839,'2013-05-03','14:46:16',NULL,1,5),(1840,'2013-05-03','08:00:00',NULL,9,5),(1841,'2013-05-03','14:48:11',NULL,7,5),(1842,'2013-05-03','14:48:19',NULL,1,3),(1843,'2013-05-03','08:00:00',NULL,9,3),(1844,'2013-05-03','15:14:54',NULL,7,3),(1845,'2013-05-03','15:15:06',NULL,1,7),(1846,'2013-05-03','15:42:49',NULL,7,1),(1847,'2013-05-03','15:43:00',NULL,1,7),(1848,'2013-05-03','15:52:35',NULL,7,7),(1849,'2013-05-03','15:53:45',NULL,1,5),(1850,'2013-05-03','15:58:22','2013-05-01',4,5),(1851,'2013-05-03','16:02:29',NULL,7,1),(1852,'2013-05-03','16:02:42',NULL,1,5),(1853,'2013-05-03','16:12:50','2013-05-01',2,5),(1854,'2013-05-03','16:15:01','2013-05-02',2,5),(1855,'2013-05-03','17:08:04','2013-05-01',4,5),(1856,'2013-05-03','18:05:50',NULL,7,5),(1857,'2013-05-03','18:05:57',NULL,1,1),(1858,'2013-05-06','09:49:50',NULL,1,7),(1859,'2013-05-06','10:55:20',NULL,7,5),(1860,'2013-05-06','10:55:25',NULL,1,1),(1861,'2013-05-06','11:40:59',NULL,7,7),(1862,'2013-05-06','11:41:08',NULL,1,5),(1863,'2013-05-06','11:41:43',NULL,7,5),(1864,'2013-05-06','11:41:48',NULL,1,1),(1865,'2013-05-06','11:51:13',NULL,7,1),(1866,'2013-05-06','11:51:24',NULL,1,7),(1867,'2013-05-06','12:39:53',NULL,7,7),(1868,'2013-05-06','12:39:56',NULL,1,1),(1869,'2013-05-06','12:53:00',NULL,7,1),(1870,'2013-05-06','12:53:07',NULL,1,7),(1871,'2013-05-06','12:56:10',NULL,7,7),(1872,'2013-05-06','12:56:14',NULL,1,1),(1873,'2013-05-06','14:32:54',NULL,7,1),(1874,'2013-05-06','14:33:05',NULL,1,5),(1875,'2013-05-06','15:36:12',NULL,7,1),(1876,'2013-05-06','15:36:16',NULL,1,1),(1877,'2013-05-06','15:42:56',NULL,7,1),(1878,'2013-05-06','15:43:05',NULL,1,5),(1879,'2013-05-06','15:43:10',NULL,7,5),(1880,'2013-05-06','15:43:15',NULL,1,8),(1881,'2013-05-06','15:44:39',NULL,7,8),(1882,'2013-05-06','15:44:44',NULL,1,6),(1883,'2013-05-06','15:45:10',NULL,7,6),(1884,'2013-05-06','15:45:14',NULL,1,1),(1885,'2013-05-06','15:47:19',NULL,7,5),(1886,'2013-05-06','15:47:31',NULL,1,5),(1887,'2013-05-06','16:44:24',NULL,1,1),(1888,'2013-05-06','16:44:44',NULL,7,1),(1889,'2013-05-06','16:47:52',NULL,1,6),(1890,'2013-05-06','16:59:24',NULL,7,6),(1891,'2013-05-06','16:59:32',NULL,1,5),(1892,'2013-05-06','17:04:30',NULL,7,5),(1893,'2013-05-06','17:04:42',NULL,1,7),(1894,'2013-05-06','18:09:16',NULL,7,7),(1895,'2013-05-06','19:14:02',NULL,1,1),(1896,'2013-05-08','11:49:45',NULL,1,1),(1897,'2013-05-08','14:05:45',NULL,7,1),(1898,'2013-05-08','14:06:10',NULL,1,5),(1899,'2013-05-08','18:40:24',NULL,1,1),(1900,'2013-05-08','18:42:14',NULL,1,1),(1901,'2013-05-09','09:32:44','2013-05-09',2,5),(1902,'2013-05-09','10:18:12',NULL,1,1),(1903,'2013-05-09','10:46:50','2013-05-09',2,5),(1904,'2013-05-09','10:56:02',NULL,1,1),(1905,'2013-05-09','10:57:18','2013-05-09',2,5),(1906,'2013-05-09','12:02:50',NULL,1,1),(1907,'2013-05-09','16:47:56',NULL,7,1),(1908,'2013-05-09','16:49:14',NULL,7,1),(1909,'2013-05-09','16:49:55',NULL,7,1),(1910,'2013-05-09','16:50:00',NULL,1,1),(1911,'2013-05-09','17:00:32',NULL,7,5),(1912,'2013-05-09','17:00:46',NULL,1,1),(1913,'2013-05-09','17:11:10',NULL,7,1),(1914,'2013-05-09','17:49:46',NULL,7,1),(1915,'2013-05-09','17:49:51',NULL,1,5),(1916,'2013-05-10','11:01:17',NULL,7,1),(1917,'2013-05-10','11:01:22',NULL,1,5),(1918,'2013-05-10','11:35:46',NULL,7,5),(1919,'2013-05-10','11:35:52',NULL,1,1),(1920,'2013-05-10','12:30:16',NULL,1,5),(1921,'2013-05-10','12:35:44',NULL,7,5),(1922,'2013-05-10','12:35:56',NULL,1,1),(1923,'2013-05-10','13:39:53',NULL,7,5),(1924,'2013-05-10','13:40:03',NULL,1,7),(1925,'2013-05-10','13:44:12',NULL,1,5),(1926,'2013-05-13','12:44:09',NULL,7,7),(1927,'2013-05-13','12:44:15',NULL,1,5),(1928,'2013-05-13','12:44:38',NULL,7,5),(1929,'2013-05-13','12:44:44',NULL,1,7),(1930,'2013-05-14','10:06:40',NULL,1,1),(1931,'2013-05-14','10:44:11',NULL,7,7),(1932,'2013-05-14','11:32:44',NULL,1,1),(1933,'2013-05-14','11:43:01',NULL,7,1),(1934,'2013-05-14','12:13:17',NULL,1,1),(1935,'2013-05-15','16:57:23',NULL,1,7),(1936,'2013-05-15','17:19:47',NULL,7,1),(1937,'2013-05-15','17:19:56',NULL,1,5),(1938,'2013-05-15','17:22:14',NULL,1,5),(1939,'2013-05-15','18:27:13',NULL,7,5),(1940,'2013-05-15','18:27:26',NULL,1,7),(1941,'2013-05-16','10:25:15','2013-05-15',2,5),(1942,'2013-05-16','10:34:39',NULL,7,1),(1943,'2013-05-16','10:34:46',NULL,1,5),(1944,'2013-05-16','10:40:58',NULL,7,5),(1945,'2013-05-16','10:41:05',NULL,1,1),(1946,'2013-05-16','10:59:07',NULL,7,5),(1947,'2013-05-16','10:59:12',NULL,1,5),(1948,'2013-05-16','10:59:36',NULL,7,5),(1949,'2013-05-16','10:59:40',NULL,1,5),(1950,'2013-05-16','11:07:29',NULL,1,5),(1951,'2013-05-16','12:27:38',NULL,7,5),(1952,'2013-05-16','12:27:53',NULL,1,7),(1953,'2013-05-16','13:02:03',NULL,1,5),(1954,'2013-05-16','13:03:11',NULL,7,5),(1955,'2013-05-16','13:03:18',NULL,1,7),(1956,'2013-05-16','13:14:26',NULL,7,7),(1957,'2013-05-16','13:14:30',NULL,1,5),(1958,'2013-05-16','13:15:43',NULL,7,5),(1959,'2013-05-16','13:15:49',NULL,1,7),(1960,'2013-05-16','13:17:07',NULL,7,7),(1961,'2013-05-16','13:17:12',NULL,1,5),(1962,'2013-05-16','13:20:45',NULL,7,7),(1963,'2013-05-16','13:20:53',NULL,1,5),(1964,'2013-05-16','13:26:32',NULL,7,5),(1965,'2013-05-16','13:26:37',NULL,1,7),(1966,'2013-05-16','13:27:59',NULL,7,7),(1967,'2013-05-16','13:28:07',NULL,1,5),(1968,'2013-05-16','13:28:16',NULL,7,5),(1969,'2013-05-16','13:28:22',NULL,1,7),(1970,'2013-05-16','13:32:44',NULL,7,7),(1971,'2013-05-16','13:32:48',NULL,1,5),(1972,'2013-05-16','13:34:03',NULL,7,5),(1973,'2013-05-16','13:34:12',NULL,1,7),(1974,'2013-05-16','13:36:58',NULL,7,7),(1975,'2013-05-16','13:37:02',NULL,1,5),(1976,'2013-05-16','13:42:38',NULL,1,5),(1977,'2013-05-16','14:49:35',NULL,7,5),(1978,'2013-05-16','14:49:44',NULL,1,7),(1979,'2013-05-16','14:52:51',NULL,1,1),(1980,'2013-05-16','14:53:15',NULL,7,7),(1981,'2013-05-16','14:53:27',NULL,1,7),(1982,'2013-05-16','15:32:28',NULL,7,7),(1983,'2013-05-16','15:32:33',NULL,1,5),(1984,'2013-05-16','15:33:08',NULL,1,1),(1985,'2013-05-16','16:08:44',NULL,1,1),(1986,'2013-05-16','16:21:29',NULL,7,1),(1987,'2013-05-16','16:21:33',NULL,1,5),(1988,'2013-05-16','16:33:26',NULL,1,1),(1989,'2013-05-16','16:42:26','2013-05-11',2,5),(1990,'2013-05-16','16:47:31','2013-05-11',4,5),(1991,'2013-05-16','17:37:53',NULL,7,5),(1992,'2013-05-16','17:37:57',NULL,1,1),(1993,'2013-05-16','17:38:06',NULL,7,1),(1994,'2013-05-16','17:40:42',NULL,1,5),(1995,'2013-05-16','17:53:44',NULL,1,5),(1999,'2013-05-16','18:20:12','2013-05-15',8,5),(2000,'2013-05-17','10:20:34',NULL,7,5),(2001,'2013-05-17','10:20:38',NULL,1,1),(2002,'2013-05-17','10:30:25',NULL,1,7),(2005,'2013-05-17','10:35:29',NULL,1,1),(2006,'2013-05-17','10:40:08',NULL,7,1),(2007,'2013-05-17','10:44:56',NULL,7,1),(2008,'2013-05-17','10:45:03',NULL,1,1),(2009,'2013-05-17','10:46:57',NULL,7,1),(2010,'2013-05-17','10:47:03',NULL,1,1),(2011,'2013-05-17','10:56:30',NULL,7,1),(2012,'2013-05-17','10:56:38',NULL,1,1),(2013,'2013-05-17','10:56:40',NULL,7,1),(2014,'2013-05-17','15:06:24',NULL,1,7),(2015,'2013-05-17','15:21:30',NULL,7,7),(2016,'2013-05-17','15:21:43',NULL,1,1),(2017,'2013-05-17','16:21:59',NULL,1,7),(2018,'2013-05-17','17:17:25',NULL,7,7),(2019,'2013-05-17','17:17:37',NULL,1,5),(2020,'2013-05-17','19:05:55',NULL,1,1),(2021,'2013-05-17','19:13:34',NULL,7,1),(2022,'2013-05-17','19:13:40',NULL,1,5),(2023,'2013-05-17','19:15:33',NULL,7,5),(2024,'2013-05-17','19:15:37',NULL,1,1),(2025,'2013-05-17','19:20:40',NULL,1,1),(2026,'2013-05-20','11:57:03',NULL,1,1),(2027,'2013-05-20','12:07:28',NULL,1,1),(2028,'2013-05-20','12:08:59',NULL,1,1),(2029,'2013-05-20','12:10:11',NULL,1,1),(2030,'2013-05-20','12:38:20',NULL,1,1),(2031,'2013-05-20','12:38:51',NULL,1,1),(2032,'2013-05-20','14:20:29',NULL,1,1),(2033,'2013-05-20','17:11:11',NULL,7,1),(2034,'2013-05-20','17:11:21',NULL,1,1),(2035,'2013-05-21','11:20:24',NULL,7,1),(2036,'2013-05-21','11:20:30',NULL,1,6),(2037,'2013-05-21','11:26:35',NULL,7,6),(2038,'2013-05-21','11:26:41',NULL,1,5),(2039,'2013-05-21','11:26:47',NULL,7,5),(2040,'2013-05-21','11:26:51',NULL,1,8),(2041,'2013-05-21','11:27:02','2013-05-20',2,8),(2042,'2013-05-21','11:27:15','2013-05-20',3,8),(2043,'2013-05-21','11:28:40','2013-05-20',4,8),(2044,'2013-05-21','11:28:42',NULL,7,8),(2045,'2013-05-21','11:28:47',NULL,1,6),(2046,'2013-05-22','11:23:40',NULL,1,1),(2047,'2013-05-22','11:28:53',NULL,1,1),(2048,'2013-05-22','14:34:00',NULL,1,1),(2049,'2013-05-22','15:27:46',NULL,7,1),(2050,'2013-05-22','15:59:14',NULL,1,1),(2051,'2013-05-22','17:18:21',NULL,7,1),(2052,'2013-05-22','18:03:24',NULL,1,1),(2053,'2013-05-22','18:04:59',NULL,7,1),(2054,'2013-05-22','18:05:07',NULL,1,7),(2055,'2013-05-22','18:05:25',NULL,7,7),(2056,'2013-05-22','18:28:45',NULL,1,1),(2057,'2013-05-22','18:29:29',NULL,7,1),(2058,'2013-05-22','18:29:36',NULL,1,7),(2059,'2013-05-23','10:35:34',NULL,1,1),(2060,'2013-05-23','10:38:55',NULL,1,1),(2061,'2013-05-23','10:39:00',NULL,7,1),(2062,'2013-05-23','10:39:08',NULL,1,6),(2063,'2013-05-23','11:33:53',NULL,1,1),(2064,'2013-05-23','11:56:29',NULL,7,1),(2065,'2013-05-23','11:56:37',NULL,1,7),(2066,'2013-05-23','11:59:08',NULL,7,7),(2067,'2013-05-23','12:12:38',NULL,1,1),(2068,'2013-05-23','12:20:04',NULL,1,5),(2069,'2013-05-23','12:23:19',NULL,1,5),(2070,'2013-05-23','12:32:38',NULL,7,5),(2071,'2013-05-23','12:32:46',NULL,1,1),(2072,'2013-05-23','16:01:35',NULL,1,1),(2073,'2013-05-23','16:30:57',NULL,7,1),(2074,'2013-05-23','16:53:33',NULL,7,6),(2075,'2013-05-23','16:53:40',NULL,1,1),(2076,'2013-05-24','10:08:13',NULL,7,1),(2077,'2013-05-24','10:09:20',NULL,1,5),(2078,'2013-05-24','12:00:00',NULL,9,5),(2079,'2013-05-24','10:17:59',NULL,7,5),(2080,'2013-05-24','10:18:04',NULL,1,1),(2081,'2013-05-24','11:12:39',NULL,1,1),(2082,'2013-05-24','17:17:33',NULL,1,1),(2083,'2013-05-24','17:17:55',NULL,1,1),(2084,'2013-05-24','18:24:46',NULL,1,1),(2085,'2013-05-27','10:05:25',NULL,1,5),(2086,'2013-05-27','11:10:14',NULL,1,6),(2087,'2013-05-27','11:49:08',NULL,7,6),(2088,'2013-05-27','11:57:05',NULL,7,1),(2089,'2013-05-27','11:57:11',NULL,1,5),(2090,'2013-05-27','12:39:14',NULL,7,1),(2091,'2013-05-27','12:39:36',NULL,1,1),(2092,'2013-05-27','14:02:43',NULL,1,5),(2093,'2013-05-27','14:03:06',NULL,7,5),(2094,'2013-05-27','14:03:30',NULL,1,1),(2095,'2013-05-27','14:50:24',NULL,7,5),(2096,'2013-05-27','14:50:30',NULL,1,1),(2097,'2013-05-27','14:52:20',NULL,7,1),(2098,'2013-05-27','14:52:27',NULL,1,5),(2099,'2013-05-27','15:54:32',NULL,1,1),(2100,'2013-05-27','17:12:44',NULL,7,5),(2101,'2013-05-27','17:12:49',NULL,1,1),(2102,'2013-05-27','17:17:52',NULL,7,1),(2103,'2013-05-27','17:18:00',NULL,1,5),(2104,'2013-05-27','17:22:36',NULL,7,5),(2105,'2013-05-27','17:22:43',NULL,1,1),(2106,'2013-05-27','17:36:58',NULL,1,1),(2107,'2013-05-27','17:37:04',NULL,7,1),(2108,'2013-05-27','17:37:18',NULL,1,1),(2109,'2013-05-28','10:58:25',NULL,7,1),(2110,'2013-05-28','10:58:58',NULL,1,5),(2111,'2013-05-28','11:37:18',NULL,7,5),(2112,'2013-05-28','11:37:23',NULL,1,1),(2113,'2013-05-28','11:37:38',NULL,7,1),(2114,'2013-05-28','11:37:43',NULL,1,5),(2115,'2013-05-28','12:01:25',NULL,7,5),(2116,'2013-05-28','12:01:30',NULL,1,1),(2117,'2013-05-28','12:26:28',NULL,7,1),(2118,'2013-05-28','12:26:41',NULL,1,5),(2119,'2013-05-28','12:26:49',NULL,7,5),(2120,'2013-05-28','12:26:55',NULL,1,1),(2121,'2013-05-28','12:47:46',NULL,7,1),(2122,'2013-05-28','12:47:53',NULL,1,5),(2123,'2013-05-28','12:47:59',NULL,7,5),(2124,'2013-05-28','12:48:04',NULL,1,1),(2125,'2013-05-28','13:37:19',NULL,7,1),(2126,'2013-05-28','13:37:25',NULL,1,5),(2127,'2013-05-28','13:47:26',NULL,7,1),(2128,'2013-05-28','13:48:45',NULL,1,1),(2129,'2013-05-28','14:24:38',NULL,7,1),(2130,'2013-05-28','14:24:47',NULL,1,5),(2131,'2013-05-28','14:31:32',NULL,7,5),(2132,'2013-05-28','14:31:36',NULL,1,1),(2133,'2013-05-28','15:15:08',NULL,1,1),(2134,'2013-05-28','15:22:15',NULL,7,1),(2135,'2013-05-28','15:22:21',NULL,1,5),(2137,'2013-05-28','15:22:59',NULL,7,5),(2138,'2013-05-28','15:23:04',NULL,1,1),(2139,'2013-05-28','15:47:52',NULL,7,1),(2140,'2013-05-28','15:47:56',NULL,1,5),(2146,'2013-05-28','16:23:18',NULL,7,5),(2147,'2013-05-28','16:23:23',NULL,1,5),(2150,'2013-05-28','10:35:00',NULL,9,5),(2151,'2013-05-28','16:31:31',NULL,7,5),(2152,'2013-05-28','16:31:36',NULL,1,1),(2153,'2013-05-28','17:10:25',NULL,7,5),(2154,'2013-05-28','17:10:29',NULL,1,1),(2155,'2013-05-28','17:12:47',NULL,1,1);
/*!40000 ALTER TABLE `log` ENABLE KEYS */;
UNLOCK TABLES;

--
-- Table structure for table `novedad`
--

DROP TABLE IF EXISTS `novedad`;
/*!40101 SET @saved_cs_client     = @@character_set_client */;
/*!40101 SET character_set_client = utf8 */;
CREATE TABLE `novedad` (
  `Id` int(11) NOT NULL AUTO_INCREMENT,
  `Fecha` date NOT NULL,
  `Hora` time NOT NULL,
  `Descripcion` varchar(450) NOT NULL,
  `Num` int(11) DEFAULT NULL,
  `users_id` int(11) NOT NULL,
  `TIPONOVEDAD_Id` int(11) NOT NULL,
  PRIMARY KEY (`Id`),
  KEY `fk_novedad_users1_idx` (`users_id`),
  KEY `fk_novedad_tiponovedad1_idx` (`TIPONOVEDAD_Id`),
  CONSTRAINT `fk_novedad_tiponovedad1` FOREIGN KEY (`TIPONOVEDAD_Id`) REFERENCES `tiponovedad` (`Id`) ON DELETE NO ACTION ON UPDATE NO ACTION,
  CONSTRAINT `fk_novedad_users1` FOREIGN KEY (`users_id`) REFERENCES `users` (`id`) ON DELETE NO ACTION ON UPDATE NO ACTION
) ENGINE=InnoDB AUTO_INCREMENT=82 DEFAULT CHARSET=utf8;
/*!40101 SET character_set_client = @saved_cs_client */;

--
-- Dumping data for table `novedad`
--

LOCK TABLES `novedad` WRITE;
/*!40000 ALTER TABLE `novedad` DISABLE KEYS */;
INSERT INTO `novedad` VALUES (39,'2013-04-30','12:51:45','hnyrsn',NULL,5,1),(40,'2013-04-29','12:51:55','btrhb',NULL,5,3),(41,'2013-05-06','15:43:28','testeando',NULL,8,1),(42,'2013-05-06','17:01:35','thth',NULL,5,5),(43,'2013-05-06','18:55:24','adfasdfsad',NULL,5,2),(44,'2013-05-06','19:00:38','Los telfonos de las cabinas, no tienen tono y tarifa la llamada.',NULL,5,4),(45,'2013-05-06','19:09:42','123fdasdjhlkg asdg',NULL,5,2),(46,'2013-05-06','19:10:05','adsdfasdfsad',NULL,5,2),(47,'2013-05-06','19:12:10','fadfafsa',NULL,5,1),(48,'2013-05-10','12:30:27','asdgfsagd',NULL,5,2),(49,'2013-05-10','12:51:57','he intentado muchas veces y nada',2147483647,5,1),(50,'2013-05-15','17:20:54','csxcx',1515,5,2),(51,'2013-05-15','17:22:27','test',NULL,5,1),(52,'2013-05-16','11:15:54','DSAFADSF',NULL,5,3),(53,'2013-05-16','11:17:47','FASDAG',NULL,5,1),(54,'2013-05-16','11:24:31','sdgfsdgs',NULL,5,2),(55,'2013-05-16','11:45:48','adsgasga',NULL,5,2),(56,'2013-05-16','12:37:48','asgsag',NULL,5,5),(57,'2013-05-16','12:42:37','abcdefeagad\r\ndsafsadgsadg\r\nadsgadgsagadsga\r\n asgfsag  adg',NULL,5,7),(58,'2013-05-16','12:47:12','asgagasg ',NULL,5,4),(59,'2013-05-16','12:48:33','Cabina cerrada.',NULL,5,9),(60,'2013-05-16','13:10:33','gsgfadg',NULL,5,2),(61,'2013-05-16','13:20:49','agasgasga',NULL,5,1),(62,'2013-05-16','13:21:13','askghlasjflsajfsa asgfsgafdsg 3465413613',NULL,5,4),(63,'2013-05-16','13:23:17','sdgafsa',NULL,5,3),(64,'2013-05-16','13:29:29','fadsgsad',NULL,5,2),(65,'2013-05-16','13:31:44','rteqwryt',NULL,5,2),(66,'2013-05-16','13:33:27','dsagadsg',NULL,5,2),(67,'2013-05-16','13:35:19','agaga',NULL,5,2),(68,'2013-05-17','17:17:54','asdfsadf',123,5,1),(69,'2013-05-17','17:27:27','Rudo Blanco - SodaStereo - Buenos Aires - Argentina.',182,5,7),(70,'2013-05-23','12:20:18','probando correo',2147483647,5,1),(71,'2013-05-23','12:23:53','Problemas con la recepcin de la seal.',1234567,5,1),(72,'2013-05-23','12:29:52','agag',1234567,5,1),(73,'2013-05-27','12:00:04','no se oye',2125869,5,1),(74,'2013-05-27','12:53:05','Solo es una prueba',2145882,5,1),(75,'2013-05-27','14:47:21','prueba 3',254182,5,1),(76,'2013-05-27','14:50:14','Prueba 4',201254585,5,3),(77,'2013-05-27','14:52:47','prueba 5',2145882,5,2),(78,'2013-05-27','15:10:57','Prueba 6',35435,5,1),(79,'2013-05-27','15:12:19','prueba 7',2054638435,5,1),(80,'2013-05-27','15:21:05','Prueba 9',2147483647,5,3),(81,'2013-05-27','15:21:54','Prueba 10',2147483647,5,5);
/*!40000 ALTER TABLE `novedad` ENABLE KEYS */;
UNLOCK TABLES;

--
-- Table structure for table `pabrightstar`
--

DROP TABLE IF EXISTS `pabrightstar`;
/*!40101 SET @saved_cs_client     = @@character_set_client */;
/*!40101 SET character_set_client = utf8 */;
CREATE TABLE `pabrightstar` (
  `Id` int(11) NOT NULL AUTO_INCREMENT,
  `Fecha` date NOT NULL,
  `Compania` int(11) NOT NULL,
  `SaldoAperturaPA` decimal(15,2) DEFAULT NULL,
  `TransferenciaPA` decimal(15,2) DEFAULT NULL,
  `ComisionPA` decimal(15,2) DEFAULT NULL,
  `SaldoCierrePA` decimal(15,2) DEFAULT NULL,
  PRIMARY KEY (`Id`),
  KEY `fk_BRIGHTSTAR_COMPANIA1_idx` (`Compania`),
  CONSTRAINT `fk_PABRIGHTSTAR_COMPANIA1` FOREIGN KEY (`Compania`) REFERENCES `compania` (`id`) ON DELETE NO ACTION ON UPDATE NO ACTION
) ENGINE=InnoDB AUTO_INCREMENT=129 DEFAULT CHARSET=utf8;
/*!40101 SET character_set_client = @saved_cs_client */;

--
-- Dumping data for table `pabrightstar`
--

LOCK TABLES `pabrightstar` WRITE;
/*!40000 ALTER TABLE `pabrightstar` DISABLE KEYS */;
INSERT INTO `pabrightstar` VALUES (12,'2013-04-28',2,NULL,22.00,NULL,NULL),(13,'2013-04-28',2,NULL,100.00,6.00,NULL),(14,'2013-04-27',2,NULL,120.00,7.20,NULL),(15,'2013-04-28',1,NULL,120.00,7.20,NULL),(16,'2013-04-26',1,NULL,22.00,1.32,NULL),(17,'2013-04-24',1,NULL,120.00,7.20,NULL),(18,'2013-04-22',2,NULL,120.00,7.20,NULL),(19,'2013-04-23',2,NULL,10.00,50.00,NULL),(20,'2013-04-25',2,NULL,10.00,80.00,NULL),(21,'2013-04-25',1,NULL,10.00,60.00,NULL),(22,'2013-04-30',2,5000.00,200.00,1600.00,6800.00),(23,'2013-04-30',1,8000.00,400.00,2400.00,10800.00),(24,'2013-04-29',1,NULL,800.00,4800.00,NULL),(25,'2013-04-29',2,NULL,120.00,960.00,NULL),(56,'2013-05-01',1,10800.00,400.00,10.00,11210.00),(57,'2013-05-01',2,6800.00,500.00,20.00,7320.00),(60,'2013-05-02',1,11210.00,NULL,NULL,11210.00),(61,'2013-05-02',2,7320.00,NULL,NULL,7320.00),(62,'2013-05-03',1,11210.00,NULL,NULL,11210.00),(63,'2013-05-03',2,7320.00,NULL,NULL,7320.00),(64,'2013-05-04',1,11210.00,NULL,NULL,11210.00),(65,'2013-05-04',2,7320.00,NULL,NULL,7320.00),(66,'2013-05-05',1,11210.00,NULL,NULL,11210.00),(67,'2013-05-05',2,7320.00,NULL,NULL,7320.00),(68,'2013-05-06',1,11210.00,NULL,NULL,11210.00),(69,'2013-05-06',2,7320.00,NULL,NULL,7320.00),(70,'2013-05-07',1,11210.00,NULL,NULL,11210.00),(71,'2013-05-07',2,7320.00,NULL,NULL,7320.00),(72,'2013-05-08',1,11210.00,NULL,NULL,11210.00),(73,'2013-05-08',2,7320.00,NULL,NULL,7320.00),(74,'2013-05-09',1,11210.00,NULL,NULL,11210.00),(75,'2013-05-09',2,7320.00,NULL,NULL,NULL),(76,'2013-05-10',1,11210.00,120.00,720.00,NULL),(85,'2013-05-13',2,1200.00,2.00,NULL,1200.00),(86,'2013-05-13',1,1500.00,120.00,720.00,2340.00),(91,'2013-05-14',2,1200.00,NULL,NULL,1200.00),(92,'2013-05-14',1,2340.00,NULL,NULL,2340.00),(95,'2013-05-15',2,1200.00,NULL,NULL,1200.00),(96,'2013-05-15',1,2340.00,NULL,NULL,2340.00),(99,'2013-05-16',2,1200.00,NULL,NULL,1200.00),(100,'2013-05-16',1,2340.00,NULL,NULL,2340.00),(113,'2013-05-17',2,1200.00,NULL,NULL,1200.00),(114,'2013-05-17',1,2340.00,NULL,NULL,2340.00),(117,'2013-05-18',2,1200.00,NULL,NULL,1200.00),(118,'2013-05-18',1,2340.00,NULL,NULL,2340.00),(121,'2013-05-18',2,1200.00,NULL,NULL,NULL),(123,'2013-05-19',2,1200.00,NULL,NULL,1200.00),(124,'2013-05-19',1,2340.00,NULL,NULL,NULL),(126,'2013-05-20',2,1200.00,NULL,NULL,NULL);
/*!40000 ALTER TABLE `pabrightstar` ENABLE KEYS */;
UNLOCK TABLES;

--
-- Table structure for table `paridad`
--

DROP TABLE IF EXISTS `paridad`;
/*!40101 SET @saved_cs_client     = @@character_set_client */;
/*!40101 SET character_set_client = utf8 */;
CREATE TABLE `paridad` (
  `Id` int(11) NOT NULL AUTO_INCREMENT,
  `Fecha` date NOT NULL,
  `Valor` decimal(15,2) NOT NULL,
  PRIMARY KEY (`Id`)
) ENGINE=InnoDB AUTO_INCREMENT=9 DEFAULT CHARSET=utf8;
/*!40101 SET character_set_client = @saved_cs_client */;

--
-- Dumping data for table `paridad`
--

LOCK TABLES `paridad` WRITE;
/*!40000 ALTER TABLE `paridad` DISABLE KEYS */;
INSERT INTO `paridad` VALUES (1,'2013-04-02',2.64),(2,'2013-04-08',2.68),(3,'2013-04-15',2.65),(4,'2013-04-18',2.87),(5,'2013-04-22',2.54),(6,'2013-04-23',2.89),(7,'2013-04-23',2.54),(8,'2013-05-06',2.67);
/*!40000 ALTER TABLE `paridad` ENABLE KEYS */;
UNLOCK TABLES;

--
-- Table structure for table `profiles`
--

DROP TABLE IF EXISTS `profiles`;
/*!40101 SET @saved_cs_client     = @@character_set_client */;
/*!40101 SET character_set_client = utf8 */;
CREATE TABLE `profiles` (
  `user_id` int(11) NOT NULL AUTO_INCREMENT,
  `first_name` varchar(255) DEFAULT NULL,
  `last_name` varchar(255) DEFAULT NULL,
  PRIMARY KEY (`user_id`),
  CONSTRAINT `user_profile_id` FOREIGN KEY (`user_id`) REFERENCES `users` (`id`) ON DELETE CASCADE
) ENGINE=InnoDB AUTO_INCREMENT=11 DEFAULT CHARSET=utf8;
/*!40101 SET character_set_client = @saved_cs_client */;

--
-- Dumping data for table `profiles`
--

LOCK TABLES `profiles` WRITE;
/*!40000 ALTER TABLE `profiles` DISABLE KEYS */;
INSERT INTO `profiles` VALUES (1,'Administrator','Admin'),(2,'Eduado','Makoukdji'),(3,'Pedro','Suarez'),(4,'Manuel','Rios'),(5,'Raul','Garcia tunon'),(6,'Nohelia','Etelix'),(7,'Kimberly','Etelix'),(8,'Rafael','lvarez'),(9,'hello','world'),(10,'','');
/*!40000 ALTER TABLE `profiles` ENABLE KEYS */;
UNLOCK TABLES;

--
-- Table structure for table `profiles_fields`
--

DROP TABLE IF EXISTS `profiles_fields`;
/*!40101 SET @saved_cs_client     = @@character_set_client */;
/*!40101 SET character_set_client = utf8 */;
CREATE TABLE `profiles_fields` (
  `id` int(11) NOT NULL AUTO_INCREMENT,
  `varname` varchar(50) NOT NULL DEFAULT '',
  `title` varchar(255) NOT NULL DEFAULT '',
  `field_type` varchar(50) NOT NULL DEFAULT '',
  `field_size` int(3) NOT NULL DEFAULT '0',
  `field_size_min` int(3) NOT NULL DEFAULT '0',
  `required` int(1) NOT NULL DEFAULT '0',
  `match` varchar(255) NOT NULL DEFAULT '',
  `range` varchar(255) NOT NULL DEFAULT '',
  `error_message` varchar(255) NOT NULL DEFAULT '',
  `other_validator` text,
  `default` varchar(255) NOT NULL DEFAULT '',
  `widget` varchar(255) NOT NULL DEFAULT '',
  `widgetparams` text,
  `position` int(3) NOT NULL DEFAULT '0',
  `visible` int(1) NOT NULL DEFAULT '0',
  PRIMARY KEY (`id`)
) ENGINE=InnoDB AUTO_INCREMENT=3 DEFAULT CHARSET=utf8;
/*!40101 SET character_set_client = @saved_cs_client */;

--
-- Dumping data for table `profiles_fields`
--

LOCK TABLES `profiles_fields` WRITE;
/*!40000 ALTER TABLE `profiles_fields` DISABLE KEYS */;
INSERT INTO `profiles_fields` VALUES (1,'first_name','First Name','VARCHAR',255,3,2,'','','Incorrect First Name (length between 3 and 50 characters).','','','','',1,3),(2,'last_name','Last Name','VARCHAR',255,3,2,'','','Incorrect Last Name (length between 3 and 50 characters).','','','','',2,3);
/*!40000 ALTER TABLE `profiles_fields` ENABLE KEYS */;
UNLOCK TABLES;

--
-- Table structure for table `recargas`
--

DROP TABLE IF EXISTS `recargas`;
/*!40101 SET @saved_cs_client     = @@character_set_client */;
/*!40101 SET character_set_client = utf8 */;
CREATE TABLE `recargas` (
  `id` int(11) NOT NULL AUTO_INCREMENT,
  `FechaHora` datetime NOT NULL,
  `MontoRecarga` decimal(15,2) NOT NULL,
  `BALANCE_Id` int(11) NOT NULL,
  `PABRIGHTSTAR_Id` int(11) NOT NULL,
  PRIMARY KEY (`id`),
  KEY `fk_RECARGAS_BALANCE1_idx` (`BALANCE_Id`),
  KEY `fk_RECARGAS_PABRIGHTSTAR_idx` (`PABRIGHTSTAR_Id`),
  CONSTRAINT `fk_RECARGAS_BALANCE1` FOREIGN KEY (`BALANCE_Id`) REFERENCES `balance` (`Id`) ON DELETE NO ACTION ON UPDATE NO ACTION,
  CONSTRAINT `fk_RECARGAS_PABRIGHTSTAR` FOREIGN KEY (`PABRIGHTSTAR_Id`) REFERENCES `pabrightstar` (`Id`) ON DELETE NO ACTION ON UPDATE NO ACTION
) ENGINE=InnoDB DEFAULT CHARSET=utf8;
/*!40101 SET character_set_client = @saved_cs_client */;

--
-- Dumping data for table `recargas`
--

LOCK TABLES `recargas` WRITE;
/*!40000 ALTER TABLE `recargas` DISABLE KEYS */;
/*!40000 ALTER TABLE `recargas` ENABLE KEYS */;
UNLOCK TABLES;

--
-- Table structure for table `tbl_migration`
--

DROP TABLE IF EXISTS `tbl_migration`;
/*!40101 SET @saved_cs_client     = @@character_set_client */;
/*!40101 SET character_set_client = utf8 */;
CREATE TABLE `tbl_migration` (
  `version` varchar(255) NOT NULL,
  `apply_time` int(11) DEFAULT NULL,
  PRIMARY KEY (`version`)
) ENGINE=InnoDB DEFAULT CHARSET=utf8;
/*!40101 SET character_set_client = @saved_cs_client */;

--
-- Dumping data for table `tbl_migration`
--

LOCK TABLES `tbl_migration` WRITE;
/*!40000 ALTER TABLE `tbl_migration` DISABLE KEYS */;
INSERT INTO `tbl_migration` VALUES ('m000000_000000_base',1362166445),('m110805_153437_installYiiUser',1362166504),('m110810_162301_userTimestampFix',1362166504);
/*!40000 ALTER TABLE `tbl_migration` ENABLE KEYS */;
UNLOCK TABLES;

--
-- Table structure for table `tiponovedad`
--

DROP TABLE IF EXISTS `tiponovedad`;
/*!40101 SET @saved_cs_client     = @@character_set_client */;
/*!40101 SET character_set_client = utf8 */;
CREATE TABLE `tiponovedad` (
  `Id` int(11) NOT NULL AUTO_INCREMENT,
  `Nombre` varchar(45) DEFAULT NULL,
  PRIMARY KEY (`Id`)
) ENGINE=InnoDB AUTO_INCREMENT=10 DEFAULT CHARSET=utf8;
/*!40101 SET character_set_client = @saved_cs_client */;

--
-- Dumping data for table `tiponovedad`
--

LOCK TABLES `tiponovedad` WRITE;
/*!40000 ALTER TABLE `tiponovedad` DISABLE KEYS */;
INSERT INTO `tiponovedad` VALUES (1,'El receptor no escucha'),(2,'El que origina la llamada no escucha'),(3,'Tarifa mientras timbra'),(4,'Tarifa y no suena nada'),(5,'Las llamadas no completan'),(6,'No hay saldo para completar llamadas'),(7,'Ruido'),(8,'No puede ingresar a SINCA'),(9,'Otra');
/*!40000 ALTER TABLE `tiponovedad` ENABLE KEYS */;
UNLOCK TABLES;

--
-- Table structure for table `tipousuario`
--

DROP TABLE IF EXISTS `tipousuario`;
/*!40101 SET @saved_cs_client     = @@character_set_client */;
/*!40101 SET character_set_client = utf8 */;
CREATE TABLE `tipousuario` (
  `Id` int(11) NOT NULL AUTO_INCREMENT,
  `Nombre` varchar(45) NOT NULL,
  PRIMARY KEY (`Id`)
) ENGINE=InnoDB AUTO_INCREMENT=6 DEFAULT CHARSET=utf8;
/*!40101 SET character_set_client = @saved_cs_client */;

--
-- Dumping data for table `tipousuario`
--

LOCK TABLES `tipousuario` WRITE;
/*!40000 ALTER TABLE `tipousuario` DISABLE KEYS */;
INSERT INTO `tipousuario` VALUES (1,'Operador de Cabina'),(2,'Gerente de Operaciones'),(3,'Administrador'),(4,'Tesorero'),(5,'Socio');
/*!40000 ALTER TABLE `tipousuario` ENABLE KEYS */;
UNLOCK TABLES;

--
-- Table structure for table `users`
--

DROP TABLE IF EXISTS `users`;
/*!40101 SET @saved_cs_client     = @@character_set_client */;
/*!40101 SET character_set_client = utf8 */;
CREATE TABLE `users` (
  `id` int(11) NOT NULL AUTO_INCREMENT,
  `username` varchar(20) NOT NULL DEFAULT '',
  `password` varchar(128) NOT NULL DEFAULT '',
  `email` varchar(128) NOT NULL DEFAULT '',
  `activkey` varchar(128) NOT NULL DEFAULT '',
  `superuser` int(1) NOT NULL DEFAULT '0',
  `status` int(1) NOT NULL DEFAULT '0',
  `create_at` timestamp NOT NULL DEFAULT CURRENT_TIMESTAMP,
  `lastvisit_at` timestamp NOT NULL DEFAULT '0000-00-00 00:00:00',
  `CABINA_Id` int(11) DEFAULT NULL,
  `tipo` int(11) DEFAULT NULL,
  PRIMARY KEY (`id`),
  UNIQUE KEY `user_username` (`username`),
  UNIQUE KEY `user_email` (`email`),
  KEY `fk_USERS_CABINA1` (`CABINA_Id`),
  KEY `fk_USERS_TIPOUSUARIO1_idx` (`tipo`),
  CONSTRAINT `fk_USERS_CABINA1` FOREIGN KEY (`CABINA_Id`) REFERENCES `cabina` (`Id`) ON DELETE NO ACTION ON UPDATE NO ACTION,
  CONSTRAINT `fk_USERS_TIPOUSUARIO1` FOREIGN KEY (`tipo`) REFERENCES `tipousuario` (`Id`) ON DELETE NO ACTION ON UPDATE NO ACTION
) ENGINE=InnoDB AUTO_INCREMENT=11 DEFAULT CHARSET=utf8;
/*!40101 SET character_set_client = @saved_cs_client */;

--
-- Dumping data for table `users`
--

LOCK TABLES `users` WRITE;
/*!40000 ALTER TABLE `users` DISABLE KEYS */;
INSERT INTO `users` VALUES (1,'admin','4297f44b13955235245b2497399d7a93','pablomontoya22@gmail.com','1d6ccd492bc1a2da9fea83c081d06131',1,1,'2013-03-01 19:35:04','2013-05-28 21:42:47',NULL,3),(2,'edmaku','4297f44b13955235245b2497399d7a93','mak182182@gmail.com','1d1bc84da2ed491f2338999c4f6657b1',1,1,'2013-03-04 15:32:37','2013-03-10 21:36:28',2,3),(3,'pedro','4297f44b13955235245b2497399d7a93','bebe@gmail.com','554a22e62f137ca9ab6ced16bbb0d3ca',0,1,'2013-03-04 19:43:26','2013-05-03 19:18:19',2,1),(4,'manuel','4297f44b13955235245b2497399d7a93','nene@test.com','7dcd267d4f779404b9dce54a06a99073',0,1,'2013-03-05 18:24:49','2013-04-11 15:56:10',3,1),(5,'raul','4297f44b13955235245b2497399d7a93','raul@test.com','5f01420df6359ae6e3ae5ae17d013a32',0,1,'2013-03-05 19:52:03','2013-05-28 20:53:23',4,1),(6,'nohelia','4297f44b13955235245b2497399d7a93','nohe@test.com','56bc2fd811a19d86be391970db590aba',0,1,'2013-03-08 16:12:43','2013-05-27 15:40:14',NULL,4),(7,'nathaly','4297f44b13955235245b2497399d7a93','kim@test.com','1f170bbc2914e70f4f6caa7699160c63',0,1,'2013-03-08 16:13:50','2013-05-23 16:26:37',NULL,2),(8,'rafael','4297f44b13955235245b2497399d7a93','rafael@etelix.com','63a0f247a57f0868d83b3083df57ac08',0,1,'2013-03-26 18:59:36','2013-05-21 15:56:51',17,1),(9,'helloworld','4297f44b13955235245b2497399d7a93','hola@culturalibre.com.ve','78064a5d82f83aff20088d58e0a89b0d',0,0,'2013-03-27 15:26:50','0000-00-00 00:00:00',NULL,NULL),(10,'socio','4297f44b13955235245b2497399d7a93','socio@test.com','d9e127a515cb5440e10141fc94045af9',0,1,'2013-04-18 22:53:03','2013-04-30 22:32:21',NULL,5);
/*!40000 ALTER TABLE `users` ENABLE KEYS */;
UNLOCK TABLES;

--
-- Dumping events for database 'sinca'
--
/*!50106 SET @save_time_zone= @@TIME_ZONE */ ;
/*!50106 DROP EVENT IF EXISTS `balance_ap_dia` */;
DELIMITER ;;
/*!50003 SET @saved_cs_client      = @@character_set_client */ ;;
/*!50003 SET @saved_cs_results     = @@character_set_results */ ;;
/*!50003 SET @saved_col_connection = @@collation_connection */ ;;
/*!50003 SET character_set_client  = utf8 */ ;;
/*!50003 SET character_set_results = utf8 */ ;;
/*!50003 SET collation_connection  = utf8_general_ci */ ;;
/*!50003 SET @saved_sql_mode       = @@sql_mode */ ;;
/*!50003 SET sql_mode              = '' */ ;;
/*!50003 SET @saved_time_zone      = @@time_zone */ ;;
/*!50003 SET time_zone             = 'SYSTEM' */ ;;
/*!50106 CREATE*/ /*!50117 DEFINER=`manuelz`@`192.168.1.%`*/ /*!50106 EVENT `balance_ap_dia` ON SCHEDULE EVERY 24 HOUR STARTS '2013-05-14 00:30:00' ON COMPLETION NOT PRESERVE ENABLE DO CALL variosbalances() */ ;;
/*!50003 SET time_zone             = @saved_time_zone */ ;;
/*!50003 SET sql_mode              = @saved_sql_mode */ ;;
/*!50003 SET character_set_client  = @saved_cs_client */ ;;
/*!50003 SET character_set_results = @saved_cs_results */ ;;
/*!50003 SET collation_connection  = @saved_col_connection */ ;;
/*!50106 DROP EVENT IF EXISTS `saldo_cierre` */;;
DELIMITER ;;
/*!50003 SET @saved_cs_client      = @@character_set_client */ ;;
/*!50003 SET @saved_cs_results     = @@character_set_results */ ;;
/*!50003 SET @saved_col_connection = @@collation_connection */ ;;
/*!50003 SET character_set_client  = utf8 */ ;;
/*!50003 SET character_set_results = utf8 */ ;;
/*!50003 SET collation_connection  = utf8_general_ci */ ;;
/*!50003 SET @saved_sql_mode       = @@sql_mode */ ;;
/*!50003 SET sql_mode              = '' */ ;;
/*!50003 SET @saved_time_zone      = @@time_zone */ ;;
/*!50003 SET time_zone             = 'SYSTEM' */ ;;
/*!50106 CREATE*/ /*!50117 DEFINER=`manuelz`@`192.168.1.%`*/ /*!50106 EVENT `saldo_cierre` ON SCHEDULE EVERY 24 HOUR STARTS '2013-05-17 22:00:00' ON COMPLETION NOT PRESERVE ENABLE DO CALL multiple() */ ;;
/*!50003 SET time_zone             = @saved_time_zone */ ;;
/*!50003 SET sql_mode              = @saved_sql_mode */ ;;
/*!50003 SET character_set_client  = @saved_cs_client */ ;;
/*!50003 SET character_set_results = @saved_cs_results */ ;;
/*!50003 SET collation_connection  = @saved_col_connection */ ;;
DELIMITER ;
/*!50106 SET TIME_ZONE= @save_time_zone */ ;

--
-- Dumping routines for database 'sinca'
--
/*!50003 DROP FUNCTION IF EXISTS `sumatoriaDifCaptura` */;
/*!50003 SET @saved_cs_client      = @@character_set_client */ ;
/*!50003 SET @saved_cs_results     = @@character_set_results */ ;
/*!50003 SET @saved_col_connection = @@collation_connection */ ;
/*!50003 SET character_set_client  = utf8 */ ;
/*!50003 SET character_set_results = utf8 */ ;
/*!50003 SET collation_connection  = utf8_general_ci */ ;
/*!50003 SET @saved_sql_mode       = @@sql_mode */ ;
/*!50003 SET sql_mode              = '' */ ;
DELIMITER ;;
/*!50003 CREATE*/ /*!50020 DEFINER=`pablo`@`192.168.1.%`*/ /*!50003 FUNCTION `sumatoriaDifCaptura`(FechaFila VARCHAR(10), CABINAID INT, TraficoCapturaActu DECIMAL) RETURNS varchar(30) CHARSET utf8
BEGIN

DECLARE AcumuladoSuma VARCHAR(30);
DECLARE TraficoCaptura VARCHAR(30);

    IF TraficoCapturaActu IS NULL THEN

		SET TraficoCaptura=0;

	END IF;

	IF TraficoCapturaActu IS NOT NULL THEN

		SET TraficoCaptura=TRUNCATE(TraficoCapturaActu,2);

	END IF;

SELECT (
  SUM(b.FijoLocal) 
+ SUM(b.FijoProvincia) 
+ SUM(b.FijoLima) 
+ SUM(b.Rural) 
+ SUM(b.Celular) 
+ SUM(b.LDI) 
- (SUM(b.TraficoCapturaDollar * TRUNCATE(p.Valor,2)) + (TRUNCATE(TraficoCaptura,2) * TRUNCATE(p.Valor,2)))  
) / TRUNCATE(p.Valor,2)
INTO AcumuladoSuma 
FROM balance b, Paridad p
WHERE b.PARIDAD_Id = p.Id and b.Fecha>=CONCAT(YEAR(FechaFila),'-',MONTH(FechaFila),'-','01') AND b.Fecha<=FechaFila 
AND b.CABINA_Id = CABINAID;

RETURN SUBSTRING(AcumuladoSuma,1,LOCATE('.',AcumuladoSuma)+2);

END */;;
DELIMITER ;
/*!50003 SET sql_mode              = @saved_sql_mode */ ;
/*!50003 SET character_set_client  = @saved_cs_client */ ;
/*!50003 SET character_set_results = @saved_cs_results */ ;
/*!50003 SET collation_connection  = @saved_col_connection */ ;
/*!50003 DROP FUNCTION IF EXISTS `sumatoriaDifCapturaNew` */;
/*!50003 SET @saved_cs_client      = @@character_set_client */ ;
/*!50003 SET @saved_cs_results     = @@character_set_results */ ;
/*!50003 SET @saved_col_connection = @@collation_connection */ ;
/*!50003 SET character_set_client  = utf8 */ ;
/*!50003 SET character_set_results = utf8 */ ;
/*!50003 SET collation_connection  = utf8_general_ci */ ;
/*!50003 SET @saved_sql_mode       = @@sql_mode */ ;
/*!50003 SET sql_mode              = '' */ ;
DELIMITER ;;
/*!50003 CREATE*/ /*!50020 DEFINER=`pablo`@`192.168.1.%`*/ /*!50003 FUNCTION `sumatoriaDifCapturaNew`(FechaFila VARCHAR(10), CABINAID INT, TraficoCapturaActu DECIMAL) RETURNS varchar(30) CHARSET utf8
BEGIN

DECLARE AcumuladoSuma 	VARCHAR(30);

IF TraficoCapturaActu IS NOT NULL THEN

	SELECT  (
			SUM( IFNULL(b.FijoLocal,0) )
			+ SUM( IFNULL(b.FijoProvincia,0) )
			+ SUM( IFNULL(b.FijoLima,0) )
			+ SUM( IFNULL(b.Rural,0) )
			+ SUM( IFNULL(b.Celular,0) )
			+ SUM( IFNULL(b.LDI,0) )
			- (
				SUM( IFNULL(b.TraficoCapturaDollar,0) 	        *  IFNULL(TRUNCATE(p.Valor,2),0) )
				+  ( IFNULL(TRUNCATE(TraficoCapturaActu,2),0)   *  IFNULL(TRUNCATE(p.Valor,2),0) )
			)
			) / IFNULL(TRUNCATE(p.Valor,2),0)
			INTO
					AcumuladoSuma
			FROM
					balance b,
					Paridad p
			WHERE
					b.PARIDAD_Id 	=  p.Id
					AND b.Fecha 	>= CONCAT(YEAR(FechaFila),'-0',MONTH(FechaFila),'-','01')
					AND b.Fecha		<= FechaFila
					AND b.CABINA_Id =  CABINAID;

	RETURN TRUNCATE(AcumuladoSuma,2);

END IF;

IF TraficoCapturaActu IS NULL THEN

	RETURN NULL;

END IF;

END */;;
DELIMITER ;
/*!50003 SET sql_mode              = @saved_sql_mode */ ;
/*!50003 SET character_set_client  = @saved_cs_client */ ;
/*!50003 SET character_set_results = @saved_cs_results */ ;
/*!50003 SET collation_connection  = @saved_col_connection */ ;
/*!50003 DROP FUNCTION IF EXISTS `sumatoriaSobranteAcum` */;
/*!50003 SET @saved_cs_client      = @@character_set_client */ ;
/*!50003 SET @saved_cs_results     = @@character_set_results */ ;
/*!50003 SET @saved_col_connection = @@collation_connection */ ;
/*!50003 SET character_set_client  = utf8 */ ;
/*!50003 SET character_set_results = utf8 */ ;
/*!50003 SET collation_connection  = utf8_general_ci */ ;
/*!50003 SET @saved_sql_mode       = @@sql_mode */ ;
/*!50003 SET sql_mode              = '' */ ;
DELIMITER ;;
/*!50003 CREATE*/ /*!50020 DEFINER=`pablo`@`192.168.1.%`*/ /*!50003 FUNCTION `sumatoriaSobranteAcum`(IDBalanceActual VARCHAR(15)) RETURNS varchar(30) CHARSET utf8
BEGIN

	DECLARE SobranteAcum 	VARCHAR(30);
	DECLARE Paridad 		VARCHAR(30);
	DECLARE DifBanco 		VARCHAR(30);
	DECLARE DifClaro 		VARCHAR(30);
	DECLARE DifMovistar 	VARCHAR(30);
	DECLARE DifCaptura 		VARCHAR(30);
	DECLARE DifBrightstar 	VARCHAR(30);
	DECLARE Diferenciales 	VARCHAR(30);


	SELECT 	
			IFNULL(p.Valor,0)
			INTO
					Paridad
			FROM 	
					balance b,
					paridad p 
			WHERE
				b.PARIDAD_Id  = p.Id
				AND b.Id	  = IDBalanceActual;

	SELECT
		 (
			IFNULL(MontoBanco,0) -
			(
				IFNULL(FijoLocal,0)
				+ IFNULL(FijoProvincia,0)
				+ IFNULL(FijoLima,0)
				+ IFNULL(Rural,0)
				+ IFNULL(Celular,0)
				+ IFNULL(LDI,0)
				+ IFNULL(RecargaCelularMov,0)
				+ IFNULL(RecargaFonoYaMov,0)
				+ IFNULL(RecargaCelularClaro,0)
				+ IFNULL(RecargaFonoClaro,0)
				+ IFNULL(OtrosServicios,0)
		    )
		 )	AS 'Diferencial Banco'

		 INTO
				DifBanco 
		 FROM
				balance
		 WHERE
				Id = IDBalanceActual;

	SELECT
		 (
			(
				IFNULL(FijoLocal,0)
				+ IFNULL(FijoProvincia,0)
				+ IFNULL(FijoLima,0)
				+ IFNULL(Rural,0)
				+ IFNULL(Celular,0)
				+ IFNULL(LDI,0)
			)
				- ( IFNULL(TraficoCapturaDollar,0) * IFNULL(Paridad,0) )
		 )	AS 'Diferencial Captura'

		 INTO
				DifCaptura 
		 FROM
				balance
		 WHERE
				Id = IDBalanceActual;

	SELECT
		 (
				IFNULL(RecargaVentasClaro,0)  -
			  ( IFNULL(RecargaCelularClaro,0) + IFNULL(RecargaFonoClaro,0) )
		 )	AS 'Diferencial Claro'

		 INTO
				DifClaro 
		 FROM
				balance
		 WHERE
				Id = IDBalanceActual;

	SELECT
		 (
				IFNULL(RecargaVentasMov,0)  -
			  ( IFNULL(RecargaCelularMov,0) + IFNULL(RecargaFonoYaMov,0) )
		 )	AS 'Diferencial Movistar'

		 INTO
				DifMovistar 
		 FROM
				balance
		 WHERE
		   Id = IDBalanceActual;


	SET DifBrightstar = (DifClaro + DifMovistar);

	SET Diferenciales = (DifBanco + DifCaptura + DifBrightstar);

	SET SobranteAcum  = (Diferenciales/IFNULL(Paridad,0));

	RETURN TRUNCATE(SobranteAcum,2);


END */;;
DELIMITER ;
/*!50003 SET sql_mode              = @saved_sql_mode */ ;
/*!50003 SET character_set_client  = @saved_cs_client */ ;
/*!50003 SET character_set_results = @saved_cs_results */ ;
/*!50003 SET collation_connection  = @saved_col_connection */ ;
/*!50003 DROP PROCEDURE IF EXISTS `corrige` */;
/*!50003 SET @saved_cs_client      = @@character_set_client */ ;
/*!50003 SET @saved_cs_results     = @@character_set_results */ ;
/*!50003 SET @saved_col_connection = @@collation_connection */ ;
/*!50003 SET character_set_client  = utf8 */ ;
/*!50003 SET character_set_results = utf8 */ ;
/*!50003 SET collation_connection  = utf8_general_ci */ ;
/*!50003 SET @saved_sql_mode       = @@sql_mode */ ;
/*!50003 SET sql_mode              = '' */ ;
DELIMITER ;;
/*!50003 CREATE*/ /*!50020 DEFINER=`manuelz`@`192.168.1.%`*/ /*!50003 PROCEDURE `corrige`()
BEGIN
DECLARE cierre FLOAT;
DECLARE com, reg INT;
DECLARE done INT Default 0;
DECLARE cur CURSOR FOR SELECT Id FROM pabrightstar WHERE Fecha='2013-05-17';
DECLARE CONTINUE HANDLER FOR SQLSTATE '02000' SET done = 1;
OPEN cur;
REPEAT
	FETCH cur INTO reg;
		IF NOT done THEN
			START TRANSACTION;
				SELECT Compania INTO com FROM pabrightstar WHERE Id=reg;
				SELECT SaldoAperturaPA+(SELECT IFNULL(TransferenciaPA+ComisionPA,0) FROM pabrightstar WHERE Id=reg)-(SELECT IFNULL(SUM(MontoRecarga),0) FROM recargas WHERE PABRIGHTSTAR_Id=reg AND FechaHora LIKE '2013-05-17') INTO cierre FROM pabrightstar WHERE Id=reg;
				UPDATE pabrightstar SET SaldoCierrePA=cierre WHERE Id=reg;
				INSERT INTO pabrightstar(Compania, SaldoAperturaPA, Fecha) VALUES(com, cierre, '2013-05-17' + INTERVAL 1 DAY);
		END IF;
UNTIL done END REPEAT;
CLOSE cur;
END */;;
DELIMITER ;
/*!50003 SET sql_mode              = @saved_sql_mode */ ;
/*!50003 SET character_set_client  = @saved_cs_client */ ;
/*!50003 SET character_set_results = @saved_cs_results */ ;
/*!50003 SET collation_connection  = @saved_col_connection */ ;
/*!50003 DROP PROCEDURE IF EXISTS `multiple` */;
/*!50003 SET @saved_cs_client      = @@character_set_client */ ;
/*!50003 SET @saved_cs_results     = @@character_set_results */ ;
/*!50003 SET @saved_col_connection = @@collation_connection */ ;
/*!50003 SET character_set_client  = utf8 */ ;
/*!50003 SET character_set_results = utf8 */ ;
/*!50003 SET collation_connection  = utf8_general_ci */ ;
/*!50003 SET @saved_sql_mode       = @@sql_mode */ ;
/*!50003 SET sql_mode              = '' */ ;
DELIMITER ;;
/*!50003 CREATE*/ /*!50020 DEFINER=`manuelz`@`192.168.1.%`*/ /*!50003 PROCEDURE `multiple`()
BEGIN
DECLARE cierre FLOAT;
DECLARE com, reg INT;
DECLARE done INT Default 0;
DECLARE cur CURSOR FOR SELECT Id FROM pabrightstar WHERE Fecha=CURDATE();
DECLARE CONTINUE HANDLER FOR SQLSTATE '02000' SET done = 1;
OPEN cur;
REPEAT
	FETCH cur INTO reg;
		IF NOT done THEN
			START TRANSACTION;
				SELECT Compania INTO com FROM pabrightstar WHERE Id=reg;
				SELECT SaldoAperturaPA+(SELECT IFNULL(TransferenciaPA+ComisionPA,0) FROM pabrightstar WHERE Id=reg)-(SELECT IFNULL(SUM(MontoRecarga),0) FROM recargas WHERE PABRIGHTSTAR_Id=reg AND FechaHora LIKE CURDATE()) INTO cierre FROM pabrightstar WHERE Id=reg;
				UPDATE pabrightstar SET SaldoCierrePA=cierre WHERE Id=reg;
				INSERT INTO pabrightstar(Compania, SaldoAperturaPA, Fecha) VALUES(com, cierre, CURDATE() + INTERVAL 1 DAY);
		END IF;
UNTIL done END REPEAT;
CLOSE cur;
END */;;
DELIMITER ;
/*!50003 SET sql_mode              = @saved_sql_mode */ ;
/*!50003 SET character_set_client  = @saved_cs_client */ ;
/*!50003 SET character_set_results = @saved_cs_results */ ;
/*!50003 SET collation_connection  = @saved_col_connection */ ;
/*!50003 DROP PROCEDURE IF EXISTS `sumatoriaDifCaptura` */;
/*!50003 SET @saved_cs_client      = @@character_set_client */ ;
/*!50003 SET @saved_cs_results     = @@character_set_results */ ;
/*!50003 SET @saved_col_connection = @@collation_connection */ ;
/*!50003 SET character_set_client  = utf8 */ ;
/*!50003 SET character_set_results = utf8 */ ;
/*!50003 SET collation_connection  = utf8_general_ci */ ;
/*!50003 SET @saved_sql_mode       = @@sql_mode */ ;
/*!50003 SET sql_mode              = '' */ ;
DELIMITER ;;
/*!50003 CREATE*/ /*!50020 DEFINER=`pablo`@`192.168.1.%`*/ /*!50003 PROCEDURE `sumatoriaDifCaptura`(IN FechaFila VARCHAR(10),IN ParidadID INT)
BEGIN

DECLARE Paridad VARCHAR(20);
DECLARE AcumuladoSuma VARCHAR(30);

SELECT TRUNCATE(Valor,2) INTO Paridad FROM paridad WHERE Id=ParidadID;

SELECT (
  SUM(FijoLocal) 
+ SUM(FijoProvincia) 
+ SUM(FijoLima) 
+ SUM(Rural) 
+ SUM(Celular) 
+ SUM(LDI) 
- SUM(TraficoCapturaDollar * Paridad) 
) / Paridad
INTO AcumuladoSuma FROM balance 

WHERE Fecha>=CONCAT(YEAR(curdate()),'-',MONTH(curdate()),'-','01') AND Fecha<=FechaFila;

UPDATE balance SET Acumulado=SUBSTRING(AcumuladoSuma,1,LOCATE('.',AcumuladoSuma)+2) WHERE Fecha=FechaFila;

END */;;
DELIMITER ;
/*!50003 SET sql_mode              = @saved_sql_mode */ ;
/*!50003 SET character_set_client  = @saved_cs_client */ ;
/*!50003 SET character_set_results = @saved_cs_results */ ;
/*!50003 SET collation_connection  = @saved_col_connection */ ;
/*!50003 DROP PROCEDURE IF EXISTS `temp` */;
/*!50003 SET @saved_cs_client      = @@character_set_client */ ;
/*!50003 SET @saved_cs_results     = @@character_set_results */ ;
/*!50003 SET @saved_col_connection = @@collation_connection */ ;
/*!50003 SET character_set_client  = utf8 */ ;
/*!50003 SET character_set_results = utf8 */ ;
/*!50003 SET collation_connection  = utf8_general_ci */ ;
/*!50003 SET @saved_sql_mode       = @@sql_mode */ ;
/*!50003 SET sql_mode              = '' */ ;
DELIMITER ;;
/*!50003 CREATE*/ /*!50020 DEFINER=`manuelz`@`192.168.1.%`*/ /*!50003 PROCEDURE `temp`()
BEGIN
DECLARE cierre FLOAT;
DECLARE num, com, reg INT;
DECLARE cam INT Default 0;
DECLARE cur CURSOR FOR SELECT Id FROM pabrightstar WHERE Fecha='2013-05-09';
SELECT COUNT(Id) INTO num FROM pabrightstar WHERE Fecha='2013-05-09';
OPEN cur;
WHILE cam < num DO
	SET cam = cam + 1;
	FETCH cur INTO reg;
	START TRANSACTION;
		SELECT Compania INTO com FROM pabrightstar WHERE Id=reg;
		SELECT SaldoAperturaPA+(SELECT IFNULL(TransferenciaPA+ComisionPA,0) FROM pabrightstar WHERE Id=reg)-(SELECT IFNULL(SUM(MontoRecarga),0) FROM recargas WHERE PABRIGHTSTAR_Id=reg AND FechaHora LIKE CURDATE()) INTO cierre FROM pabrightstar WHERE Id=reg;
		UPDATE pabrightstar SET SaldoCierrePA=cierre WHERE Id=reg;
		INSERT INTO pabrightstar(Compania, SaldoAperturaPA, Fecha) VALUES(com, cierre, '2013-05-09' + INTERVAL 1 DAY);
END WHILE;
CLOSE cur;
END */;;
DELIMITER ;
/*!50003 SET sql_mode              = @saved_sql_mode */ ;
/*!50003 SET character_set_client  = @saved_cs_client */ ;
/*!50003 SET character_set_results = @saved_cs_results */ ;
/*!50003 SET collation_connection  = @saved_col_connection */ ;
/*!50003 DROP PROCEDURE IF EXISTS `variosbalances` */;
/*!50003 SET @saved_cs_client      = @@character_set_client */ ;
/*!50003 SET @saved_cs_results     = @@character_set_results */ ;
/*!50003 SET @saved_col_connection = @@collation_connection */ ;
/*!50003 SET character_set_client  = utf8 */ ;
/*!50003 SET character_set_results = utf8 */ ;
/*!50003 SET collation_connection  = utf8_general_ci */ ;
/*!50003 SET @saved_sql_mode       = @@sql_mode */ ;
/*!50003 SET sql_mode              = '' */ ;
DELIMITER ;;
/*!50003 CREATE*/ /*!50020 DEFINER=`manuelz`@`192.168.1.%`*/ /*!50003 PROCEDURE `variosbalances`()
BEGIN
DECLARE reg, num, ultimo INT;
DECLARE done INT Default 0;
DECLARE cur CURSOR FOR SELECT Id FROM cabina WHERE status=1 LIMIT 0,1000;
DECLARE CONTINUE HANDLER FOR SQLSTATE '02000' SET done = 1;
OPEN cur;
REPEAT
	FETCH cur INTO reg;
		IF NOT done THEN
			START TRANSACTION;
				INSERT INTO balance(Fecha, SaldoApMov, SaldoApClaro, CABINA_Id) VALUES(CURDATE(), -1, -1, reg);
		END IF;
UNTIL done END REPEAT;
END */;;
DELIMITER ;
/*!50003 SET sql_mode              = @saved_sql_mode */ ;
/*!50003 SET character_set_client  = @saved_cs_client */ ;
/*!50003 SET character_set_results = @saved_cs_results */ ;
/*!50003 SET collation_connection  = @saved_col_connection */ ;

--
-- Final view structure for view `cabina_idconcat_nombre`
--

/*!50001 DROP TABLE IF EXISTS `cabina_idconcat_nombre`*/;
/*!50001 DROP VIEW IF EXISTS `cabina_idconcat_nombre`*/;
/*!50001 SET @saved_cs_client          = @@character_set_client */;
/*!50001 SET @saved_cs_results         = @@character_set_results */;
/*!50001 SET @saved_col_connection     = @@collation_connection */;
/*!50001 SET character_set_client      = utf8 */;
/*!50001 SET character_set_results     = utf8 */;
/*!50001 SET collation_connection      = utf8_general_ci */;
/*!50001 CREATE ALGORITHM=UNDEFINED */
/*!50013 DEFINER=`pablo`@`192.168.1.%` SQL SECURITY DEFINER */
/*!50001 VIEW `cabina_idconcat_nombre` AS select concat('/^',`cabina`.`Id`,'$/') AS `Id`,`cabina`.`Nombre` AS `Nombre` from `cabina` */;
/*!50001 SET character_set_client      = @saved_cs_client */;
/*!50001 SET character_set_results     = @saved_cs_results */;
/*!50001 SET collation_connection      = @saved_col_connection */;

--
-- Final view structure for view `cabina_usuario`
--

/*!50001 DROP TABLE IF EXISTS `cabina_usuario`*/;
/*!50001 DROP VIEW IF EXISTS `cabina_usuario`*/;
/*!50001 SET @saved_cs_client          = @@character_set_client */;
/*!50001 SET @saved_cs_results         = @@character_set_results */;
/*!50001 SET @saved_col_connection     = @@collation_connection */;
/*!50001 SET character_set_client      = utf8 */;
/*!50001 SET character_set_results     = utf8 */;
/*!50001 SET collation_connection      = utf8_general_ci */;
/*!50001 CREATE ALGORITHM=UNDEFINED */
/*!50013 DEFINER=`pablo`@`192.168.1.219` SQL SECURITY DEFINER */
/*!50001 VIEW `cabina_usuario` AS (select `cabina`.`Nombre` AS `cabina`,`users`.`username` AS `usuario` from (`cabina` join `users`) where (`cabina`.`Id` = `users`.`CABINA_Id`)) */;
/*!50001 SET character_set_client      = @saved_cs_client */;
/*!50001 SET character_set_results     = @saved_cs_results */;
/*!50001 SET collation_connection      = @saved_col_connection */;

--
-- Final view structure for view `cicloingresos`
--

/*!50001 DROP TABLE IF EXISTS `cicloingresos`*/;
/*!50001 DROP VIEW IF EXISTS `cicloingresos`*/;
/*!50001 SET @saved_cs_client          = @@character_set_client */;
/*!50001 SET @saved_cs_results         = @@character_set_results */;
/*!50001 SET @saved_col_connection     = @@collation_connection */;
/*!50001 SET character_set_client      = utf8 */;
/*!50001 SET character_set_results     = utf8 */;
/*!50001 SET collation_connection      = utf8_general_ci */;
/*!50001 CREATE ALGORITHM=UNDEFINED */
/*!50013 DEFINER=`pablo`@`192.168.1.%` SQL SECURITY DEFINER */
/*!50001 VIEW `cicloingresos` AS select `b`.`Fecha` AS `Inicio del Balance`,'Todas las Cabinas' AS `Nombre de Cabina`,truncate(sum(((((((((((ifnull(`b`.`FijoLocal`,0) + ifnull(`b`.`FijoProvincia`,0)) + ifnull(`b`.`FijoLima`,0)) + ifnull(`b`.`Rural`,0)) + ifnull(`b`.`Celular`,0)) + ifnull(`b`.`LDI`,0)) + ifnull(`b`.`RecargaCelularMov`,0)) + ifnull(`b`.`RecargaFonoYaMov`,0)) + ifnull(`b`.`RecargaCelularClaro`,0)) + ifnull(`b`.`RecargaFonoClaro`,0)) + ifnull(`b`.`OtrosServicios`,0))),2) AS `Total Ventas (S/.)`,truncate(sum((ifnull(`b`.`MontoBanco`,0) - ((((((((((ifnull(`b`.`FijoLocal`,0) + ifnull(`b`.`FijoProvincia`,0)) + ifnull(`b`.`FijoLima`,0)) + ifnull(`b`.`Rural`,0)) + ifnull(`b`.`Celular`,0)) + ifnull(`b`.`LDI`,0)) + ifnull(`b`.`RecargaCelularMov`,0)) + ifnull(`b`.`RecargaFonoYaMov`,0)) + ifnull(`b`.`RecargaCelularClaro`,0)) + ifnull(`b`.`RecargaFonoClaro`,0)) + ifnull(`b`.`OtrosServicios`,0)))),2) AS `Diferencial Bancario (S/.)`,truncate(sum((ifnull(`b`.`MontoBanco`,0) - ifnull(`b`.`MontoDeposito`,0))),2) AS `Conciliacion Bancaria (S/.)`,truncate(sum((ifnull(`b`.`RecargaVentasMov`,0) - (ifnull(`b`.`RecargaCelularMov`,0) + ifnull(`b`.`RecargaFonoYaMov`,0)))),2) AS `Diferencial Brightstar Movistar (S/.)`,truncate(sum((ifnull(`b`.`RecargaVentasClaro`,0) - (ifnull(`b`.`RecargaCelularClaro`,0) + ifnull(`b`.`RecargaFonoClaro`,0)))),2) AS `Diferencial Brightstar Claro (S/.)`,truncate(ifnull(`p`.`Valor`,0),2) AS `Ultima Paridad Cambiaria (S/.|$)`,truncate(sum(((((((ifnull(`b`.`FijoLocal`,0) + ifnull(`b`.`FijoProvincia`,0)) + ifnull(`b`.`FijoLima`,0)) + ifnull(`b`.`Rural`,0)) + ifnull(`b`.`Celular`,0)) + ifnull(`b`.`LDI`,0)) - (ifnull(`b`.`TraficoCapturaDollar`,0) * ifnull(`p`.`Valor`,0)))),2) AS `Diferencial Captura Soles (S/.)`,truncate(sum((((((((ifnull(`b`.`FijoLocal`,0) + ifnull(`b`.`FijoProvincia`,0)) + ifnull(`b`.`FijoLima`,0)) + ifnull(`b`.`Rural`,0)) + ifnull(`b`.`Celular`,0)) + ifnull(`b`.`LDI`,0)) - (ifnull(`b`.`TraficoCapturaDollar`,0) * ifnull(`p`.`Valor`,0))) / ifnull(`p`.`Valor`,0))),2) AS `Diferencial Captura Dollar (USD $)` from (`balance` `b` join `paridad` `p` on((`b`.`PARIDAD_Id` = `p`.`Id`))) where ((`b`.`Fecha` >= concat(year(curdate()),'-0',month(curdate()),'-','01')) and (`b`.`Fecha` <= concat(year(curdate()),'-0',month(curdate()),'-',(dayofmonth(curdate()) - 1))) and (`b`.`CABINA_Id` not in (2,11,18))) group by `b`.`Fecha` order by `b`.`Fecha` */;
/*!50001 SET character_set_client      = @saved_cs_client */;
/*!50001 SET character_set_results     = @saved_cs_results */;
/*!50001 SET collation_connection      = @saved_col_connection */;
/*!40103 SET TIME_ZONE=@OLD_TIME_ZONE */;

/*!40101 SET SQL_MODE=@OLD_SQL_MODE */;
/*!40014 SET FOREIGN_KEY_CHECKS=@OLD_FOREIGN_KEY_CHECKS */;
/*!40014 SET UNIQUE_CHECKS=@OLD_UNIQUE_CHECKS */;
/*!40101 SET CHARACTER_SET_CLIENT=@OLD_CHARACTER_SET_CLIENT */;
/*!40101 SET CHARACTER_SET_RESULTS=@OLD_CHARACTER_SET_RESULTS */;
/*!40101 SET COLLATION_CONNECTION=@OLD_COLLATION_CONNECTION */;
/*!40111 SET SQL_NOTES=@OLD_SQL_NOTES */;

-- Dump completed on 2013-05-28 19:21:30
